nohup: ignoring input

########################################################################################
   DEEPSUPPORT PYTORCH CAUSAL LXC BATCH RUNNER
   CPU-Kerne: 8 | PyTorch-Threads: 7
   Rechendevice: cpu
   Szenarien (6): ['S01_baseline', 'S02_supp_half', 'S03_supp_double', 'S07_noise_half', 'S08_noise_double', 'S11_rct_calibrated']
   Modi (4): ['inside_view', 'realistic', 'gradeblind_oracle', 'blind']
########################################################################################

========================================================================================
>>> [LXC CAUSAL EXECUTION] Szenario: S01_baseline | Universum: universe_A
    Pfad: data_v4_grid/S01_baseline/universe_A
    Modus: inside_view | Temporal: prev
========================================================================================
[GROUND TRUTH] A-B Kontrast: True ARR = +7.95 pp | True RR = 0.7858 | NNT = 12.6

>>> [SCHRITT 1/3] PyTorch Double Machine Learning (DML) ...

==============================================================================
   PYTORCH DOUBLE MACHINE LEARNING (DML) SURVIVAL ESTIMATION
   Modus: inside_view | Temporal: prev | Device: cpu
==============================================================================
Panel: 345133 Zeilen | 50000 Studierende
Confounder (11): ['hzb_note', 'stg_BWL', 'stg_Maschinenbau', 'stg_Psychologie', 'stg_Soziale_Arbeit', 'erwerbstaetigkeit_std', 'hidden_motivation_prev', 'hidden_soziale_integration_prev', 'hidden_erwartete_note_prev', 'hidden_overload_prev', 'hidden_zeit_puffer_static']
Treatments (3): ['fach_supp_count', 'uebf_supp_count', 'psych_supp_count']

[Stufe 1] 5-Fold Cross-Fitting der Nuisance-Modelle auf Trainingskohorte ...

[Stufe 2a] Analytischer Robinson DML ATE-Schätzer (Neyman-Orthogonal) ...
  • FACH          : ATE = +0.00252 | Asym-SE = 0.00131 | 95% CI: [-0.00005, +0.00509]
  • UEBF          : ATE = +0.00014 | Asym-SE = 0.00073 | 95% CI: [-0.00128, +0.00157]
  • PSYCH         : ATE = -0.00030 | Asym-SE = 0.00063 | 95% CI: [-0.00153, +0.00093]

[Stufe 2b] Trainiere Neuronales DML-Hazard-Netzwerk auf [W, A_tilde] ...

[Stufe 3] Kausale Counterfactual-Inferenz auf Testkohorte ...
  • FACH          : HR = 0.9771 | Isolated RR = 0.9771 | ATE = -0.0009
  • UEBF          : HR = 0.8910 | Isolated RR = 0.8910 | ATE = -0.0043
  • PSYCH         : HR = 0.9467 | Isolated RR = 0.9467 | ATE = -0.0021

[Stufe 3b] Berechne 100-Fold Student-Cluster Bootstrap für empirische CIs ...
[INFO] Metriken gespeichert: output_LXC_causal/S01_baseline/universe_A/inside_view/metrics/torch_dml_orthogonal_survival_inside_view_prev_metrics.json

======================================================================
  CausalEvaluator -- torch_dml_orthogonal_survival [inside_view/prev]
======================================================================
  hr_fach                            : HR=0.9771  (RR-Senkung: 2.3%)  Boot-95%-CI=[0.972, 0.982]
  hr_uebf                            : HR=0.8910  (RR-Senkung: 10.9%)  Boot-95%-CI=[0.889, 0.893]
  hr_psych                           : HR=0.9467  (RR-Senkung: 5.3%)  Boot-95%-CI=[0.946, 0.948]
  Training Time                      : 849.08s
======================================================================

[INFO] PyTorch DML Modell gespeichert: output_LXC_causal/S01_baseline/universe_A/inside_view/models

>>> [SCHRITT 2/3] PyTorch Marginal Structural Models (MSM) ...

==============================================================================
   PYTORCH MARGINAL STRUCTURAL MODELS (MSM / IPTW)
   Modus: inside_view | Temporal: prev | Device: cpu
==============================================================================

--- Berechne MSM für Maßnahme: FACHLICH (support_glz_fachlich) ---
  • IPTW-Diagnostik: Mean = 1.0003 (Ideal=1.0) | Std = 0.1340 | Range = [0.572, 1.566]
  • Kausale Hazard Ratio: HR = 0.8313 | 95% CI: [0.7771, 0.8894] | Risikoreduktion: +16.87%

--- Berechne MSM für Maßnahme: UEBERFACHLICH (support_glz_ueberfachlich) ---
  • IPTW-Diagnostik: Mean = 0.9925 (Ideal=1.0) | Std = 0.1966 | Range = [0.464, 1.934]
  • Kausale Hazard Ratio: HR = 0.9176 | 95% CI: [0.8524, 0.9879] | Risikoreduktion: +8.24%

--- Berechne MSM für Maßnahme: PSYCHOSOZIAL (support_glz_psychosozial) ---
  • IPTW-Diagnostik: Mean = 1.0021 (Ideal=1.0) | Std = 0.0753 | Range = [0.742, 1.312]
  • Kausale Hazard Ratio: HR = 0.7303 | 95% CI: [0.6713, 0.7945] | Risikoreduktion: +26.97%

--- Berechne MSM für Maßnahme: ALL_SUPPORT (total_support_active) ---
  • IPTW-Diagnostik: Mean = 0.9971 (Ideal=1.0) | Std = 0.1985 | Range = [0.489, 1.796]
  • Kausale Hazard Ratio: HR = 0.8002 | 95% CI: [0.7645, 0.8376] | Risikoreduktion: +19.98%
[INFO] Metriken gespeichert: output_LXC_causal/S01_baseline/universe_A/inside_view/metrics/torch_marginal_structural_model_inside_view_prev_metrics.json

======================================================================
  CausalEvaluator -- torch_marginal_structural_model [inside_view/prev]
======================================================================
  hr_fachlich                        : HR=0.8313  (RR-Senkung: 16.9%)  Asym-95%-CI=[0.777, 0.889]
  hr_ueberfachlich                   : HR=0.9176  (RR-Senkung: 8.2%)  Asym-95%-CI=[0.852, 0.988]
  hr_psychosozial                    : HR=0.7303  (RR-Senkung: 27.0%)  Asym-95%-CI=[0.671, 0.795]
  hr_all_support                     : HR=0.8002  (RR-Senkung: 20.0%)  Asym-95%-CI=[0.764, 0.838]
  Training Time                      : 545.12s
======================================================================


>>> [SCHRITT 3/3] PyTorch G-Computation / Counterfactual Simulation ...

==============================================================================
   PYTORCH G-COMPUTATION & COUNTERFACTUAL COHORT SIMULATION
   Modus: inside_view | Temporal: prev | Device: cpu
==============================================================================

[Schritt 1] Trainiere Übergangshazard-Modell h(t | X, A) ...

[Schritt 2] Simuliere kontrafaktische Kohorten unter do(A=0) und do(A=1) ...

==============================================================================
   G-COMPUTATION ESTIMATION RESULTS (TEST-SET)
==============================================================================
  • Kontrafaktisches Risiko do(A=0) [No Support]  : 19.77 %
  • Kontrafaktisches Risiko do(A=1) [Full Support]: 15.74 %
  • Kausale Absolute Risk Reduction (ARR)         : +4.02 pp
  • Kausales Relative Risk (RR)                   : 0.7964 (Risikoreduktion: 20.36%)
  • Number Needed to Treat (NNT)                  : 24.8 Studierende
==============================================================================

[Schritt 3] 100-Fold Student-Cluster Bootstrap für ARR / RR Konfidenzintervalle ...
  • 95% Bootstrap CI (Relative Risk RR): [0.7928, 0.8000]
  • 95% Bootstrap CI (ARR):             [+3.92 pp, +4.15 pp]
[INFO] Metriken gespeichert: output_LXC_causal/S01_baseline/universe_A/inside_view/metrics/torch_gcomputation_simulation_inside_view_prev_metrics.json

======================================================================
  CausalEvaluator -- torch_gcomputation_simulation [inside_view/prev]
======================================================================
  gcomputation_rr_full_support       : HR=0.7964  (RR-Senkung: 20.4%)  Boot-95%-CI=[0.793, 0.800]
  gcomputation_arr_full_support      : HR=0.0402  (RR-Senkung: 96.0%)  Asym-95%-CI=[0.040, 0.040]
  Training Time                      : 125.58s
======================================================================


========================================================================================
>>> [LXC CAUSAL EXECUTION] Szenario: S01_baseline | Universum: universe_A
    Pfad: data_v4_grid/S01_baseline/universe_A
    Modus: realistic | Temporal: prev
========================================================================================
[GROUND TRUTH] A-B Kontrast: True ARR = +7.95 pp | True RR = 0.7858 | NNT = 12.6

>>> [SCHRITT 1/3] PyTorch Double Machine Learning (DML) ...

==============================================================================
   PYTORCH DOUBLE MACHINE LEARNING (DML) SURVIVAL ESTIMATION
   Modus: realistic | Temporal: prev | Device: cpu
==============================================================================
Panel: 345133 Zeilen | 50000 Studierende
Confounder (10): ['hzb_note', 'hzb_typ_ord', 'stg_BWL', 'stg_Maschinenbau', 'stg_Psychologie', 'stg_Soziale_Arbeit', 'fails_prev', 'delta_cp_prev', 'cp_rueckstand', 'gpa_prev']
Treatments (2): ['fach_supp_count', 'uebf_supp_count']

[Stufe 1] 5-Fold Cross-Fitting der Nuisance-Modelle auf Trainingskohorte ...

[Stufe 2a] Analytischer Robinson DML ATE-Schätzer (Neyman-Orthogonal) ...
  • FACH          : ATE = +0.00146 | Asym-SE = 0.00133 | 95% CI: [-0.00115, +0.00407]
  • UEBF          : ATE = +0.00062 | Asym-SE = 0.00073 | 95% CI: [-0.00082, +0.00205]

[Stufe 2b] Trainiere Neuronales DML-Hazard-Netzwerk auf [W, A_tilde] ...

[Stufe 3] Kausale Counterfactual-Inferenz auf Testkohorte ...
  • FACH          : HR = 0.9024 | Isolated RR = 0.9024 | ATE = -0.0040
  • UEBF          : HR = 0.9206 | Isolated RR = 0.9206 | ATE = -0.0033

[Stufe 3b] Berechne 100-Fold Student-Cluster Bootstrap für empirische CIs ...
[INFO] Metriken gespeichert: output_LXC_causal/S01_baseline/universe_A/realistic/metrics/torch_dml_orthogonal_survival_realistic_prev_metrics.json

======================================================================
  CausalEvaluator -- torch_dml_orthogonal_survival [realistic/prev]
======================================================================
  hr_fach                            : HR=0.9024  (RR-Senkung: 9.8%)  Boot-95%-CI=[0.898, 0.906]
  hr_uebf                            : HR=0.9206  (RR-Senkung: 7.9%)  Boot-95%-CI=[0.918, 0.924]
  Training Time                      : 670.63s
======================================================================

[INFO] PyTorch DML Modell gespeichert: output_LXC_causal/S01_baseline/universe_A/realistic/models

>>> [SCHRITT 2/3] PyTorch Marginal Structural Models (MSM) ...

==============================================================================
   PYTORCH MARGINAL STRUCTURAL MODELS (MSM / IPTW)
   Modus: realistic | Temporal: prev | Device: cpu
==============================================================================

--- Berechne MSM für Maßnahme: FACHLICH (support_glz_fachlich) ---
  • IPTW-Diagnostik: Mean = 1.0003 (Ideal=1.0) | Std = 0.1340 | Range = [0.572, 1.566]
  • Kausale Hazard Ratio: HR = 0.8313 | 95% CI: [0.7771, 0.8894] | Risikoreduktion: +16.87%

--- Berechne MSM für Maßnahme: UEBERFACHLICH (support_glz_ueberfachlich) ---
  • IPTW-Diagnostik: Mean = 0.9925 (Ideal=1.0) | Std = 0.1966 | Range = [0.464, 1.934]
  • Kausale Hazard Ratio: HR = 0.9176 | 95% CI: [0.8524, 0.9879] | Risikoreduktion: +8.24%

--- Berechne MSM für Maßnahme: PSYCHOSOZIAL (support_glz_psychosozial) ---
  • IPTW-Diagnostik: Mean = 1.0021 (Ideal=1.0) | Std = 0.0753 | Range = [0.742, 1.312]
  • Kausale Hazard Ratio: HR = 0.7303 | 95% CI: [0.6713, 0.7945] | Risikoreduktion: +26.97%

--- Berechne MSM für Maßnahme: ALL_SUPPORT (total_support_active) ---
  • IPTW-Diagnostik: Mean = 0.9971 (Ideal=1.0) | Std = 0.1985 | Range = [0.489, 1.796]
  • Kausale Hazard Ratio: HR = 0.8002 | 95% CI: [0.7645, 0.8376] | Risikoreduktion: +19.98%
[INFO] Metriken gespeichert: output_LXC_causal/S01_baseline/universe_A/realistic/metrics/torch_marginal_structural_model_realistic_prev_metrics.json

======================================================================
  CausalEvaluator -- torch_marginal_structural_model [realistic/prev]
======================================================================
  hr_fachlich                        : HR=0.8313  (RR-Senkung: 16.9%)  Asym-95%-CI=[0.777, 0.889]
  hr_ueberfachlich                   : HR=0.9176  (RR-Senkung: 8.2%)  Asym-95%-CI=[0.852, 0.988]
  hr_psychosozial                    : HR=0.7303  (RR-Senkung: 27.0%)  Asym-95%-CI=[0.671, 0.795]
  hr_all_support                     : HR=0.8002  (RR-Senkung: 20.0%)  Asym-95%-CI=[0.764, 0.838]
  Training Time                      : 543.28s
======================================================================


>>> [SCHRITT 3/3] PyTorch G-Computation / Counterfactual Simulation ...

==============================================================================
   PYTORCH G-COMPUTATION & COUNTERFACTUAL COHORT SIMULATION
   Modus: realistic | Temporal: prev | Device: cpu
==============================================================================

[Schritt 1] Trainiere Übergangshazard-Modell h(t | X, A) ...

[Schritt 2] Simuliere kontrafaktische Kohorten unter do(A=0) und do(A=1) ...

==============================================================================
   G-COMPUTATION ESTIMATION RESULTS (TEST-SET)
==============================================================================
  • Kontrafaktisches Risiko do(A=0) [No Support]  : 24.37 %
  • Kontrafaktisches Risiko do(A=1) [Full Support]: 19.73 %
  • Kausale Absolute Risk Reduction (ARR)         : +4.64 pp
  • Kausales Relative Risk (RR)                   : 0.8094 (Risikoreduktion: 19.06%)
  • Number Needed to Treat (NNT)                  : 21.5 Studierende
==============================================================================

[Schritt 3] 100-Fold Student-Cluster Bootstrap für ARR / RR Konfidenzintervalle ...
  • 95% Bootstrap CI (Relative Risk RR): [0.8063, 0.8129]
  • 95% Bootstrap CI (ARR):             [+4.54 pp, +4.79 pp]
[INFO] Metriken gespeichert: output_LXC_causal/S01_baseline/universe_A/realistic/metrics/torch_gcomputation_simulation_realistic_prev_metrics.json

======================================================================
  CausalEvaluator -- torch_gcomputation_simulation [realistic/prev]
======================================================================
  gcomputation_rr_full_support       : HR=0.8094  (RR-Senkung: 19.1%)  Boot-95%-CI=[0.806, 0.813]
  gcomputation_arr_full_support      : HR=0.0464  (RR-Senkung: 95.4%)  Asym-95%-CI=[0.046, 0.046]
  Training Time                      : 124.79s
======================================================================


========================================================================================
>>> [LXC CAUSAL EXECUTION] Szenario: S01_baseline | Universum: universe_A
    Pfad: data_v4_grid/S01_baseline/universe_A
    Modus: gradeblind_oracle | Temporal: prev
========================================================================================
[GROUND TRUTH] A-B Kontrast: True ARR = +7.95 pp | True RR = 0.7858 | NNT = 12.6

>>> [SCHRITT 1/3] PyTorch Double Machine Learning (DML) ...

==============================================================================
   PYTORCH DOUBLE MACHINE LEARNING (DML) SURVIVAL ESTIMATION
   Modus: gradeblind_oracle | Temporal: prev | Device: cpu
==============================================================================
Panel: 345133 Zeilen | 50000 Studierende
Confounder (17): ['hzb_note', 'hzb_typ_ord', 'stg_BWL', 'stg_Maschinenbau', 'stg_Psychologie', 'stg_Soziale_Arbeit', 'migrationshintergrund', 'erstakademiker', 'erwerbstaetigkeit_std', 'fails_prev', 'delta_cp_prev', 'cp_rueckstand', 'hidden_motivation_prev', 'hidden_soziale_integration_prev', 'hidden_erwartete_note_prev', 'hidden_overload_prev', 'hidden_zeit_puffer_static']
Treatments (3): ['fach_supp_count', 'uebf_supp_count', 'psych_supp_count']

[Stufe 1] 5-Fold Cross-Fitting der Nuisance-Modelle auf Trainingskohorte ...

[Stufe 2a] Analytischer Robinson DML ATE-Schätzer (Neyman-Orthogonal) ...
  • FACH          : ATE = +0.00212 | Asym-SE = 0.00131 | 95% CI: [-0.00045, +0.00469]
  • UEBF          : ATE = -0.00091 | Asym-SE = 0.00073 | 95% CI: [-0.00234, +0.00052]
  • PSYCH         : ATE = -0.00072 | Asym-SE = 0.00065 | 95% CI: [-0.00198, +0.00055]

[Stufe 2b] Trainiere Neuronales DML-Hazard-Netzwerk auf [W, A_tilde] ...

[Stufe 3] Kausale Counterfactual-Inferenz auf Testkohorte ...
  • FACH          : HR = 0.9818 | Isolated RR = 0.9818 | ATE = -0.0008
  • UEBF          : HR = 0.9526 | Isolated RR = 0.9526 | ATE = -0.0020
  • PSYCH         : HR = 0.9602 | Isolated RR = 0.9602 | ATE = -0.0017

[Stufe 3b] Berechne 100-Fold Student-Cluster Bootstrap für empirische CIs ...
[INFO] Metriken gespeichert: output_LXC_causal/S01_baseline/universe_A/gradeblind_oracle/metrics/torch_dml_orthogonal_survival_gradeblind_oracle_prev_metrics.json

======================================================================
  CausalEvaluator -- torch_dml_orthogonal_survival [gradeblind_oracle/prev]
======================================================================
  hr_fach                            : HR=0.9818  (RR-Senkung: 1.8%)  Boot-95%-CI=[0.977, 0.986]
  hr_uebf                            : HR=0.9526  (RR-Senkung: 4.7%)  Boot-95%-CI=[0.952, 0.954]
  hr_psych                           : HR=0.9602  (RR-Senkung: 4.0%)  Boot-95%-CI=[0.959, 0.962]
  Training Time                      : 806.00s
======================================================================

[INFO] PyTorch DML Modell gespeichert: output_LXC_causal/S01_baseline/universe_A/gradeblind_oracle/models

>>> [SCHRITT 2/3] PyTorch Marginal Structural Models (MSM) ...

==============================================================================
   PYTORCH MARGINAL STRUCTURAL MODELS (MSM / IPTW)
   Modus: gradeblind_oracle | Temporal: prev | Device: cpu
==============================================================================

--- Berechne MSM für Maßnahme: FACHLICH (support_glz_fachlich) ---
  • IPTW-Diagnostik: Mean = 1.0003 (Ideal=1.0) | Std = 0.1340 | Range = [0.572, 1.566]
  • Kausale Hazard Ratio: HR = 0.8313 | 95% CI: [0.7771, 0.8894] | Risikoreduktion: +16.87%

--- Berechne MSM für Maßnahme: UEBERFACHLICH (support_glz_ueberfachlich) ---
  • IPTW-Diagnostik: Mean = 0.9925 (Ideal=1.0) | Std = 0.1966 | Range = [0.464, 1.934]
  • Kausale Hazard Ratio: HR = 0.9176 | 95% CI: [0.8524, 0.9879] | Risikoreduktion: +8.24%

--- Berechne MSM für Maßnahme: PSYCHOSOZIAL (support_glz_psychosozial) ---
  • IPTW-Diagnostik: Mean = 1.0021 (Ideal=1.0) | Std = 0.0753 | Range = [0.742, 1.312]
  • Kausale Hazard Ratio: HR = 0.7303 | 95% CI: [0.6713, 0.7945] | Risikoreduktion: +26.97%

--- Berechne MSM für Maßnahme: ALL_SUPPORT (total_support_active) ---
  • IPTW-Diagnostik: Mean = 0.9971 (Ideal=1.0) | Std = 0.1985 | Range = [0.489, 1.796]
  • Kausale Hazard Ratio: HR = 0.8002 | 95% CI: [0.7645, 0.8376] | Risikoreduktion: +19.98%
[INFO] Metriken gespeichert: output_LXC_causal/S01_baseline/universe_A/gradeblind_oracle/metrics/torch_marginal_structural_model_gradeblind_oracle_prev_metrics.json

======================================================================
  CausalEvaluator -- torch_marginal_structural_model [gradeblind_oracle/prev]
======================================================================
  hr_fachlich                        : HR=0.8313  (RR-Senkung: 16.9%)  Asym-95%-CI=[0.777, 0.889]
  hr_ueberfachlich                   : HR=0.9176  (RR-Senkung: 8.2%)  Asym-95%-CI=[0.852, 0.988]
  hr_psychosozial                    : HR=0.7303  (RR-Senkung: 27.0%)  Asym-95%-CI=[0.671, 0.795]
  hr_all_support                     : HR=0.8002  (RR-Senkung: 20.0%)  Asym-95%-CI=[0.764, 0.838]
  Training Time                      : 531.41s
======================================================================


>>> [SCHRITT 3/3] PyTorch G-Computation / Counterfactual Simulation ...

==============================================================================
   PYTORCH G-COMPUTATION & COUNTERFACTUAL COHORT SIMULATION
   Modus: gradeblind_oracle | Temporal: prev | Device: cpu
==============================================================================

[Schritt 1] Trainiere Übergangshazard-Modell h(t | X, A) ...

[Schritt 2] Simuliere kontrafaktische Kohorten unter do(A=0) und do(A=1) ...

==============================================================================
   G-COMPUTATION ESTIMATION RESULTS (TEST-SET)
==============================================================================
  • Kontrafaktisches Risiko do(A=0) [No Support]  : 21.63 %
  • Kontrafaktisches Risiko do(A=1) [Full Support]: 17.19 %
  • Kausale Absolute Risk Reduction (ARR)         : +4.44 pp
  • Kausales Relative Risk (RR)                   : 0.7947 (Risikoreduktion: 20.53%)
  • Number Needed to Treat (NNT)                  : 22.5 Studierende
==============================================================================

[Schritt 3] 100-Fold Student-Cluster Bootstrap für ARR / RR Konfidenzintervalle ...
  • 95% Bootstrap CI (Relative Risk RR): [0.7920, 0.7982]
  • 95% Bootstrap CI (ARR):             [+4.35 pp, +4.56 pp]
[INFO] Metriken gespeichert: output_LXC_causal/S01_baseline/universe_A/gradeblind_oracle/metrics/torch_gcomputation_simulation_gradeblind_oracle_prev_metrics.json

======================================================================
  CausalEvaluator -- torch_gcomputation_simulation [gradeblind_oracle/prev]
======================================================================
  gcomputation_rr_full_support       : HR=0.7947  (RR-Senkung: 20.5%)  Boot-95%-CI=[0.792, 0.798]
  gcomputation_arr_full_support      : HR=0.0444  (RR-Senkung: 95.6%)  Asym-95%-CI=[0.044, 0.044]
  Training Time                      : 125.28s
======================================================================


========================================================================================
>>> [LXC CAUSAL EXECUTION] Szenario: S01_baseline | Universum: universe_A
    Pfad: data_v4_grid/S01_baseline/universe_A
    Modus: blind | Temporal: prev
========================================================================================
[GROUND TRUTH] A-B Kontrast: True ARR = +7.95 pp | True RR = 0.7858 | NNT = 12.6

>>> [SCHRITT 1/3] PyTorch Double Machine Learning (DML) ...

==============================================================================
   PYTORCH DOUBLE MACHINE LEARNING (DML) SURVIVAL ESTIMATION
   Modus: blind | Temporal: prev | Device: cpu
==============================================================================
Panel: 345133 Zeilen | 50000 Studierende
Confounder (9): ['hzb_note', 'hzb_typ_ord', 'stg_BWL', 'stg_Maschinenbau', 'stg_Psychologie', 'stg_Soziale_Arbeit', 'migrationshintergrund', 'erstakademiker', 'erwerbstaetigkeit_std']
Treatments (3): ['fach_supp_count', 'uebf_supp_count', 'psych_supp_count']

[Stufe 1] 5-Fold Cross-Fitting der Nuisance-Modelle auf Trainingskohorte ...

[Stufe 2a] Analytischer Robinson DML ATE-Schätzer (Neyman-Orthogonal) ...
  • FACH          : ATE = +0.00869 | Asym-SE = 0.00138 | 95% CI: [+0.00597, +0.01140]
  • UEBF          : ATE = +0.00296 | Asym-SE = 0.00073 | 95% CI: [+0.00152, +0.00439]
  • PSYCH         : ATE = +0.00111 | Asym-SE = 0.00067 | 95% CI: [-0.00020, +0.00242]

[Stufe 2b] Trainiere Neuronales DML-Hazard-Netzwerk auf [W, A_tilde] ...

[Stufe 3] Kausale Counterfactual-Inferenz auf Testkohorte ...
  • FACH          : HR = 1.0907 | Isolated RR = 1.0907 | ATE = +0.0036
  • UEBF          : HR = 0.8810 | Isolated RR = 0.8810 | ATE = -0.0048
  • PSYCH         : HR = 0.9636 | Isolated RR = 0.9636 | ATE = -0.0015

[Stufe 3b] Berechne 100-Fold Student-Cluster Bootstrap für empirische CIs ...
[INFO] Metriken gespeichert: output_LXC_causal/S01_baseline/universe_A/blind/metrics/torch_dml_orthogonal_survival_blind_prev_metrics.json

======================================================================
  CausalEvaluator -- torch_dml_orthogonal_survival [blind/prev]
======================================================================
  hr_fach                            : HR=1.0907  (RR-Senkung: -9.1%)  Boot-95%-CI=[1.086, 1.096]
  hr_uebf                            : HR=0.8810  (RR-Senkung: 11.9%)  Boot-95%-CI=[0.878, 0.884]
  hr_psych                           : HR=0.9636  (RR-Senkung: 3.6%)  Boot-95%-CI=[0.962, 0.965]
  Training Time                      : 773.45s
======================================================================

[INFO] PyTorch DML Modell gespeichert: output_LXC_causal/S01_baseline/universe_A/blind/models

>>> [SCHRITT 2/3] PyTorch Marginal Structural Models (MSM) ...

==============================================================================
   PYTORCH MARGINAL STRUCTURAL MODELS (MSM / IPTW)
   Modus: blind | Temporal: prev | Device: cpu
==============================================================================

--- Berechne MSM für Maßnahme: FACHLICH (support_glz_fachlich) ---
  • IPTW-Diagnostik: Mean = 1.0003 (Ideal=1.0) | Std = 0.1340 | Range = [0.572, 1.566]
  • Kausale Hazard Ratio: HR = 0.8313 | 95% CI: [0.7771, 0.8894] | Risikoreduktion: +16.87%

--- Berechne MSM für Maßnahme: UEBERFACHLICH (support_glz_ueberfachlich) ---
  • IPTW-Diagnostik: Mean = 0.9925 (Ideal=1.0) | Std = 0.1966 | Range = [0.464, 1.934]
  • Kausale Hazard Ratio: HR = 0.9176 | 95% CI: [0.8524, 0.9879] | Risikoreduktion: +8.24%

--- Berechne MSM für Maßnahme: PSYCHOSOZIAL (support_glz_psychosozial) ---
  • IPTW-Diagnostik: Mean = 1.0021 (Ideal=1.0) | Std = 0.0753 | Range = [0.742, 1.312]
  • Kausale Hazard Ratio: HR = 0.7303 | 95% CI: [0.6713, 0.7945] | Risikoreduktion: +26.97%

--- Berechne MSM für Maßnahme: ALL_SUPPORT (total_support_active) ---
  • IPTW-Diagnostik: Mean = 0.9971 (Ideal=1.0) | Std = 0.1985 | Range = [0.489, 1.796]
  • Kausale Hazard Ratio: HR = 0.8002 | 95% CI: [0.7645, 0.8376] | Risikoreduktion: +19.98%
[INFO] Metriken gespeichert: output_LXC_causal/S01_baseline/universe_A/blind/metrics/torch_marginal_structural_model_blind_prev_metrics.json

======================================================================
  CausalEvaluator -- torch_marginal_structural_model [blind/prev]
======================================================================
  hr_fachlich                        : HR=0.8313  (RR-Senkung: 16.9%)  Asym-95%-CI=[0.777, 0.889]
  hr_ueberfachlich                   : HR=0.9176  (RR-Senkung: 8.2%)  Asym-95%-CI=[0.852, 0.988]
  hr_psychosozial                    : HR=0.7303  (RR-Senkung: 27.0%)  Asym-95%-CI=[0.671, 0.795]
  hr_all_support                     : HR=0.8002  (RR-Senkung: 20.0%)  Asym-95%-CI=[0.764, 0.838]
  Training Time                      : 536.74s
======================================================================


>>> [SCHRITT 3/3] PyTorch G-Computation / Counterfactual Simulation ...

==============================================================================
   PYTORCH G-COMPUTATION & COUNTERFACTUAL COHORT SIMULATION
   Modus: blind | Temporal: prev | Device: cpu
==============================================================================

[Schritt 1] Trainiere Übergangshazard-Modell h(t | X, A) ...

[Schritt 2] Simuliere kontrafaktische Kohorten unter do(A=0) und do(A=1) ...

==============================================================================
   G-COMPUTATION ESTIMATION RESULTS (TEST-SET)
==============================================================================
  • Kontrafaktisches Risiko do(A=0) [No Support]  : 24.10 %
  • Kontrafaktisches Risiko do(A=1) [Full Support]: 19.04 %
  • Kausale Absolute Risk Reduction (ARR)         : +5.07 pp
  • Kausales Relative Risk (RR)                   : 0.7898 (Risikoreduktion: 21.02%)
  • Number Needed to Treat (NNT)                  : 19.7 Studierende
==============================================================================

[Schritt 3] 100-Fold Student-Cluster Bootstrap für ARR / RR Konfidenzintervalle ...
  • 95% Bootstrap CI (Relative Risk RR): [0.7864, 0.7948]
  • 95% Bootstrap CI (ARR):             [+4.94 pp, +5.19 pp]
[INFO] Metriken gespeichert: output_LXC_causal/S01_baseline/universe_A/blind/metrics/torch_gcomputation_simulation_blind_prev_metrics.json

======================================================================
  CausalEvaluator -- torch_gcomputation_simulation [blind/prev]
======================================================================
  gcomputation_rr_full_support       : HR=0.7898  (RR-Senkung: 21.0%)  Boot-95%-CI=[0.786, 0.795]
  gcomputation_arr_full_support      : HR=0.0507  (RR-Senkung: 94.9%)  Asym-95%-CI=[0.051, 0.051]
  Training Time                      : 124.60s
======================================================================


========================================================================================
>>> [LXC CAUSAL EXECUTION] Szenario: S02_supp_half | Universum: universe_A
    Pfad: data_v4_grid/S02_supp_half/universe_A
    Modus: inside_view | Temporal: prev
========================================================================================
[GROUND TRUTH] A-B Kontrast: True ARR = +4.41 pp | True RR = 0.8812 | NNT = 22.7

>>> [SCHRITT 1/3] PyTorch Double Machine Learning (DML) ...

==============================================================================
   PYTORCH DOUBLE MACHINE LEARNING (DML) SURVIVAL ESTIMATION
   Modus: inside_view | Temporal: prev | Device: cpu
==============================================================================
Panel: 342626 Zeilen | 50000 Studierende
Confounder (11): ['hzb_note', 'stg_BWL', 'stg_Maschinenbau', 'stg_Psychologie', 'stg_Soziale_Arbeit', 'erwerbstaetigkeit_std', 'hidden_motivation_prev', 'hidden_soziale_integration_prev', 'hidden_erwartete_note_prev', 'hidden_overload_prev', 'hidden_zeit_puffer_static']
Treatments (3): ['fach_supp_count', 'uebf_supp_count', 'psych_supp_count']

[Stufe 1] 5-Fold Cross-Fitting der Nuisance-Modelle auf Trainingskohorte ...

[Stufe 2a] Analytischer Robinson DML ATE-Schätzer (Neyman-Orthogonal) ...
  • FACH          : ATE = +0.00508 | Asym-SE = 0.00139 | 95% CI: [+0.00235, +0.00782]
  • UEBF          : ATE = +0.00197 | Asym-SE = 0.00073 | 95% CI: [+0.00054, +0.00340]
  • PSYCH         : ATE = +0.00118 | Asym-SE = 0.00066 | 95% CI: [-0.00012, +0.00247]

[Stufe 2b] Trainiere Neuronales DML-Hazard-Netzwerk auf [W, A_tilde] ...

[Stufe 3] Kausale Counterfactual-Inferenz auf Testkohorte ...
  • FACH          : HR = 1.0123 | Isolated RR = 1.0123 | ATE = +0.0006
  • UEBF          : HR = 0.8796 | Isolated RR = 0.8796 | ATE = -0.0055
  • PSYCH         : HR = 0.9841 | Isolated RR = 0.9841 | ATE = -0.0007

[Stufe 3b] Berechne 100-Fold Student-Cluster Bootstrap für empirische CIs ...
[INFO] Metriken gespeichert: output_LXC_causal/S02_supp_half/universe_A/inside_view/metrics/torch_dml_orthogonal_survival_inside_view_prev_metrics.json

======================================================================
  CausalEvaluator -- torch_dml_orthogonal_survival [inside_view/prev]
======================================================================
  hr_fach                            : HR=1.0123  (RR-Senkung: -1.2%)  Boot-95%-CI=[1.009, 1.016]
  hr_uebf                            : HR=0.8796  (RR-Senkung: 12.0%)  Boot-95%-CI=[0.877, 0.882]
  hr_psych                           : HR=0.9841  (RR-Senkung: 1.6%)  Boot-95%-CI=[0.983, 0.986]
  Training Time                      : 799.70s
======================================================================

[INFO] PyTorch DML Modell gespeichert: output_LXC_causal/S02_supp_half/universe_A/inside_view/models

>>> [SCHRITT 2/3] PyTorch Marginal Structural Models (MSM) ...

==============================================================================
   PYTORCH MARGINAL STRUCTURAL MODELS (MSM / IPTW)
   Modus: inside_view | Temporal: prev | Device: cpu
==============================================================================

--- Berechne MSM für Maßnahme: FACHLICH (support_glz_fachlich) ---
  • IPTW-Diagnostik: Mean = 0.9981 (Ideal=1.0) | Std = 0.1290 | Range = [0.568, 1.528]
  • Kausale Hazard Ratio: HR = 0.9064 | 95% CI: [0.8540, 0.9620] | Risikoreduktion: +9.36%

--- Berechne MSM für Maßnahme: UEBERFACHLICH (support_glz_ueberfachlich) ---
  • IPTW-Diagnostik: Mean = 0.9949 (Ideal=1.0) | Std = 0.1870 | Range = [0.460, 1.825]
  • Kausale Hazard Ratio: HR = 0.9598 | 95% CI: [0.9012, 1.0222] | Risikoreduktion: +4.02%

--- Berechne MSM für Maßnahme: PSYCHOSOZIAL (support_glz_psychosozial) ---
  • IPTW-Diagnostik: Mean = 1.0024 (Ideal=1.0) | Std = 0.0794 | Range = [0.741, 1.338]
  • Kausale Hazard Ratio: HR = 0.7541 | 95% CI: [0.7010, 0.8112] | Risikoreduktion: +24.59%

--- Berechne MSM für Maßnahme: ALL_SUPPORT (total_support_active) ---
  • IPTW-Diagnostik: Mean = 0.9988 (Ideal=1.0) | Std = 0.1923 | Range = [0.469, 1.750]
  • Kausale Hazard Ratio: HR = 0.8476 | 95% CI: [0.8138, 0.8829] | Risikoreduktion: +15.24%
[INFO] Metriken gespeichert: output_LXC_causal/S02_supp_half/universe_A/inside_view/metrics/torch_marginal_structural_model_inside_view_prev_metrics.json

======================================================================
  CausalEvaluator -- torch_marginal_structural_model [inside_view/prev]
======================================================================
  hr_fachlich                        : HR=0.9064  (RR-Senkung: 9.4%)  Asym-95%-CI=[0.854, 0.962]
  hr_ueberfachlich                   : HR=0.9598  (RR-Senkung: 4.0%)  Asym-95%-CI=[0.901, 1.022]
  hr_psychosozial                    : HR=0.7541  (RR-Senkung: 24.6%)  Asym-95%-CI=[0.701, 0.811]
  hr_all_support                     : HR=0.8476  (RR-Senkung: 15.2%)  Asym-95%-CI=[0.814, 0.883]
  Training Time                      : 530.42s
======================================================================


>>> [SCHRITT 3/3] PyTorch G-Computation / Counterfactual Simulation ...

==============================================================================
   PYTORCH G-COMPUTATION & COUNTERFACTUAL COHORT SIMULATION
   Modus: inside_view | Temporal: prev | Device: cpu
==============================================================================

[Schritt 1] Trainiere Übergangshazard-Modell h(t | X, A) ...

[Schritt 2] Simuliere kontrafaktische Kohorten unter do(A=0) und do(A=1) ...

==============================================================================
   G-COMPUTATION ESTIMATION RESULTS (TEST-SET)
==============================================================================
  • Kontrafaktisches Risiko do(A=0) [No Support]  : 21.43 %
  • Kontrafaktisches Risiko do(A=1) [Full Support]: 16.83 %
  • Kausale Absolute Risk Reduction (ARR)         : +4.60 pp
  • Kausales Relative Risk (RR)                   : 0.7853 (Risikoreduktion: 21.47%)
  • Number Needed to Treat (NNT)                  : 21.7 Studierende
==============================================================================

[Schritt 3] 100-Fold Student-Cluster Bootstrap für ARR / RR Konfidenzintervalle ...
  • 95% Bootstrap CI (Relative Risk RR): [0.7820, 0.7897]
  • 95% Bootstrap CI (ARR):             [+4.46 pp, +4.72 pp]
[INFO] Metriken gespeichert: output_LXC_causal/S02_supp_half/universe_A/inside_view/metrics/torch_gcomputation_simulation_inside_view_prev_metrics.json

======================================================================
  CausalEvaluator -- torch_gcomputation_simulation [inside_view/prev]
======================================================================
  gcomputation_rr_full_support       : HR=0.7853  (RR-Senkung: 21.5%)  Boot-95%-CI=[0.782, 0.790]
  gcomputation_arr_full_support      : HR=0.0460  (RR-Senkung: 95.4%)  Asym-95%-CI=[0.046, 0.046]
  Training Time                      : 124.89s
======================================================================


========================================================================================
>>> [LXC CAUSAL EXECUTION] Szenario: S02_supp_half | Universum: universe_A
    Pfad: data_v4_grid/S02_supp_half/universe_A
    Modus: realistic | Temporal: prev
========================================================================================
[GROUND TRUTH] A-B Kontrast: True ARR = +4.41 pp | True RR = 0.8812 | NNT = 22.7

>>> [SCHRITT 1/3] PyTorch Double Machine Learning (DML) ...

==============================================================================
   PYTORCH DOUBLE MACHINE LEARNING (DML) SURVIVAL ESTIMATION
   Modus: realistic | Temporal: prev | Device: cpu
==============================================================================
Panel: 342626 Zeilen | 50000 Studierende
Confounder (10): ['hzb_note', 'hzb_typ_ord', 'stg_BWL', 'stg_Maschinenbau', 'stg_Psychologie', 'stg_Soziale_Arbeit', 'fails_prev', 'delta_cp_prev', 'cp_rueckstand', 'gpa_prev']
Treatments (2): ['fach_supp_count', 'uebf_supp_count']

[Stufe 1] 5-Fold Cross-Fitting der Nuisance-Modelle auf Trainingskohorte ...

[Stufe 2a] Analytischer Robinson DML ATE-Schätzer (Neyman-Orthogonal) ...
  • FACH          : ATE = +0.00394 | Asym-SE = 0.00142 | 95% CI: [+0.00116, +0.00672]
  • UEBF          : ATE = +0.00255 | Asym-SE = 0.00073 | 95% CI: [+0.00112, +0.00399]

[Stufe 2b] Trainiere Neuronales DML-Hazard-Netzwerk auf [W, A_tilde] ...

[Stufe 3] Kausale Counterfactual-Inferenz auf Testkohorte ...
  • FACH          : HR = 0.9715 | Isolated RR = 0.9715 | ATE = -0.0015
  • UEBF          : HR = 0.9480 | Isolated RR = 0.9480 | ATE = -0.0027

[Stufe 3b] Berechne 100-Fold Student-Cluster Bootstrap für empirische CIs ...
[INFO] Metriken gespeichert: output_LXC_causal/S02_supp_half/universe_A/realistic/metrics/torch_dml_orthogonal_survival_realistic_prev_metrics.json

======================================================================
  CausalEvaluator -- torch_dml_orthogonal_survival [realistic/prev]
======================================================================
  hr_fach                            : HR=0.9715  (RR-Senkung: 2.9%)  Boot-95%-CI=[0.968, 0.974]
  hr_uebf                            : HR=0.9480  (RR-Senkung: 5.2%)  Boot-95%-CI=[0.947, 0.950]
  Training Time                      : 669.68s
======================================================================

[INFO] PyTorch DML Modell gespeichert: output_LXC_causal/S02_supp_half/universe_A/realistic/models

>>> [SCHRITT 2/3] PyTorch Marginal Structural Models (MSM) ...

==============================================================================
   PYTORCH MARGINAL STRUCTURAL MODELS (MSM / IPTW)
   Modus: realistic | Temporal: prev | Device: cpu
==============================================================================

--- Berechne MSM für Maßnahme: FACHLICH (support_glz_fachlich) ---
  • IPTW-Diagnostik: Mean = 0.9981 (Ideal=1.0) | Std = 0.1290 | Range = [0.568, 1.528]
  • Kausale Hazard Ratio: HR = 0.9064 | 95% CI: [0.8540, 0.9620] | Risikoreduktion: +9.36%

--- Berechne MSM für Maßnahme: UEBERFACHLICH (support_glz_ueberfachlich) ---
  • IPTW-Diagnostik: Mean = 0.9949 (Ideal=1.0) | Std = 0.1870 | Range = [0.460, 1.825]
  • Kausale Hazard Ratio: HR = 0.9598 | 95% CI: [0.9012, 1.0222] | Risikoreduktion: +4.02%

--- Berechne MSM für Maßnahme: PSYCHOSOZIAL (support_glz_psychosozial) ---
  • IPTW-Diagnostik: Mean = 1.0024 (Ideal=1.0) | Std = 0.0794 | Range = [0.741, 1.338]
  • Kausale Hazard Ratio: HR = 0.7541 | 95% CI: [0.7010, 0.8112] | Risikoreduktion: +24.59%

--- Berechne MSM für Maßnahme: ALL_SUPPORT (total_support_active) ---
  • IPTW-Diagnostik: Mean = 0.9988 (Ideal=1.0) | Std = 0.1923 | Range = [0.469, 1.750]
  • Kausale Hazard Ratio: HR = 0.8476 | 95% CI: [0.8138, 0.8829] | Risikoreduktion: +15.24%
[INFO] Metriken gespeichert: output_LXC_causal/S02_supp_half/universe_A/realistic/metrics/torch_marginal_structural_model_realistic_prev_metrics.json

======================================================================
  CausalEvaluator -- torch_marginal_structural_model [realistic/prev]
======================================================================
  hr_fachlich                        : HR=0.9064  (RR-Senkung: 9.4%)  Asym-95%-CI=[0.854, 0.962]
  hr_ueberfachlich                   : HR=0.9598  (RR-Senkung: 4.0%)  Asym-95%-CI=[0.901, 1.022]
  hr_psychosozial                    : HR=0.7541  (RR-Senkung: 24.6%)  Asym-95%-CI=[0.701, 0.811]
  hr_all_support                     : HR=0.8476  (RR-Senkung: 15.2%)  Asym-95%-CI=[0.814, 0.883]
  Training Time                      : 529.54s
======================================================================


>>> [SCHRITT 3/3] PyTorch G-Computation / Counterfactual Simulation ...

==============================================================================
   PYTORCH G-COMPUTATION & COUNTERFACTUAL COHORT SIMULATION
   Modus: realistic | Temporal: prev | Device: cpu
==============================================================================

[Schritt 1] Trainiere Übergangshazard-Modell h(t | X, A) ...

[Schritt 2] Simuliere kontrafaktische Kohorten unter do(A=0) und do(A=1) ...

==============================================================================
   G-COMPUTATION ESTIMATION RESULTS (TEST-SET)
==============================================================================
  • Kontrafaktisches Risiko do(A=0) [No Support]  : 26.20 %
  • Kontrafaktisches Risiko do(A=1) [Full Support]: 21.54 %
  • Kausale Absolute Risk Reduction (ARR)         : +4.67 pp
  • Kausales Relative Risk (RR)                   : 0.8219 (Risikoreduktion: 17.81%)
  • Number Needed to Treat (NNT)                  : 21.4 Studierende
==============================================================================

[Schritt 3] 100-Fold Student-Cluster Bootstrap für ARR / RR Konfidenzintervalle ...
  • 95% Bootstrap CI (Relative Risk RR): [0.8199, 0.8246]
  • 95% Bootstrap CI (ARR):             [+4.56 pp, +4.79 pp]
[INFO] Metriken gespeichert: output_LXC_causal/S02_supp_half/universe_A/realistic/metrics/torch_gcomputation_simulation_realistic_prev_metrics.json

======================================================================
  CausalEvaluator -- torch_gcomputation_simulation [realistic/prev]
======================================================================
  gcomputation_rr_full_support       : HR=0.8219  (RR-Senkung: 17.8%)  Boot-95%-CI=[0.820, 0.825]
  gcomputation_arr_full_support      : HR=0.0467  (RR-Senkung: 95.3%)  Asym-95%-CI=[0.047, 0.047]
  Training Time                      : 123.33s
======================================================================


========================================================================================
>>> [LXC CAUSAL EXECUTION] Szenario: S02_supp_half | Universum: universe_A
    Pfad: data_v4_grid/S02_supp_half/universe_A
    Modus: gradeblind_oracle | Temporal: prev
========================================================================================
[GROUND TRUTH] A-B Kontrast: True ARR = +4.41 pp | True RR = 0.8812 | NNT = 22.7

>>> [SCHRITT 1/3] PyTorch Double Machine Learning (DML) ...

==============================================================================
   PYTORCH DOUBLE MACHINE LEARNING (DML) SURVIVAL ESTIMATION
   Modus: gradeblind_oracle | Temporal: prev | Device: cpu
==============================================================================
Panel: 342626 Zeilen | 50000 Studierende
Confounder (17): ['hzb_note', 'hzb_typ_ord', 'stg_BWL', 'stg_Maschinenbau', 'stg_Psychologie', 'stg_Soziale_Arbeit', 'migrationshintergrund', 'erstakademiker', 'erwerbstaetigkeit_std', 'fails_prev', 'delta_cp_prev', 'cp_rueckstand', 'hidden_motivation_prev', 'hidden_soziale_integration_prev', 'hidden_erwartete_note_prev', 'hidden_overload_prev', 'hidden_zeit_puffer_static']
Treatments (3): ['fach_supp_count', 'uebf_supp_count', 'psych_supp_count']

[Stufe 1] 5-Fold Cross-Fitting der Nuisance-Modelle auf Trainingskohorte ...

[Stufe 2a] Analytischer Robinson DML ATE-Schätzer (Neyman-Orthogonal) ...
  • FACH          : ATE = +0.00454 | Asym-SE = 0.00139 | 95% CI: [+0.00181, +0.00727]
  • UEBF          : ATE = +0.00113 | Asym-SE = 0.00073 | 95% CI: [-0.00030, +0.00256]
  • PSYCH         : ATE = +0.00044 | Asym-SE = 0.00067 | 95% CI: [-0.00089, +0.00176]

[Stufe 2b] Trainiere Neuronales DML-Hazard-Netzwerk auf [W, A_tilde] ...

[Stufe 3] Kausale Counterfactual-Inferenz auf Testkohorte ...
  • FACH          : HR = 0.9898 | Isolated RR = 0.9898 | ATE = -0.0005
  • UEBF          : HR = 0.9682 | Isolated RR = 0.9682 | ATE = -0.0015
  • PSYCH         : HR = 0.9862 | Isolated RR = 0.9862 | ATE = -0.0007

[Stufe 3b] Berechne 100-Fold Student-Cluster Bootstrap für empirische CIs ...
[INFO] Metriken gespeichert: output_LXC_causal/S02_supp_half/universe_A/gradeblind_oracle/metrics/torch_dml_orthogonal_survival_gradeblind_oracle_prev_metrics.json

======================================================================
  CausalEvaluator -- torch_dml_orthogonal_survival [gradeblind_oracle/prev]
======================================================================
  hr_fach                            : HR=0.9898  (RR-Senkung: 1.0%)  Boot-95%-CI=[0.987, 0.993]
  hr_uebf                            : HR=0.9682  (RR-Senkung: 3.2%)  Boot-95%-CI=[0.967, 0.969]
  hr_psych                           : HR=0.9862  (RR-Senkung: 1.4%)  Boot-95%-CI=[0.985, 0.987]
  Training Time                      : 846.64s
======================================================================

[INFO] PyTorch DML Modell gespeichert: output_LXC_causal/S02_supp_half/universe_A/gradeblind_oracle/models

>>> [SCHRITT 2/3] PyTorch Marginal Structural Models (MSM) ...

==============================================================================
   PYTORCH MARGINAL STRUCTURAL MODELS (MSM / IPTW)
   Modus: gradeblind_oracle | Temporal: prev | Device: cpu
==============================================================================

--- Berechne MSM für Maßnahme: FACHLICH (support_glz_fachlich) ---
  • IPTW-Diagnostik: Mean = 0.9981 (Ideal=1.0) | Std = 0.1290 | Range = [0.568, 1.528]
  • Kausale Hazard Ratio: HR = 0.9064 | 95% CI: [0.8540, 0.9620] | Risikoreduktion: +9.36%

--- Berechne MSM für Maßnahme: UEBERFACHLICH (support_glz_ueberfachlich) ---
  • IPTW-Diagnostik: Mean = 0.9949 (Ideal=1.0) | Std = 0.1870 | Range = [0.460, 1.825]
  • Kausale Hazard Ratio: HR = 0.9598 | 95% CI: [0.9012, 1.0222] | Risikoreduktion: +4.02%

--- Berechne MSM für Maßnahme: PSYCHOSOZIAL (support_glz_psychosozial) ---
  • IPTW-Diagnostik: Mean = 1.0024 (Ideal=1.0) | Std = 0.0794 | Range = [0.741, 1.338]
  • Kausale Hazard Ratio: HR = 0.7541 | 95% CI: [0.7010, 0.8112] | Risikoreduktion: +24.59%

--- Berechne MSM für Maßnahme: ALL_SUPPORT (total_support_active) ---
  • IPTW-Diagnostik: Mean = 0.9988 (Ideal=1.0) | Std = 0.1923 | Range = [0.469, 1.750]
  • Kausale Hazard Ratio: HR = 0.8476 | 95% CI: [0.8138, 0.8829] | Risikoreduktion: +15.24%
[INFO] Metriken gespeichert: output_LXC_causal/S02_supp_half/universe_A/gradeblind_oracle/metrics/torch_marginal_structural_model_gradeblind_oracle_prev_metrics.json

======================================================================
  CausalEvaluator -- torch_marginal_structural_model [gradeblind_oracle/prev]
======================================================================
  hr_fachlich                        : HR=0.9064  (RR-Senkung: 9.4%)  Asym-95%-CI=[0.854, 0.962]
  hr_ueberfachlich                   : HR=0.9598  (RR-Senkung: 4.0%)  Asym-95%-CI=[0.901, 1.022]
  hr_psychosozial                    : HR=0.7541  (RR-Senkung: 24.6%)  Asym-95%-CI=[0.701, 0.811]
  hr_all_support                     : HR=0.8476  (RR-Senkung: 15.2%)  Asym-95%-CI=[0.814, 0.883]
  Training Time                      : 525.63s
======================================================================


>>> [SCHRITT 3/3] PyTorch G-Computation / Counterfactual Simulation ...

==============================================================================
   PYTORCH G-COMPUTATION & COUNTERFACTUAL COHORT SIMULATION
   Modus: gradeblind_oracle | Temporal: prev | Device: cpu
==============================================================================

[Schritt 1] Trainiere Übergangshazard-Modell h(t | X, A) ...

[Schritt 2] Simuliere kontrafaktische Kohorten unter do(A=0) und do(A=1) ...

==============================================================================
   G-COMPUTATION ESTIMATION RESULTS (TEST-SET)
==============================================================================
  • Kontrafaktisches Risiko do(A=0) [No Support]  : 23.96 %
  • Kontrafaktisches Risiko do(A=1) [Full Support]: 20.47 %
  • Kausale Absolute Risk Reduction (ARR)         : +3.48 pp
  • Kausales Relative Risk (RR)                   : 0.8547 (Risikoreduktion: 14.53%)
  • Number Needed to Treat (NNT)                  : 28.7 Studierende
==============================================================================

[Schritt 3] 100-Fold Student-Cluster Bootstrap für ARR / RR Konfidenzintervalle ...
  • 95% Bootstrap CI (Relative Risk RR): [0.8517, 0.8585]
  • 95% Bootstrap CI (ARR):             [+3.40 pp, +3.57 pp]
[INFO] Metriken gespeichert: output_LXC_causal/S02_supp_half/universe_A/gradeblind_oracle/metrics/torch_gcomputation_simulation_gradeblind_oracle_prev_metrics.json

======================================================================
  CausalEvaluator -- torch_gcomputation_simulation [gradeblind_oracle/prev]
======================================================================
  gcomputation_rr_full_support       : HR=0.8547  (RR-Senkung: 14.5%)  Boot-95%-CI=[0.852, 0.858]
  gcomputation_arr_full_support      : HR=0.0348  (RR-Senkung: 96.5%)  Asym-95%-CI=[0.035, 0.035]
  Training Time                      : 126.75s
======================================================================


========================================================================================
>>> [LXC CAUSAL EXECUTION] Szenario: S02_supp_half | Universum: universe_A
    Pfad: data_v4_grid/S02_supp_half/universe_A
    Modus: blind | Temporal: prev
========================================================================================
[GROUND TRUTH] A-B Kontrast: True ARR = +4.41 pp | True RR = 0.8812 | NNT = 22.7

>>> [SCHRITT 1/3] PyTorch Double Machine Learning (DML) ...

==============================================================================
   PYTORCH DOUBLE MACHINE LEARNING (DML) SURVIVAL ESTIMATION
   Modus: blind | Temporal: prev | Device: cpu
==============================================================================
Panel: 342626 Zeilen | 50000 Studierende
Confounder (9): ['hzb_note', 'hzb_typ_ord', 'stg_BWL', 'stg_Maschinenbau', 'stg_Psychologie', 'stg_Soziale_Arbeit', 'migrationshintergrund', 'erstakademiker', 'erwerbstaetigkeit_std']
Treatments (3): ['fach_supp_count', 'uebf_supp_count', 'psych_supp_count']

[Stufe 1] 5-Fold Cross-Fitting der Nuisance-Modelle auf Trainingskohorte ...

[Stufe 2a] Analytischer Robinson DML ATE-Schätzer (Neyman-Orthogonal) ...
  • FACH          : ATE = +0.01358 | Asym-SE = 0.00149 | 95% CI: [+0.01067, +0.01650]
  • UEBF          : ATE = +0.00387 | Asym-SE = 0.00075 | 95% CI: [+0.00241, +0.00533]
  • PSYCH         : ATE = +0.00216 | Asym-SE = 0.00071 | 95% CI: [+0.00077, +0.00356]

[Stufe 2b] Trainiere Neuronales DML-Hazard-Netzwerk auf [W, A_tilde] ...

[Stufe 3] Kausale Counterfactual-Inferenz auf Testkohorte ...
  • FACH          : HR = 1.2009 | Isolated RR = 1.2009 | ATE = +0.0088
  • UEBF          : HR = 0.8979 | Isolated RR = 0.8979 | ATE = -0.0045
  • PSYCH         : HR = 0.9036 | Isolated RR = 0.9036 | ATE = -0.0042

[Stufe 3b] Berechne 100-Fold Student-Cluster Bootstrap für empirische CIs ...
[INFO] Metriken gespeichert: output_LXC_causal/S02_supp_half/universe_A/blind/metrics/torch_dml_orthogonal_survival_blind_prev_metrics.json

======================================================================
  CausalEvaluator -- torch_dml_orthogonal_survival [blind/prev]
======================================================================
  hr_fach                            : HR=1.2009  (RR-Senkung: -20.1%)  Boot-95%-CI=[1.195, 1.205]
  hr_uebf                            : HR=0.8979  (RR-Senkung: 10.2%)  Boot-95%-CI=[0.896, 0.900]
  hr_psych                           : HR=0.9036  (RR-Senkung: 9.6%)  Boot-95%-CI=[0.902, 0.905]
  Training Time                      : 743.69s
======================================================================

[INFO] PyTorch DML Modell gespeichert: output_LXC_causal/S02_supp_half/universe_A/blind/models

>>> [SCHRITT 2/3] PyTorch Marginal Structural Models (MSM) ...

==============================================================================
   PYTORCH MARGINAL STRUCTURAL MODELS (MSM / IPTW)
   Modus: blind | Temporal: prev | Device: cpu
==============================================================================

--- Berechne MSM für Maßnahme: FACHLICH (support_glz_fachlich) ---
  • IPTW-Diagnostik: Mean = 0.9981 (Ideal=1.0) | Std = 0.1290 | Range = [0.568, 1.528]
  • Kausale Hazard Ratio: HR = 0.9064 | 95% CI: [0.8540, 0.9620] | Risikoreduktion: +9.36%

--- Berechne MSM für Maßnahme: UEBERFACHLICH (support_glz_ueberfachlich) ---
  • IPTW-Diagnostik: Mean = 0.9949 (Ideal=1.0) | Std = 0.1870 | Range = [0.460, 1.825]
  • Kausale Hazard Ratio: HR = 0.9598 | 95% CI: [0.9012, 1.0222] | Risikoreduktion: +4.02%

--- Berechne MSM für Maßnahme: PSYCHOSOZIAL (support_glz_psychosozial) ---
  • IPTW-Diagnostik: Mean = 1.0024 (Ideal=1.0) | Std = 0.0794 | Range = [0.741, 1.338]
  • Kausale Hazard Ratio: HR = 0.7541 | 95% CI: [0.7010, 0.8112] | Risikoreduktion: +24.59%

--- Berechne MSM für Maßnahme: ALL_SUPPORT (total_support_active) ---
  • IPTW-Diagnostik: Mean = 0.9988 (Ideal=1.0) | Std = 0.1923 | Range = [0.469, 1.750]
  • Kausale Hazard Ratio: HR = 0.8476 | 95% CI: [0.8138, 0.8829] | Risikoreduktion: +15.24%
[INFO] Metriken gespeichert: output_LXC_causal/S02_supp_half/universe_A/blind/metrics/torch_marginal_structural_model_blind_prev_metrics.json

======================================================================
  CausalEvaluator -- torch_marginal_structural_model [blind/prev]
======================================================================
  hr_fachlich                        : HR=0.9064  (RR-Senkung: 9.4%)  Asym-95%-CI=[0.854, 0.962]
  hr_ueberfachlich                   : HR=0.9598  (RR-Senkung: 4.0%)  Asym-95%-CI=[0.901, 1.022]
  hr_psychosozial                    : HR=0.7541  (RR-Senkung: 24.6%)  Asym-95%-CI=[0.701, 0.811]
  hr_all_support                     : HR=0.8476  (RR-Senkung: 15.2%)  Asym-95%-CI=[0.814, 0.883]
  Training Time                      : 533.63s
======================================================================


>>> [SCHRITT 3/3] PyTorch G-Computation / Counterfactual Simulation ...

==============================================================================
   PYTORCH G-COMPUTATION & COUNTERFACTUAL COHORT SIMULATION
   Modus: blind | Temporal: prev | Device: cpu
==============================================================================

[Schritt 1] Trainiere Übergangshazard-Modell h(t | X, A) ...

[Schritt 2] Simuliere kontrafaktische Kohorten unter do(A=0) und do(A=1) ...

==============================================================================
   G-COMPUTATION ESTIMATION RESULTS (TEST-SET)
==============================================================================
  • Kontrafaktisches Risiko do(A=0) [No Support]  : 26.26 %
  • Kontrafaktisches Risiko do(A=1) [Full Support]: 20.22 %
  • Kausale Absolute Risk Reduction (ARR)         : +6.04 pp
  • Kausales Relative Risk (RR)                   : 0.7700 (Risikoreduktion: 23.00%)
  • Number Needed to Treat (NNT)                  : 16.6 Studierende
==============================================================================

[Schritt 3] 100-Fold Student-Cluster Bootstrap für ARR / RR Konfidenzintervalle ...
  • 95% Bootstrap CI (Relative Risk RR): [0.7668, 0.7755]
  • 95% Bootstrap CI (ARR):             [+5.90 pp, +6.17 pp]
[INFO] Metriken gespeichert: output_LXC_causal/S02_supp_half/universe_A/blind/metrics/torch_gcomputation_simulation_blind_prev_metrics.json

======================================================================
  CausalEvaluator -- torch_gcomputation_simulation [blind/prev]
======================================================================
  gcomputation_rr_full_support       : HR=0.7700  (RR-Senkung: 23.0%)  Boot-95%-CI=[0.767, 0.775]
  gcomputation_arr_full_support      : HR=0.0604  (RR-Senkung: 94.0%)  Asym-95%-CI=[0.060, 0.060]
  Training Time                      : 124.11s
======================================================================


========================================================================================
>>> [LXC CAUSAL EXECUTION] Szenario: S03_supp_double | Universum: universe_A
    Pfad: data_v4_grid/S03_supp_double/universe_A
    Modus: inside_view | Temporal: prev
========================================================================================
[GROUND TRUTH] A-B Kontrast: True ARR = +11.79 pp | True RR = 0.6822 | NNT = 8.5

>>> [SCHRITT 1/3] PyTorch Double Machine Learning (DML) ...

==============================================================================
   PYTORCH DOUBLE MACHINE LEARNING (DML) SURVIVAL ESTIMATION
   Modus: inside_view | Temporal: prev | Device: cpu
==============================================================================
Panel: 347323 Zeilen | 50000 Studierende
Confounder (11): ['hzb_note', 'stg_BWL', 'stg_Maschinenbau', 'stg_Psychologie', 'stg_Soziale_Arbeit', 'erwerbstaetigkeit_std', 'hidden_motivation_prev', 'hidden_soziale_integration_prev', 'hidden_erwartete_note_prev', 'hidden_overload_prev', 'hidden_zeit_puffer_static']
Treatments (3): ['fach_supp_count', 'uebf_supp_count', 'psych_supp_count']

[Stufe 1] 5-Fold Cross-Fitting der Nuisance-Modelle auf Trainingskohorte ...

[Stufe 2a] Analytischer Robinson DML ATE-Schätzer (Neyman-Orthogonal) ...
  • FACH          : ATE = +0.00142 | Asym-SE = 0.00123 | 95% CI: [-0.00099, +0.00383]
  • UEBF          : ATE = -0.00243 | Asym-SE = 0.00073 | 95% CI: [-0.00386, -0.00101]
  • PSYCH         : ATE = -0.00157 | Asym-SE = 0.00062 | 95% CI: [-0.00278, -0.00035]

[Stufe 2b] Trainiere Neuronales DML-Hazard-Netzwerk auf [W, A_tilde] ...

[Stufe 3] Kausale Counterfactual-Inferenz auf Testkohorte ...
  • FACH          : HR = 0.9724 | Isolated RR = 0.9724 | ATE = -0.0010
  • UEBF          : HR = 0.8872 | Isolated RR = 0.8872 | ATE = -0.0042
  • PSYCH         : HR = 0.9174 | Isolated RR = 0.9174 | ATE = -0.0030

[Stufe 3b] Berechne 100-Fold Student-Cluster Bootstrap für empirische CIs ...
[INFO] Metriken gespeichert: output_LXC_causal/S03_supp_double/universe_A/inside_view/metrics/torch_dml_orthogonal_survival_inside_view_prev_metrics.json

======================================================================
  CausalEvaluator -- torch_dml_orthogonal_survival [inside_view/prev]
======================================================================
  hr_fach                            : HR=0.9724  (RR-Senkung: 2.8%)  Boot-95%-CI=[0.968, 0.976]
  hr_uebf                            : HR=0.8872  (RR-Senkung: 11.3%)  Boot-95%-CI=[0.884, 0.890]
  hr_psych                           : HR=0.9174  (RR-Senkung: 8.3%)  Boot-95%-CI=[0.916, 0.920]
  Training Time                      : 820.95s
======================================================================

[INFO] PyTorch DML Modell gespeichert: output_LXC_causal/S03_supp_double/universe_A/inside_view/models

>>> [SCHRITT 2/3] PyTorch Marginal Structural Models (MSM) ...

==============================================================================
   PYTORCH MARGINAL STRUCTURAL MODELS (MSM / IPTW)
   Modus: inside_view | Temporal: prev | Device: cpu
==============================================================================

--- Berechne MSM für Maßnahme: FACHLICH (support_glz_fachlich) ---
  • IPTW-Diagnostik: Mean = 1.0018 (Ideal=1.0) | Std = 0.1424 | Range = [0.541, 1.623]
  • Kausale Hazard Ratio: HR = 0.7371 | 95% CI: [0.6858, 0.7923] | Risikoreduktion: +26.29%

--- Berechne MSM für Maßnahme: UEBERFACHLICH (support_glz_ueberfachlich) ---
  • IPTW-Diagnostik: Mean = 0.9926 (Ideal=1.0) | Std = 0.2230 | Range = [0.379, 2.065]
  • Kausale Hazard Ratio: HR = 0.8289 | 95% CI: [0.7603, 0.9037] | Risikoreduktion: +17.11%

--- Berechne MSM für Maßnahme: PSYCHOSOZIAL (support_glz_psychosozial) ---
  • IPTW-Diagnostik: Mean = 1.0009 (Ideal=1.0) | Std = 0.0681 | Range = [0.750, 1.284]
  • Kausale Hazard Ratio: HR = 0.7037 | 95% CI: [0.6398, 0.7739] | Risikoreduktion: +29.63%

--- Berechne MSM für Maßnahme: ALL_SUPPORT (total_support_active) ---
  • IPTW-Diagnostik: Mean = 0.9955 (Ideal=1.0) | Std = 0.1918 | Range = [0.445, 1.747]
  • Kausale Hazard Ratio: HR = 0.7626 | 95% CI: [0.7241, 0.8031] | Risikoreduktion: +23.74%
[INFO] Metriken gespeichert: output_LXC_causal/S03_supp_double/universe_A/inside_view/metrics/torch_marginal_structural_model_inside_view_prev_metrics.json

======================================================================
  CausalEvaluator -- torch_marginal_structural_model [inside_view/prev]
======================================================================
  hr_fachlich                        : HR=0.7371  (RR-Senkung: 26.3%)  Asym-95%-CI=[0.686, 0.792]
  hr_ueberfachlich                   : HR=0.8289  (RR-Senkung: 17.1%)  Asym-95%-CI=[0.760, 0.904]
  hr_psychosozial                    : HR=0.7037  (RR-Senkung: 29.6%)  Asym-95%-CI=[0.640, 0.774]
  hr_all_support                     : HR=0.7626  (RR-Senkung: 23.7%)  Asym-95%-CI=[0.724, 0.803]
  Training Time                      : 537.83s
======================================================================


>>> [SCHRITT 3/3] PyTorch G-Computation / Counterfactual Simulation ...

==============================================================================
   PYTORCH G-COMPUTATION & COUNTERFACTUAL COHORT SIMULATION
   Modus: inside_view | Temporal: prev | Device: cpu
==============================================================================

[Schritt 1] Trainiere Übergangshazard-Modell h(t | X, A) ...

[Schritt 2] Simuliere kontrafaktische Kohorten unter do(A=0) und do(A=1) ...

==============================================================================
   G-COMPUTATION ESTIMATION RESULTS (TEST-SET)
==============================================================================
  • Kontrafaktisches Risiko do(A=0) [No Support]  : 19.16 %
  • Kontrafaktisches Risiko do(A=1) [Full Support]: 15.54 %
  • Kausale Absolute Risk Reduction (ARR)         : +3.62 pp
  • Kausales Relative Risk (RR)                   : 0.8111 (Risikoreduktion: 18.89%)
  • Number Needed to Treat (NNT)                  : 27.6 Studierende
==============================================================================

[Schritt 3] 100-Fold Student-Cluster Bootstrap für ARR / RR Konfidenzintervalle ...
  • 95% Bootstrap CI (Relative Risk RR): [0.8073, 0.8163]
  • 95% Bootstrap CI (ARR):             [+3.51 pp, +3.74 pp]
[INFO] Metriken gespeichert: output_LXC_causal/S03_supp_double/universe_A/inside_view/metrics/torch_gcomputation_simulation_inside_view_prev_metrics.json

======================================================================
  CausalEvaluator -- torch_gcomputation_simulation [inside_view/prev]
======================================================================
  gcomputation_rr_full_support       : HR=0.8111  (RR-Senkung: 18.9%)  Boot-95%-CI=[0.807, 0.816]
  gcomputation_arr_full_support      : HR=0.0362  (RR-Senkung: 96.4%)  Asym-95%-CI=[0.036, 0.036]
  Training Time                      : 127.28s
======================================================================


========================================================================================
>>> [LXC CAUSAL EXECUTION] Szenario: S03_supp_double | Universum: universe_A
    Pfad: data_v4_grid/S03_supp_double/universe_A
    Modus: realistic | Temporal: prev
========================================================================================
[GROUND TRUTH] A-B Kontrast: True ARR = +11.79 pp | True RR = 0.6822 | NNT = 8.5

>>> [SCHRITT 1/3] PyTorch Double Machine Learning (DML) ...

==============================================================================
   PYTORCH DOUBLE MACHINE LEARNING (DML) SURVIVAL ESTIMATION
   Modus: realistic | Temporal: prev | Device: cpu
==============================================================================
Panel: 347323 Zeilen | 50000 Studierende
Confounder (10): ['hzb_note', 'hzb_typ_ord', 'stg_BWL', 'stg_Maschinenbau', 'stg_Psychologie', 'stg_Soziale_Arbeit', 'fails_prev', 'delta_cp_prev', 'cp_rueckstand', 'gpa_prev']
Treatments (2): ['fach_supp_count', 'uebf_supp_count']

[Stufe 1] 5-Fold Cross-Fitting der Nuisance-Modelle auf Trainingskohorte ...

[Stufe 2a] Analytischer Robinson DML ATE-Schätzer (Neyman-Orthogonal) ...
  • FACH          : ATE = -0.00082 | Asym-SE = 0.00125 | 95% CI: [-0.00326, +0.00162]
  • UEBF          : ATE = -0.00138 | Asym-SE = 0.00072 | 95% CI: [-0.00279, +0.00004]

[Stufe 2b] Trainiere Neuronales DML-Hazard-Netzwerk auf [W, A_tilde] ...

[Stufe 3] Kausale Counterfactual-Inferenz auf Testkohorte ...
  • FACH          : HR = 0.8880 | Isolated RR = 0.8880 | ATE = -0.0043
  • UEBF          : HR = 0.8714 | Isolated RR = 0.8714 | ATE = -0.0049

[Stufe 3b] Berechne 100-Fold Student-Cluster Bootstrap für empirische CIs ...
[INFO] Metriken gespeichert: output_LXC_causal/S03_supp_double/universe_A/realistic/metrics/torch_dml_orthogonal_survival_realistic_prev_metrics.json

======================================================================
  CausalEvaluator -- torch_dml_orthogonal_survival [realistic/prev]
======================================================================
  hr_fach                            : HR=0.8880  (RR-Senkung: 11.2%)  Boot-95%-CI=[0.884, 0.892]
  hr_uebf                            : HR=0.8714  (RR-Senkung: 12.9%)  Boot-95%-CI=[0.869, 0.874]
  Training Time                      : 676.13s
======================================================================

[INFO] PyTorch DML Modell gespeichert: output_LXC_causal/S03_supp_double/universe_A/realistic/models

>>> [SCHRITT 2/3] PyTorch Marginal Structural Models (MSM) ...

==============================================================================
   PYTORCH MARGINAL STRUCTURAL MODELS (MSM / IPTW)
   Modus: realistic | Temporal: prev | Device: cpu
==============================================================================

--- Berechne MSM für Maßnahme: FACHLICH (support_glz_fachlich) ---
  • IPTW-Diagnostik: Mean = 1.0018 (Ideal=1.0) | Std = 0.1424 | Range = [0.541, 1.623]
  • Kausale Hazard Ratio: HR = 0.7371 | 95% CI: [0.6858, 0.7923] | Risikoreduktion: +26.29%

--- Berechne MSM für Maßnahme: UEBERFACHLICH (support_glz_ueberfachlich) ---
  • IPTW-Diagnostik: Mean = 0.9926 (Ideal=1.0) | Std = 0.2230 | Range = [0.379, 2.065]
  • Kausale Hazard Ratio: HR = 0.8289 | 95% CI: [0.7603, 0.9037] | Risikoreduktion: +17.11%

--- Berechne MSM für Maßnahme: PSYCHOSOZIAL (support_glz_psychosozial) ---
  • IPTW-Diagnostik: Mean = 1.0009 (Ideal=1.0) | Std = 0.0681 | Range = [0.750, 1.284]
  • Kausale Hazard Ratio: HR = 0.7037 | 95% CI: [0.6398, 0.7739] | Risikoreduktion: +29.63%

--- Berechne MSM für Maßnahme: ALL_SUPPORT (total_support_active) ---
  • IPTW-Diagnostik: Mean = 0.9955 (Ideal=1.0) | Std = 0.1918 | Range = [0.445, 1.747]
  • Kausale Hazard Ratio: HR = 0.7626 | 95% CI: [0.7241, 0.8031] | Risikoreduktion: +23.74%
[INFO] Metriken gespeichert: output_LXC_causal/S03_supp_double/universe_A/realistic/metrics/torch_marginal_structural_model_realistic_prev_metrics.json

======================================================================
  CausalEvaluator -- torch_marginal_structural_model [realistic/prev]
======================================================================
  hr_fachlich                        : HR=0.7371  (RR-Senkung: 26.3%)  Asym-95%-CI=[0.686, 0.792]
  hr_ueberfachlich                   : HR=0.8289  (RR-Senkung: 17.1%)  Asym-95%-CI=[0.760, 0.904]
  hr_psychosozial                    : HR=0.7037  (RR-Senkung: 29.6%)  Asym-95%-CI=[0.640, 0.774]
  hr_all_support                     : HR=0.7626  (RR-Senkung: 23.7%)  Asym-95%-CI=[0.724, 0.803]
  Training Time                      : 534.14s
======================================================================


>>> [SCHRITT 3/3] PyTorch G-Computation / Counterfactual Simulation ...

==============================================================================
   PYTORCH G-COMPUTATION & COUNTERFACTUAL COHORT SIMULATION
   Modus: realistic | Temporal: prev | Device: cpu
==============================================================================

[Schritt 1] Trainiere Übergangshazard-Modell h(t | X, A) ...

[Schritt 2] Simuliere kontrafaktische Kohorten unter do(A=0) und do(A=1) ...

==============================================================================
   G-COMPUTATION ESTIMATION RESULTS (TEST-SET)
==============================================================================
  • Kontrafaktisches Risiko do(A=0) [No Support]  : 20.11 %
  • Kontrafaktisches Risiko do(A=1) [Full Support]: 17.14 %
  • Kausale Absolute Risk Reduction (ARR)         : +2.97 pp
  • Kausales Relative Risk (RR)                   : 0.8522 (Risikoreduktion: 14.78%)
  • Number Needed to Treat (NNT)                  : 33.7 Studierende
==============================================================================

[Schritt 3] 100-Fold Student-Cluster Bootstrap für ARR / RR Konfidenzintervalle ...
  • 95% Bootstrap CI (Relative Risk RR): [0.8491, 0.8545]
  • 95% Bootstrap CI (ARR):             [+2.90 pp, +3.08 pp]
[INFO] Metriken gespeichert: output_LXC_causal/S03_supp_double/universe_A/realistic/metrics/torch_gcomputation_simulation_realistic_prev_metrics.json

======================================================================
  CausalEvaluator -- torch_gcomputation_simulation [realistic/prev]
======================================================================
  gcomputation_rr_full_support       : HR=0.8522  (RR-Senkung: 14.8%)  Boot-95%-CI=[0.849, 0.855]
  gcomputation_arr_full_support      : HR=0.0297  (RR-Senkung: 97.0%)  Asym-95%-CI=[0.030, 0.030]
  Training Time                      : 125.60s
======================================================================


========================================================================================
>>> [LXC CAUSAL EXECUTION] Szenario: S03_supp_double | Universum: universe_A
    Pfad: data_v4_grid/S03_supp_double/universe_A
    Modus: gradeblind_oracle | Temporal: prev
========================================================================================
[GROUND TRUTH] A-B Kontrast: True ARR = +11.79 pp | True RR = 0.6822 | NNT = 8.5

>>> [SCHRITT 1/3] PyTorch Double Machine Learning (DML) ...

==============================================================================
   PYTORCH DOUBLE MACHINE LEARNING (DML) SURVIVAL ESTIMATION
   Modus: gradeblind_oracle | Temporal: prev | Device: cpu
==============================================================================
Panel: 347323 Zeilen | 50000 Studierende
Confounder (17): ['hzb_note', 'hzb_typ_ord', 'stg_BWL', 'stg_Maschinenbau', 'stg_Psychologie', 'stg_Soziale_Arbeit', 'migrationshintergrund', 'erstakademiker', 'erwerbstaetigkeit_std', 'fails_prev', 'delta_cp_prev', 'cp_rueckstand', 'hidden_motivation_prev', 'hidden_soziale_integration_prev', 'hidden_erwartete_note_prev', 'hidden_overload_prev', 'hidden_zeit_puffer_static']
Treatments (3): ['fach_supp_count', 'uebf_supp_count', 'psych_supp_count']

[Stufe 1] 5-Fold Cross-Fitting der Nuisance-Modelle auf Trainingskohorte ...

[Stufe 2a] Analytischer Robinson DML ATE-Schätzer (Neyman-Orthogonal) ...
  • FACH          : ATE = +0.00108 | Asym-SE = 0.00123 | 95% CI: [-0.00132, +0.00348]
  • UEBF          : ATE = -0.00309 | Asym-SE = 0.00072 | 95% CI: [-0.00451, -0.00168]
  • PSYCH         : ATE = -0.00199 | Asym-SE = 0.00064 | 95% CI: [-0.00323, -0.00074]

[Stufe 2b] Trainiere Neuronales DML-Hazard-Netzwerk auf [W, A_tilde] ...

[Stufe 3] Kausale Counterfactual-Inferenz auf Testkohorte ...
  • FACH          : HR = 0.9386 | Isolated RR = 0.9386 | ATE = -0.0023
  • UEBF          : HR = 0.8853 | Isolated RR = 0.8853 | ATE = -0.0043
  • PSYCH         : HR = 0.9496 | Isolated RR = 0.9496 | ATE = -0.0019

[Stufe 3b] Berechne 100-Fold Student-Cluster Bootstrap für empirische CIs ...
[INFO] Metriken gespeichert: output_LXC_causal/S03_supp_double/universe_A/gradeblind_oracle/metrics/torch_dml_orthogonal_survival_gradeblind_oracle_prev_metrics.json

======================================================================
  CausalEvaluator -- torch_dml_orthogonal_survival [gradeblind_oracle/prev]
======================================================================
  hr_fach                            : HR=0.9386  (RR-Senkung: 6.1%)  Boot-95%-CI=[0.935, 0.942]
  hr_uebf                            : HR=0.8853  (RR-Senkung: 11.5%)  Boot-95%-CI=[0.884, 0.887]
  hr_psych                           : HR=0.9496  (RR-Senkung: 5.0%)  Boot-95%-CI=[0.948, 0.951]
  Training Time                      : 821.98s
======================================================================

[INFO] PyTorch DML Modell gespeichert: output_LXC_causal/S03_supp_double/universe_A/gradeblind_oracle/models

>>> [SCHRITT 2/3] PyTorch Marginal Structural Models (MSM) ...

==============================================================================
   PYTORCH MARGINAL STRUCTURAL MODELS (MSM / IPTW)
   Modus: gradeblind_oracle | Temporal: prev | Device: cpu
==============================================================================

--- Berechne MSM für Maßnahme: FACHLICH (support_glz_fachlich) ---
  • IPTW-Diagnostik: Mean = 1.0018 (Ideal=1.0) | Std = 0.1424 | Range = [0.541, 1.623]
  • Kausale Hazard Ratio: HR = 0.7371 | 95% CI: [0.6858, 0.7923] | Risikoreduktion: +26.29%

--- Berechne MSM für Maßnahme: UEBERFACHLICH (support_glz_ueberfachlich) ---
  • IPTW-Diagnostik: Mean = 0.9926 (Ideal=1.0) | Std = 0.2230 | Range = [0.379, 2.065]
  • Kausale Hazard Ratio: HR = 0.8289 | 95% CI: [0.7603, 0.9037] | Risikoreduktion: +17.11%

--- Berechne MSM für Maßnahme: PSYCHOSOZIAL (support_glz_psychosozial) ---
  • IPTW-Diagnostik: Mean = 1.0009 (Ideal=1.0) | Std = 0.0681 | Range = [0.750, 1.284]
  • Kausale Hazard Ratio: HR = 0.7037 | 95% CI: [0.6398, 0.7739] | Risikoreduktion: +29.63%

--- Berechne MSM für Maßnahme: ALL_SUPPORT (total_support_active) ---
  • IPTW-Diagnostik: Mean = 0.9955 (Ideal=1.0) | Std = 0.1918 | Range = [0.445, 1.747]
  • Kausale Hazard Ratio: HR = 0.7626 | 95% CI: [0.7241, 0.8031] | Risikoreduktion: +23.74%
[INFO] Metriken gespeichert: output_LXC_causal/S03_supp_double/universe_A/gradeblind_oracle/metrics/torch_marginal_structural_model_gradeblind_oracle_prev_metrics.json

======================================================================
  CausalEvaluator -- torch_marginal_structural_model [gradeblind_oracle/prev]
======================================================================
  hr_fachlich                        : HR=0.7371  (RR-Senkung: 26.3%)  Asym-95%-CI=[0.686, 0.792]
  hr_ueberfachlich                   : HR=0.8289  (RR-Senkung: 17.1%)  Asym-95%-CI=[0.760, 0.904]
  hr_psychosozial                    : HR=0.7037  (RR-Senkung: 29.6%)  Asym-95%-CI=[0.640, 0.774]
  hr_all_support                     : HR=0.7626  (RR-Senkung: 23.7%)  Asym-95%-CI=[0.724, 0.803]
  Training Time                      : 538.11s
======================================================================


>>> [SCHRITT 3/3] PyTorch G-Computation / Counterfactual Simulation ...

==============================================================================
   PYTORCH G-COMPUTATION & COUNTERFACTUAL COHORT SIMULATION
   Modus: gradeblind_oracle | Temporal: prev | Device: cpu
==============================================================================

[Schritt 1] Trainiere Übergangshazard-Modell h(t | X, A) ...

[Schritt 2] Simuliere kontrafaktische Kohorten unter do(A=0) und do(A=1) ...

==============================================================================
   G-COMPUTATION ESTIMATION RESULTS (TEST-SET)
==============================================================================
  • Kontrafaktisches Risiko do(A=0) [No Support]  : 21.29 %
  • Kontrafaktisches Risiko do(A=1) [Full Support]: 17.13 %
  • Kausale Absolute Risk Reduction (ARR)         : +4.16 pp
  • Kausales Relative Risk (RR)                   : 0.8045 (Risikoreduktion: 19.55%)
  • Number Needed to Treat (NNT)                  : 24.0 Studierende
==============================================================================

[Schritt 3] 100-Fold Student-Cluster Bootstrap für ARR / RR Konfidenzintervalle ...
  • 95% Bootstrap CI (Relative Risk RR): [0.8014, 0.8088]
  • 95% Bootstrap CI (ARR):             [+4.05 pp, +4.29 pp]
[INFO] Metriken gespeichert: output_LXC_causal/S03_supp_double/universe_A/gradeblind_oracle/metrics/torch_gcomputation_simulation_gradeblind_oracle_prev_metrics.json

======================================================================
  CausalEvaluator -- torch_gcomputation_simulation [gradeblind_oracle/prev]
======================================================================
  gcomputation_rr_full_support       : HR=0.8045  (RR-Senkung: 19.5%)  Boot-95%-CI=[0.801, 0.809]
  gcomputation_arr_full_support      : HR=0.0416  (RR-Senkung: 95.8%)  Asym-95%-CI=[0.042, 0.042]
  Training Time                      : 128.13s
======================================================================


========================================================================================
>>> [LXC CAUSAL EXECUTION] Szenario: S03_supp_double | Universum: universe_A
    Pfad: data_v4_grid/S03_supp_double/universe_A
    Modus: blind | Temporal: prev
========================================================================================
[GROUND TRUTH] A-B Kontrast: True ARR = +11.79 pp | True RR = 0.6822 | NNT = 8.5

>>> [SCHRITT 1/3] PyTorch Double Machine Learning (DML) ...

==============================================================================
   PYTORCH DOUBLE MACHINE LEARNING (DML) SURVIVAL ESTIMATION
   Modus: blind | Temporal: prev | Device: cpu
==============================================================================
Panel: 347323 Zeilen | 50000 Studierende
Confounder (9): ['hzb_note', 'hzb_typ_ord', 'stg_BWL', 'stg_Maschinenbau', 'stg_Psychologie', 'stg_Soziale_Arbeit', 'migrationshintergrund', 'erstakademiker', 'erwerbstaetigkeit_std']
Treatments (3): ['fach_supp_count', 'uebf_supp_count', 'psych_supp_count']

[Stufe 1] 5-Fold Cross-Fitting der Nuisance-Modelle auf Trainingskohorte ...

[Stufe 2a] Analytischer Robinson DML ATE-Schätzer (Neyman-Orthogonal) ...
  • FACH          : ATE = +0.00495 | Asym-SE = 0.00128 | 95% CI: [+0.00244, +0.00747]
  • UEBF          : ATE = +0.00198 | Asym-SE = 0.00071 | 95% CI: [+0.00058, +0.00338]
  • PSYCH         : ATE = +0.00055 | Asym-SE = 0.00064 | 95% CI: [-0.00072, +0.00181]

[Stufe 2b] Trainiere Neuronales DML-Hazard-Netzwerk auf [W, A_tilde] ...

[Stufe 3] Kausale Counterfactual-Inferenz auf Testkohorte ...
  • FACH          : HR = 1.0311 | Isolated RR = 1.0311 | ATE = +0.0011
  • UEBF          : HR = 0.9412 | Isolated RR = 0.9412 | ATE = -0.0020
  • PSYCH         : HR = 0.9441 | Isolated RR = 0.9441 | ATE = -0.0019

[Stufe 3b] Berechne 100-Fold Student-Cluster Bootstrap für empirische CIs ...
[INFO] Metriken gespeichert: output_LXC_causal/S03_supp_double/universe_A/blind/metrics/torch_dml_orthogonal_survival_blind_prev_metrics.json

======================================================================
  CausalEvaluator -- torch_dml_orthogonal_survival [blind/prev]
======================================================================
  hr_fach                            : HR=1.0311  (RR-Senkung: -3.1%)  Boot-95%-CI=[1.028, 1.035]
  hr_uebf                            : HR=0.9412  (RR-Senkung: 5.9%)  Boot-95%-CI=[0.939, 0.944]
  hr_psych                           : HR=0.9441  (RR-Senkung: 5.6%)  Boot-95%-CI=[0.942, 0.946]
  Training Time                      : 720.95s
======================================================================

[INFO] PyTorch DML Modell gespeichert: output_LXC_causal/S03_supp_double/universe_A/blind/models

>>> [SCHRITT 2/3] PyTorch Marginal Structural Models (MSM) ...

==============================================================================
   PYTORCH MARGINAL STRUCTURAL MODELS (MSM / IPTW)
   Modus: blind | Temporal: prev | Device: cpu
==============================================================================

--- Berechne MSM für Maßnahme: FACHLICH (support_glz_fachlich) ---
  • IPTW-Diagnostik: Mean = 1.0018 (Ideal=1.0) | Std = 0.1424 | Range = [0.541, 1.623]
  • Kausale Hazard Ratio: HR = 0.7371 | 95% CI: [0.6858, 0.7923] | Risikoreduktion: +26.29%

--- Berechne MSM für Maßnahme: UEBERFACHLICH (support_glz_ueberfachlich) ---
  • IPTW-Diagnostik: Mean = 0.9926 (Ideal=1.0) | Std = 0.2230 | Range = [0.379, 2.065]
  • Kausale Hazard Ratio: HR = 0.8289 | 95% CI: [0.7603, 0.9037] | Risikoreduktion: +17.11%

--- Berechne MSM für Maßnahme: PSYCHOSOZIAL (support_glz_psychosozial) ---
  • IPTW-Diagnostik: Mean = 1.0009 (Ideal=1.0) | Std = 0.0681 | Range = [0.750, 1.284]
  • Kausale Hazard Ratio: HR = 0.7037 | 95% CI: [0.6398, 0.7739] | Risikoreduktion: +29.63%

--- Berechne MSM für Maßnahme: ALL_SUPPORT (total_support_active) ---
  • IPTW-Diagnostik: Mean = 0.9955 (Ideal=1.0) | Std = 0.1918 | Range = [0.445, 1.747]
  • Kausale Hazard Ratio: HR = 0.7626 | 95% CI: [0.7241, 0.8031] | Risikoreduktion: +23.74%
[INFO] Metriken gespeichert: output_LXC_causal/S03_supp_double/universe_A/blind/metrics/torch_marginal_structural_model_blind_prev_metrics.json

======================================================================
  CausalEvaluator -- torch_marginal_structural_model [blind/prev]
======================================================================
  hr_fachlich                        : HR=0.7371  (RR-Senkung: 26.3%)  Asym-95%-CI=[0.686, 0.792]
  hr_ueberfachlich                   : HR=0.8289  (RR-Senkung: 17.1%)  Asym-95%-CI=[0.760, 0.904]
  hr_psychosozial                    : HR=0.7037  (RR-Senkung: 29.6%)  Asym-95%-CI=[0.640, 0.774]
  hr_all_support                     : HR=0.7626  (RR-Senkung: 23.7%)  Asym-95%-CI=[0.724, 0.803]
  Training Time                      : 543.65s
======================================================================


>>> [SCHRITT 3/3] PyTorch G-Computation / Counterfactual Simulation ...

==============================================================================
   PYTORCH G-COMPUTATION & COUNTERFACTUAL COHORT SIMULATION
   Modus: blind | Temporal: prev | Device: cpu
==============================================================================

[Schritt 1] Trainiere Übergangshazard-Modell h(t | X, A) ...

[Schritt 2] Simuliere kontrafaktische Kohorten unter do(A=0) und do(A=1) ...

==============================================================================
   G-COMPUTATION ESTIMATION RESULTS (TEST-SET)
==============================================================================
  • Kontrafaktisches Risiko do(A=0) [No Support]  : 19.62 %
  • Kontrafaktisches Risiko do(A=1) [Full Support]: 16.70 %
  • Kausale Absolute Risk Reduction (ARR)         : +2.92 pp
  • Kausales Relative Risk (RR)                   : 0.8511 (Risikoreduktion: 14.89%)
  • Number Needed to Treat (NNT)                  : 34.2 Studierende
==============================================================================

[Schritt 3] 100-Fold Student-Cluster Bootstrap für ARR / RR Konfidenzintervalle ...
  • 95% Bootstrap CI (Relative Risk RR): [0.8480, 0.8561]
  • 95% Bootstrap CI (ARR):             [+2.82 pp, +3.02 pp]
[INFO] Metriken gespeichert: output_LXC_causal/S03_supp_double/universe_A/blind/metrics/torch_gcomputation_simulation_blind_prev_metrics.json

======================================================================
  CausalEvaluator -- torch_gcomputation_simulation [blind/prev]
======================================================================
  gcomputation_rr_full_support       : HR=0.8511  (RR-Senkung: 14.9%)  Boot-95%-CI=[0.848, 0.856]
  gcomputation_arr_full_support      : HR=0.0292  (RR-Senkung: 97.1%)  Asym-95%-CI=[0.029, 0.029]
  Training Time                      : 125.94s
======================================================================


========================================================================================
>>> [LXC CAUSAL EXECUTION] Szenario: S07_noise_half | Universum: universe_A
    Pfad: data_v4_grid/S07_noise_half/universe_A
    Modus: inside_view | Temporal: prev
========================================================================================
[GROUND TRUTH] A-B Kontrast: True ARR = +6.33 pp | True RR = 0.8083 | NNT = 15.8

>>> [SCHRITT 1/3] PyTorch Double Machine Learning (DML) ...

==============================================================================
   PYTORCH DOUBLE MACHINE LEARNING (DML) SURVIVAL ESTIMATION
   Modus: inside_view | Temporal: prev | Device: cpu
==============================================================================
Panel: 344664 Zeilen | 50000 Studierende
Confounder (11): ['hzb_note', 'stg_BWL', 'stg_Maschinenbau', 'stg_Psychologie', 'stg_Soziale_Arbeit', 'erwerbstaetigkeit_std', 'hidden_motivation_prev', 'hidden_soziale_integration_prev', 'hidden_erwartete_note_prev', 'hidden_overload_prev', 'hidden_zeit_puffer_static']
Treatments (3): ['fach_supp_count', 'uebf_supp_count', 'psych_supp_count']

[Stufe 1] 5-Fold Cross-Fitting der Nuisance-Modelle auf Trainingskohorte ...

[Stufe 2a] Analytischer Robinson DML ATE-Schätzer (Neyman-Orthogonal) ...
  • FACH          : ATE = +0.00363 | Asym-SE = 0.00130 | 95% CI: [+0.00108, +0.00618]
  • UEBF          : ATE = +0.00094 | Asym-SE = 0.00077 | 95% CI: [-0.00058, +0.00246]
  • PSYCH         : ATE = +0.00017 | Asym-SE = 0.00064 | 95% CI: [-0.00108, +0.00142]

[Stufe 2b] Trainiere Neuronales DML-Hazard-Netzwerk auf [W, A_tilde] ...

[Stufe 3] Kausale Counterfactual-Inferenz auf Testkohorte ...
  • FACH          : HR = 1.0256 | Isolated RR = 1.0256 | ATE = +0.0010
  • UEBF          : HR = 0.8971 | Isolated RR = 0.8971 | ATE = -0.0039
  • PSYCH         : HR = 0.9535 | Isolated RR = 0.9535 | ATE = -0.0018

[Stufe 3b] Berechne 100-Fold Student-Cluster Bootstrap für empirische CIs ...
[INFO] Metriken gespeichert: output_LXC_causal/S07_noise_half/universe_A/inside_view/metrics/torch_dml_orthogonal_survival_inside_view_prev_metrics.json

======================================================================
  CausalEvaluator -- torch_dml_orthogonal_survival [inside_view/prev]
======================================================================
  hr_fach                            : HR=1.0256  (RR-Senkung: -2.6%)  Boot-95%-CI=[1.021, 1.031]
  hr_uebf                            : HR=0.8971  (RR-Senkung: 10.3%)  Boot-95%-CI=[0.895, 0.899]
  hr_psych                           : HR=0.9535  (RR-Senkung: 4.6%)  Boot-95%-CI=[0.952, 0.955]
  Training Time                      : 824.53s
======================================================================

[INFO] PyTorch DML Modell gespeichert: output_LXC_causal/S07_noise_half/universe_A/inside_view/models

>>> [SCHRITT 2/3] PyTorch Marginal Structural Models (MSM) ...

==============================================================================
   PYTORCH MARGINAL STRUCTURAL MODELS (MSM / IPTW)
   Modus: inside_view | Temporal: prev | Device: cpu
==============================================================================

--- Berechne MSM für Maßnahme: FACHLICH (support_glz_fachlich) ---
  • IPTW-Diagnostik: Mean = 0.9988 (Ideal=1.0) | Std = 0.1214 | Range = [0.551, 1.454]
  • Kausale Hazard Ratio: HR = 0.8260 | 95% CI: [0.7685, 0.8877] | Risikoreduktion: +17.40%

--- Berechne MSM für Maßnahme: UEBERFACHLICH (support_glz_ueberfachlich) ---
  • IPTW-Diagnostik: Mean = 0.9905 (Ideal=1.0) | Std = 0.1991 | Range = [0.443, 1.959]
  • Kausale Hazard Ratio: HR = 0.9251 | 95% CI: [0.8535, 1.0027] | Risikoreduktion: +7.49%

--- Berechne MSM für Maßnahme: PSYCHOSOZIAL (support_glz_psychosozial) ---
  • IPTW-Diagnostik: Mean = 1.0025 (Ideal=1.0) | Std = 0.0759 | Range = [0.723, 1.306]
  • Kausale Hazard Ratio: HR = 0.7221 | 95% CI: [0.6610, 0.7889] | Risikoreduktion: +27.79%

--- Berechne MSM für Maßnahme: ALL_SUPPORT (total_support_active) ---
  • IPTW-Diagnostik: Mean = 0.9959 (Ideal=1.0) | Std = 0.1824 | Range = [0.503, 1.736]
  • Kausale Hazard Ratio: HR = 0.8070 | 95% CI: [0.7685, 0.8475] | Risikoreduktion: +19.30%
[INFO] Metriken gespeichert: output_LXC_causal/S07_noise_half/universe_A/inside_view/metrics/torch_marginal_structural_model_inside_view_prev_metrics.json

======================================================================
  CausalEvaluator -- torch_marginal_structural_model [inside_view/prev]
======================================================================
  hr_fachlich                        : HR=0.8260  (RR-Senkung: 17.4%)  Asym-95%-CI=[0.768, 0.888]
  hr_ueberfachlich                   : HR=0.9251  (RR-Senkung: 7.5%)  Asym-95%-CI=[0.854, 1.003]
  hr_psychosozial                    : HR=0.7221  (RR-Senkung: 27.8%)  Asym-95%-CI=[0.661, 0.789]
  hr_all_support                     : HR=0.8070  (RR-Senkung: 19.3%)  Asym-95%-CI=[0.769, 0.847]
  Training Time                      : 530.93s
======================================================================


>>> [SCHRITT 3/3] PyTorch G-Computation / Counterfactual Simulation ...

==============================================================================
   PYTORCH G-COMPUTATION & COUNTERFACTUAL COHORT SIMULATION
   Modus: inside_view | Temporal: prev | Device: cpu
==============================================================================

[Schritt 1] Trainiere Übergangshazard-Modell h(t | X, A) ...

[Schritt 2] Simuliere kontrafaktische Kohorten unter do(A=0) und do(A=1) ...

==============================================================================
   G-COMPUTATION ESTIMATION RESULTS (TEST-SET)
==============================================================================
  • Kontrafaktisches Risiko do(A=0) [No Support]  : 20.16 %
  • Kontrafaktisches Risiko do(A=1) [Full Support]: 16.74 %
  • Kausale Absolute Risk Reduction (ARR)         : +3.41 pp
  • Kausales Relative Risk (RR)                   : 0.8306 (Risikoreduktion: 16.94%)
  • Number Needed to Treat (NNT)                  : 29.3 Studierende
==============================================================================

[Schritt 3] 100-Fold Student-Cluster Bootstrap für ARR / RR Konfidenzintervalle ...
  • 95% Bootstrap CI (Relative Risk RR): [0.8260, 0.8350]
  • 95% Bootstrap CI (ARR):             [+3.29 pp, +3.55 pp]
[INFO] Metriken gespeichert: output_LXC_causal/S07_noise_half/universe_A/inside_view/metrics/torch_gcomputation_simulation_inside_view_prev_metrics.json

======================================================================
  CausalEvaluator -- torch_gcomputation_simulation [inside_view/prev]
======================================================================
  gcomputation_rr_full_support       : HR=0.8306  (RR-Senkung: 16.9%)  Boot-95%-CI=[0.826, 0.835]
  gcomputation_arr_full_support      : HR=0.0341  (RR-Senkung: 96.6%)  Asym-95%-CI=[0.034, 0.034]
  Training Time                      : 125.42s
======================================================================


========================================================================================
>>> [LXC CAUSAL EXECUTION] Szenario: S07_noise_half | Universum: universe_A
    Pfad: data_v4_grid/S07_noise_half/universe_A
    Modus: realistic | Temporal: prev
========================================================================================
[GROUND TRUTH] A-B Kontrast: True ARR = +6.33 pp | True RR = 0.8083 | NNT = 15.8

>>> [SCHRITT 1/3] PyTorch Double Machine Learning (DML) ...

==============================================================================
   PYTORCH DOUBLE MACHINE LEARNING (DML) SURVIVAL ESTIMATION
   Modus: realistic | Temporal: prev | Device: cpu
==============================================================================
Panel: 344664 Zeilen | 50000 Studierende
Confounder (10): ['hzb_note', 'hzb_typ_ord', 'stg_BWL', 'stg_Maschinenbau', 'stg_Psychologie', 'stg_Soziale_Arbeit', 'fails_prev', 'delta_cp_prev', 'cp_rueckstand', 'gpa_prev']
Treatments (2): ['fach_supp_count', 'uebf_supp_count']

[Stufe 1] 5-Fold Cross-Fitting der Nuisance-Modelle auf Trainingskohorte ...

[Stufe 2a] Analytischer Robinson DML ATE-Schätzer (Neyman-Orthogonal) ...
  • FACH          : ATE = +0.00249 | Asym-SE = 0.00132 | 95% CI: [-0.00009, +0.00508]
  • UEBF          : ATE = +0.00106 | Asym-SE = 0.00078 | 95% CI: [-0.00047, +0.00258]

[Stufe 2b] Trainiere Neuronales DML-Hazard-Netzwerk auf [W, A_tilde] ...

[Stufe 3] Kausale Counterfactual-Inferenz auf Testkohorte ...
  • FACH          : HR = 0.9701 | Isolated RR = 0.9701 | ATE = -0.0011
  • UEBF          : HR = 0.8996 | Isolated RR = 0.8996 | ATE = -0.0039

[Stufe 3b] Berechne 100-Fold Student-Cluster Bootstrap für empirische CIs ...
[INFO] Metriken gespeichert: output_LXC_causal/S07_noise_half/universe_A/realistic/metrics/torch_dml_orthogonal_survival_realistic_prev_metrics.json

======================================================================
  CausalEvaluator -- torch_dml_orthogonal_survival [realistic/prev]
======================================================================
  hr_fach                            : HR=0.9701  (RR-Senkung: 3.0%)  Boot-95%-CI=[0.966, 0.974]
  hr_uebf                            : HR=0.8996  (RR-Senkung: 10.0%)  Boot-95%-CI=[0.897, 0.902]
  Training Time                      : 649.61s
======================================================================

[INFO] PyTorch DML Modell gespeichert: output_LXC_causal/S07_noise_half/universe_A/realistic/models

>>> [SCHRITT 2/3] PyTorch Marginal Structural Models (MSM) ...

==============================================================================
   PYTORCH MARGINAL STRUCTURAL MODELS (MSM / IPTW)
   Modus: realistic | Temporal: prev | Device: cpu
==============================================================================

--- Berechne MSM für Maßnahme: FACHLICH (support_glz_fachlich) ---
  • IPTW-Diagnostik: Mean = 0.9988 (Ideal=1.0) | Std = 0.1214 | Range = [0.551, 1.454]
  • Kausale Hazard Ratio: HR = 0.8260 | 95% CI: [0.7685, 0.8877] | Risikoreduktion: +17.40%

--- Berechne MSM für Maßnahme: UEBERFACHLICH (support_glz_ueberfachlich) ---
  • IPTW-Diagnostik: Mean = 0.9905 (Ideal=1.0) | Std = 0.1991 | Range = [0.443, 1.959]
  • Kausale Hazard Ratio: HR = 0.9251 | 95% CI: [0.8535, 1.0027] | Risikoreduktion: +7.49%

--- Berechne MSM für Maßnahme: PSYCHOSOZIAL (support_glz_psychosozial) ---
  • IPTW-Diagnostik: Mean = 1.0025 (Ideal=1.0) | Std = 0.0759 | Range = [0.723, 1.306]
  • Kausale Hazard Ratio: HR = 0.7221 | 95% CI: [0.6610, 0.7889] | Risikoreduktion: +27.79%

--- Berechne MSM für Maßnahme: ALL_SUPPORT (total_support_active) ---
  • IPTW-Diagnostik: Mean = 0.9959 (Ideal=1.0) | Std = 0.1824 | Range = [0.503, 1.736]
  • Kausale Hazard Ratio: HR = 0.8070 | 95% CI: [0.7685, 0.8475] | Risikoreduktion: +19.30%
[INFO] Metriken gespeichert: output_LXC_causal/S07_noise_half/universe_A/realistic/metrics/torch_marginal_structural_model_realistic_prev_metrics.json

======================================================================
  CausalEvaluator -- torch_marginal_structural_model [realistic/prev]
======================================================================
  hr_fachlich                        : HR=0.8260  (RR-Senkung: 17.4%)  Asym-95%-CI=[0.768, 0.888]
  hr_ueberfachlich                   : HR=0.9251  (RR-Senkung: 7.5%)  Asym-95%-CI=[0.854, 1.003]
  hr_psychosozial                    : HR=0.7221  (RR-Senkung: 27.8%)  Asym-95%-CI=[0.661, 0.789]
  hr_all_support                     : HR=0.8070  (RR-Senkung: 19.3%)  Asym-95%-CI=[0.769, 0.847]
  Training Time                      : 538.66s
======================================================================


>>> [SCHRITT 3/3] PyTorch G-Computation / Counterfactual Simulation ...

==============================================================================
   PYTORCH G-COMPUTATION & COUNTERFACTUAL COHORT SIMULATION
   Modus: realistic | Temporal: prev | Device: cpu
==============================================================================

[Schritt 1] Trainiere Übergangshazard-Modell h(t | X, A) ...

[Schritt 2] Simuliere kontrafaktische Kohorten unter do(A=0) und do(A=1) ...

==============================================================================
   G-COMPUTATION ESTIMATION RESULTS (TEST-SET)
==============================================================================
  • Kontrafaktisches Risiko do(A=0) [No Support]  : 19.08 %
  • Kontrafaktisches Risiko do(A=1) [Full Support]: 15.40 %
  • Kausale Absolute Risk Reduction (ARR)         : +3.68 pp
  • Kausales Relative Risk (RR)                   : 0.8071 (Risikoreduktion: 19.29%)
  • Number Needed to Treat (NNT)                  : 27.2 Studierende
==============================================================================

[Schritt 3] 100-Fold Student-Cluster Bootstrap für ARR / RR Konfidenzintervalle ...
  • 95% Bootstrap CI (Relative Risk RR): [0.8043, 0.8092]
  • 95% Bootstrap CI (ARR):             [+3.59 pp, +3.78 pp]
[INFO] Metriken gespeichert: output_LXC_causal/S07_noise_half/universe_A/realistic/metrics/torch_gcomputation_simulation_realistic_prev_metrics.json

======================================================================
  CausalEvaluator -- torch_gcomputation_simulation [realistic/prev]
======================================================================
  gcomputation_rr_full_support       : HR=0.8071  (RR-Senkung: 19.3%)  Boot-95%-CI=[0.804, 0.809]
  gcomputation_arr_full_support      : HR=0.0368  (RR-Senkung: 96.3%)  Asym-95%-CI=[0.037, 0.037]
  Training Time                      : 124.13s
======================================================================


========================================================================================
>>> [LXC CAUSAL EXECUTION] Szenario: S07_noise_half | Universum: universe_A
    Pfad: data_v4_grid/S07_noise_half/universe_A
    Modus: gradeblind_oracle | Temporal: prev
========================================================================================
[GROUND TRUTH] A-B Kontrast: True ARR = +6.33 pp | True RR = 0.8083 | NNT = 15.8

>>> [SCHRITT 1/3] PyTorch Double Machine Learning (DML) ...

==============================================================================
   PYTORCH DOUBLE MACHINE LEARNING (DML) SURVIVAL ESTIMATION
   Modus: gradeblind_oracle | Temporal: prev | Device: cpu
==============================================================================
Panel: 344664 Zeilen | 50000 Studierende
Confounder (17): ['hzb_note', 'hzb_typ_ord', 'stg_BWL', 'stg_Maschinenbau', 'stg_Psychologie', 'stg_Soziale_Arbeit', 'migrationshintergrund', 'erstakademiker', 'erwerbstaetigkeit_std', 'fails_prev', 'delta_cp_prev', 'cp_rueckstand', 'hidden_motivation_prev', 'hidden_soziale_integration_prev', 'hidden_erwartete_note_prev', 'hidden_overload_prev', 'hidden_zeit_puffer_static']
Treatments (3): ['fach_supp_count', 'uebf_supp_count', 'psych_supp_count']

[Stufe 1] 5-Fold Cross-Fitting der Nuisance-Modelle auf Trainingskohorte ...

[Stufe 2a] Analytischer Robinson DML ATE-Schätzer (Neyman-Orthogonal) ...
  • FACH          : ATE = +0.00333 | Asym-SE = 0.00130 | 95% CI: [+0.00079, +0.00587]
  • UEBF          : ATE = +0.00008 | Asym-SE = 0.00077 | 95% CI: [-0.00142, +0.00159]
  • PSYCH         : ATE = -0.00021 | Asym-SE = 0.00066 | 95% CI: [-0.00150, +0.00108]

[Stufe 2b] Trainiere Neuronales DML-Hazard-Netzwerk auf [W, A_tilde] ...

[Stufe 3] Kausale Counterfactual-Inferenz auf Testkohorte ...
  • FACH          : HR = 1.0218 | Isolated RR = 1.0218 | ATE = +0.0008
  • UEBF          : HR = 0.9249 | Isolated RR = 0.9249 | ATE = -0.0028
  • PSYCH         : HR = 0.9543 | Isolated RR = 0.9543 | ATE = -0.0017

[Stufe 3b] Berechne 100-Fold Student-Cluster Bootstrap für empirische CIs ...
[INFO] Metriken gespeichert: output_LXC_causal/S07_noise_half/universe_A/gradeblind_oracle/metrics/torch_dml_orthogonal_survival_gradeblind_oracle_prev_metrics.json

======================================================================
  CausalEvaluator -- torch_dml_orthogonal_survival [gradeblind_oracle/prev]
======================================================================
  hr_fach                            : HR=1.0218  (RR-Senkung: -2.2%)  Boot-95%-CI=[1.018, 1.026]
  hr_uebf                            : HR=0.9249  (RR-Senkung: 7.5%)  Boot-95%-CI=[0.923, 0.927]
  hr_psych                           : HR=0.9543  (RR-Senkung: 4.6%)  Boot-95%-CI=[0.953, 0.956]
  Training Time                      : 859.54s
======================================================================

[INFO] PyTorch DML Modell gespeichert: output_LXC_causal/S07_noise_half/universe_A/gradeblind_oracle/models

>>> [SCHRITT 2/3] PyTorch Marginal Structural Models (MSM) ...

==============================================================================
   PYTORCH MARGINAL STRUCTURAL MODELS (MSM / IPTW)
   Modus: gradeblind_oracle | Temporal: prev | Device: cpu
==============================================================================

--- Berechne MSM für Maßnahme: FACHLICH (support_glz_fachlich) ---
  • IPTW-Diagnostik: Mean = 0.9988 (Ideal=1.0) | Std = 0.1214 | Range = [0.551, 1.454]
  • Kausale Hazard Ratio: HR = 0.8260 | 95% CI: [0.7685, 0.8877] | Risikoreduktion: +17.40%

--- Berechne MSM für Maßnahme: UEBERFACHLICH (support_glz_ueberfachlich) ---
  • IPTW-Diagnostik: Mean = 0.9905 (Ideal=1.0) | Std = 0.1991 | Range = [0.443, 1.959]
  • Kausale Hazard Ratio: HR = 0.9251 | 95% CI: [0.8535, 1.0027] | Risikoreduktion: +7.49%

--- Berechne MSM für Maßnahme: PSYCHOSOZIAL (support_glz_psychosozial) ---
  • IPTW-Diagnostik: Mean = 1.0025 (Ideal=1.0) | Std = 0.0759 | Range = [0.723, 1.306]
  • Kausale Hazard Ratio: HR = 0.7221 | 95% CI: [0.6610, 0.7889] | Risikoreduktion: +27.79%

--- Berechne MSM für Maßnahme: ALL_SUPPORT (total_support_active) ---
  • IPTW-Diagnostik: Mean = 0.9959 (Ideal=1.0) | Std = 0.1824 | Range = [0.503, 1.736]
  • Kausale Hazard Ratio: HR = 0.8070 | 95% CI: [0.7685, 0.8475] | Risikoreduktion: +19.30%
[INFO] Metriken gespeichert: output_LXC_causal/S07_noise_half/universe_A/gradeblind_oracle/metrics/torch_marginal_structural_model_gradeblind_oracle_prev_metrics.json

======================================================================
  CausalEvaluator -- torch_marginal_structural_model [gradeblind_oracle/prev]
======================================================================
  hr_fachlich                        : HR=0.8260  (RR-Senkung: 17.4%)  Asym-95%-CI=[0.768, 0.888]
  hr_ueberfachlich                   : HR=0.9251  (RR-Senkung: 7.5%)  Asym-95%-CI=[0.854, 1.003]
  hr_psychosozial                    : HR=0.7221  (RR-Senkung: 27.8%)  Asym-95%-CI=[0.661, 0.789]
  hr_all_support                     : HR=0.8070  (RR-Senkung: 19.3%)  Asym-95%-CI=[0.769, 0.847]
  Training Time                      : 533.37s
======================================================================


>>> [SCHRITT 3/3] PyTorch G-Computation / Counterfactual Simulation ...

==============================================================================
   PYTORCH G-COMPUTATION & COUNTERFACTUAL COHORT SIMULATION
   Modus: gradeblind_oracle | Temporal: prev | Device: cpu
==============================================================================

[Schritt 1] Trainiere Übergangshazard-Modell h(t | X, A) ...

[Schritt 2] Simuliere kontrafaktische Kohorten unter do(A=0) und do(A=1) ...

==============================================================================
   G-COMPUTATION ESTIMATION RESULTS (TEST-SET)
==============================================================================
  • Kontrafaktisches Risiko do(A=0) [No Support]  : 16.74 %
  • Kontrafaktisches Risiko do(A=1) [Full Support]: 13.83 %
  • Kausale Absolute Risk Reduction (ARR)         : +2.91 pp
  • Kausales Relative Risk (RR)                   : 0.8261 (Risikoreduktion: 17.39%)
  • Number Needed to Treat (NNT)                  : 34.4 Studierende
==============================================================================

[Schritt 3] 100-Fold Student-Cluster Bootstrap für ARR / RR Konfidenzintervalle ...
  • 95% Bootstrap CI (Relative Risk RR): [0.8214, 0.8303]
  • 95% Bootstrap CI (ARR):             [+2.83 pp, +3.02 pp]
[INFO] Metriken gespeichert: output_LXC_causal/S07_noise_half/universe_A/gradeblind_oracle/metrics/torch_gcomputation_simulation_gradeblind_oracle_prev_metrics.json

======================================================================
  CausalEvaluator -- torch_gcomputation_simulation [gradeblind_oracle/prev]
======================================================================
  gcomputation_rr_full_support       : HR=0.8261  (RR-Senkung: 17.4%)  Boot-95%-CI=[0.821, 0.830]
  gcomputation_arr_full_support      : HR=0.0291  (RR-Senkung: 97.1%)  Asym-95%-CI=[0.029, 0.029]
  Training Time                      : 128.48s
======================================================================


========================================================================================
>>> [LXC CAUSAL EXECUTION] Szenario: S07_noise_half | Universum: universe_A
    Pfad: data_v4_grid/S07_noise_half/universe_A
    Modus: blind | Temporal: prev
========================================================================================
[GROUND TRUTH] A-B Kontrast: True ARR = +6.33 pp | True RR = 0.8083 | NNT = 15.8

>>> [SCHRITT 1/3] PyTorch Double Machine Learning (DML) ...

==============================================================================
   PYTORCH DOUBLE MACHINE LEARNING (DML) SURVIVAL ESTIMATION
   Modus: blind | Temporal: prev | Device: cpu
==============================================================================
Panel: 344664 Zeilen | 50000 Studierende
Confounder (9): ['hzb_note', 'hzb_typ_ord', 'stg_BWL', 'stg_Maschinenbau', 'stg_Psychologie', 'stg_Soziale_Arbeit', 'migrationshintergrund', 'erstakademiker', 'erwerbstaetigkeit_std']
Treatments (3): ['fach_supp_count', 'uebf_supp_count', 'psych_supp_count']

[Stufe 1] 5-Fold Cross-Fitting der Nuisance-Modelle auf Trainingskohorte ...

[Stufe 2a] Analytischer Robinson DML ATE-Schätzer (Neyman-Orthogonal) ...
  • FACH          : ATE = +0.00983 | Asym-SE = 0.00138 | 95% CI: [+0.00711, +0.01254]
  • UEBF          : ATE = +0.00346 | Asym-SE = 0.00079 | 95% CI: [+0.00192, +0.00500]
  • PSYCH         : ATE = +0.00163 | Asym-SE = 0.00069 | 95% CI: [+0.00029, +0.00298]

[Stufe 2b] Trainiere Neuronales DML-Hazard-Netzwerk auf [W, A_tilde] ...

[Stufe 3] Kausale Counterfactual-Inferenz auf Testkohorte ...
  • FACH          : HR = 1.1288 | Isolated RR = 1.1288 | ATE = +0.0046
  • UEBF          : HR = 0.8228 | Isolated RR = 0.8228 | ATE = -0.0064
  • PSYCH         : HR = 0.8750 | Isolated RR = 0.8750 | ATE = -0.0045

[Stufe 3b] Berechne 100-Fold Student-Cluster Bootstrap für empirische CIs ...
[INFO] Metriken gespeichert: output_LXC_causal/S07_noise_half/universe_A/blind/metrics/torch_dml_orthogonal_survival_blind_prev_metrics.json

======================================================================
  CausalEvaluator -- torch_dml_orthogonal_survival [blind/prev]
======================================================================
  hr_fach                            : HR=1.1288  (RR-Senkung: -12.9%)  Boot-95%-CI=[1.122, 1.135]
  hr_uebf                            : HR=0.8228  (RR-Senkung: 17.7%)  Boot-95%-CI=[0.819, 0.827]
  hr_psych                           : HR=0.8750  (RR-Senkung: 12.5%)  Boot-95%-CI=[0.873, 0.878]
  Training Time                      : 805.39s
======================================================================

[INFO] PyTorch DML Modell gespeichert: output_LXC_causal/S07_noise_half/universe_A/blind/models

>>> [SCHRITT 2/3] PyTorch Marginal Structural Models (MSM) ...

==============================================================================
   PYTORCH MARGINAL STRUCTURAL MODELS (MSM / IPTW)
   Modus: blind | Temporal: prev | Device: cpu
==============================================================================

--- Berechne MSM für Maßnahme: FACHLICH (support_glz_fachlich) ---
  • IPTW-Diagnostik: Mean = 0.9988 (Ideal=1.0) | Std = 0.1214 | Range = [0.551, 1.454]
  • Kausale Hazard Ratio: HR = 0.8260 | 95% CI: [0.7685, 0.8877] | Risikoreduktion: +17.40%

--- Berechne MSM für Maßnahme: UEBERFACHLICH (support_glz_ueberfachlich) ---
  • IPTW-Diagnostik: Mean = 0.9905 (Ideal=1.0) | Std = 0.1991 | Range = [0.443, 1.959]
  • Kausale Hazard Ratio: HR = 0.9251 | 95% CI: [0.8535, 1.0027] | Risikoreduktion: +7.49%

--- Berechne MSM für Maßnahme: PSYCHOSOZIAL (support_glz_psychosozial) ---
  • IPTW-Diagnostik: Mean = 1.0025 (Ideal=1.0) | Std = 0.0759 | Range = [0.723, 1.306]
  • Kausale Hazard Ratio: HR = 0.7221 | 95% CI: [0.6610, 0.7889] | Risikoreduktion: +27.79%

--- Berechne MSM für Maßnahme: ALL_SUPPORT (total_support_active) ---
  • IPTW-Diagnostik: Mean = 0.9959 (Ideal=1.0) | Std = 0.1824 | Range = [0.503, 1.736]
  • Kausale Hazard Ratio: HR = 0.8070 | 95% CI: [0.7685, 0.8475] | Risikoreduktion: +19.30%
[INFO] Metriken gespeichert: output_LXC_causal/S07_noise_half/universe_A/blind/metrics/torch_marginal_structural_model_blind_prev_metrics.json

======================================================================
  CausalEvaluator -- torch_marginal_structural_model [blind/prev]
======================================================================
  hr_fachlich                        : HR=0.8260  (RR-Senkung: 17.4%)  Asym-95%-CI=[0.768, 0.888]
  hr_ueberfachlich                   : HR=0.9251  (RR-Senkung: 7.5%)  Asym-95%-CI=[0.854, 1.003]
  hr_psychosozial                    : HR=0.7221  (RR-Senkung: 27.8%)  Asym-95%-CI=[0.661, 0.789]
  hr_all_support                     : HR=0.8070  (RR-Senkung: 19.3%)  Asym-95%-CI=[0.769, 0.847]
  Training Time                      : 532.92s
======================================================================


>>> [SCHRITT 3/3] PyTorch G-Computation / Counterfactual Simulation ...

==============================================================================
   PYTORCH G-COMPUTATION & COUNTERFACTUAL COHORT SIMULATION
   Modus: blind | Temporal: prev | Device: cpu
==============================================================================

[Schritt 1] Trainiere Übergangshazard-Modell h(t | X, A) ...

[Schritt 2] Simuliere kontrafaktische Kohorten unter do(A=0) und do(A=1) ...

==============================================================================
   G-COMPUTATION ESTIMATION RESULTS (TEST-SET)
==============================================================================
  • Kontrafaktisches Risiko do(A=0) [No Support]  : 20.19 %
  • Kontrafaktisches Risiko do(A=1) [Full Support]: 15.91 %
  • Kausale Absolute Risk Reduction (ARR)         : +4.28 pp
  • Kausales Relative Risk (RR)                   : 0.7881 (Risikoreduktion: 21.19%)
  • Number Needed to Treat (NNT)                  : 23.4 Studierende
==============================================================================

[Schritt 3] 100-Fold Student-Cluster Bootstrap für ARR / RR Konfidenzintervalle ...
  • 95% Bootstrap CI (Relative Risk RR): [0.7836, 0.7951]
  • 95% Bootstrap CI (ARR):             [+4.14 pp, +4.41 pp]
[INFO] Metriken gespeichert: output_LXC_causal/S07_noise_half/universe_A/blind/metrics/torch_gcomputation_simulation_blind_prev_metrics.json

======================================================================
  CausalEvaluator -- torch_gcomputation_simulation [blind/prev]
======================================================================
  gcomputation_rr_full_support       : HR=0.7881  (RR-Senkung: 21.2%)  Boot-95%-CI=[0.784, 0.795]
  gcomputation_arr_full_support      : HR=0.0428  (RR-Senkung: 95.7%)  Asym-95%-CI=[0.043, 0.043]
  Training Time                      : 125.55s
======================================================================


========================================================================================
>>> [LXC CAUSAL EXECUTION] Szenario: S08_noise_double | Universum: universe_A
    Pfad: data_v4_grid/S08_noise_double/universe_A
    Modus: inside_view | Temporal: prev
========================================================================================
[GROUND TRUTH] A-B Kontrast: True ARR = +7.88 pp | True RR = 0.8080 | NNT = 12.7

>>> [SCHRITT 1/3] PyTorch Double Machine Learning (DML) ...

==============================================================================
   PYTORCH DOUBLE MACHINE LEARNING (DML) SURVIVAL ESTIMATION
   Modus: inside_view | Temporal: prev | Device: cpu
==============================================================================
Panel: 345392 Zeilen | 50000 Studierende
Confounder (11): ['hzb_note', 'stg_BWL', 'stg_Maschinenbau', 'stg_Psychologie', 'stg_Soziale_Arbeit', 'erwerbstaetigkeit_std', 'hidden_motivation_prev', 'hidden_soziale_integration_prev', 'hidden_erwartete_note_prev', 'hidden_overload_prev', 'hidden_zeit_puffer_static']
Treatments (3): ['fach_supp_count', 'uebf_supp_count', 'psych_supp_count']

[Stufe 1] 5-Fold Cross-Fitting der Nuisance-Modelle auf Trainingskohorte ...

[Stufe 2a] Analytischer Robinson DML ATE-Schätzer (Neyman-Orthogonal) ...
  • FACH          : ATE = +0.00135 | Asym-SE = 0.00131 | 95% CI: [-0.00123, +0.00392]
  • UEBF          : ATE = +0.00076 | Asym-SE = 0.00068 | 95% CI: [-0.00058, +0.00210]
  • PSYCH         : ATE = -0.00077 | Asym-SE = 0.00064 | 95% CI: [-0.00202, +0.00049]

[Stufe 2b] Trainiere Neuronales DML-Hazard-Netzwerk auf [W, A_tilde] ...

[Stufe 3] Kausale Counterfactual-Inferenz auf Testkohorte ...
  • FACH          : HR = 0.9919 | Isolated RR = 0.9919 | ATE = -0.0004
  • UEBF          : HR = 0.9321 | Isolated RR = 0.9321 | ATE = -0.0033
  • PSYCH         : HR = 0.9645 | Isolated RR = 0.9645 | ATE = -0.0017

[Stufe 3b] Berechne 100-Fold Student-Cluster Bootstrap für empirische CIs ...
[INFO] Metriken gespeichert: output_LXC_causal/S08_noise_double/universe_A/inside_view/metrics/torch_dml_orthogonal_survival_inside_view_prev_metrics.json

======================================================================
  CausalEvaluator -- torch_dml_orthogonal_survival [inside_view/prev]
======================================================================
  hr_fach                            : HR=0.9919  (RR-Senkung: 0.8%)  Boot-95%-CI=[0.988, 0.995]
  hr_uebf                            : HR=0.9321  (RR-Senkung: 6.8%)  Boot-95%-CI=[0.930, 0.933]
  hr_psych                           : HR=0.9645  (RR-Senkung: 3.6%)  Boot-95%-CI=[0.964, 0.965]
  Training Time                      : 870.67s
======================================================================

[INFO] PyTorch DML Modell gespeichert: output_LXC_causal/S08_noise_double/universe_A/inside_view/models

>>> [SCHRITT 2/3] PyTorch Marginal Structural Models (MSM) ...

==============================================================================
   PYTORCH MARGINAL STRUCTURAL MODELS (MSM / IPTW)
   Modus: inside_view | Temporal: prev | Device: cpu
==============================================================================

--- Berechne MSM für Maßnahme: FACHLICH (support_glz_fachlich) ---
  • IPTW-Diagnostik: Mean = 1.0000 (Ideal=1.0) | Std = 0.1583 | Range = [0.535, 1.658]
  • Kausale Hazard Ratio: HR = 0.7777 | 95% CI: [0.7308, 0.8276] | Risikoreduktion: +22.23%

--- Berechne MSM für Maßnahme: UEBERFACHLICH (support_glz_ueberfachlich) ---
  • IPTW-Diagnostik: Mean = 0.9945 (Ideal=1.0) | Std = 0.2068 | Range = [0.453, 1.943]
  • Kausale Hazard Ratio: HR = 0.8783 | 95% CI: [0.8244, 0.9358] | Risikoreduktion: +12.17%

--- Berechne MSM für Maßnahme: PSYCHOSOZIAL (support_glz_psychosozial) ---
  • IPTW-Diagnostik: Mean = 1.0020 (Ideal=1.0) | Std = 0.0781 | Range = [0.752, 1.339]
  • Kausale Hazard Ratio: HR = 0.7478 | 95% CI: [0.6916, 0.8087] | Risikoreduktion: +25.22%

--- Berechne MSM für Maßnahme: ALL_SUPPORT (total_support_active) ---
  • IPTW-Diagnostik: Mean = 0.9994 (Ideal=1.0) | Std = 0.2170 | Range = [0.448, 1.874]
  • Kausale Hazard Ratio: HR = 0.7797 | 95% CI: [0.7484, 0.8123] | Risikoreduktion: +22.03%
[INFO] Metriken gespeichert: output_LXC_causal/S08_noise_double/universe_A/inside_view/metrics/torch_marginal_structural_model_inside_view_prev_metrics.json

======================================================================
  CausalEvaluator -- torch_marginal_structural_model [inside_view/prev]
======================================================================
  hr_fachlich                        : HR=0.7777  (RR-Senkung: 22.2%)  Asym-95%-CI=[0.731, 0.828]
  hr_ueberfachlich                   : HR=0.8783  (RR-Senkung: 12.2%)  Asym-95%-CI=[0.824, 0.936]
  hr_psychosozial                    : HR=0.7478  (RR-Senkung: 25.2%)  Asym-95%-CI=[0.692, 0.809]
  hr_all_support                     : HR=0.7797  (RR-Senkung: 22.0%)  Asym-95%-CI=[0.748, 0.812]
  Training Time                      : 537.69s
======================================================================


>>> [SCHRITT 3/3] PyTorch G-Computation / Counterfactual Simulation ...

==============================================================================
   PYTORCH G-COMPUTATION & COUNTERFACTUAL COHORT SIMULATION
   Modus: inside_view | Temporal: prev | Device: cpu
==============================================================================

[Schritt 1] Trainiere Übergangshazard-Modell h(t | X, A) ...

[Schritt 2] Simuliere kontrafaktische Kohorten unter do(A=0) und do(A=1) ...

==============================================================================
   G-COMPUTATION ESTIMATION RESULTS (TEST-SET)
==============================================================================
  • Kontrafaktisches Risiko do(A=0) [No Support]  : 25.22 %
  • Kontrafaktisches Risiko do(A=1) [Full Support]: 21.17 %
  • Kausale Absolute Risk Reduction (ARR)         : +4.05 pp
  • Kausales Relative Risk (RR)                   : 0.8395 (Risikoreduktion: 16.05%)
  • Number Needed to Treat (NNT)                  : 24.7 Studierende
==============================================================================

[Schritt 3] 100-Fold Student-Cluster Bootstrap für ARR / RR Konfidenzintervalle ...
  • 95% Bootstrap CI (Relative Risk RR): [0.8375, 0.8425]
  • 95% Bootstrap CI (ARR):             [+3.95 pp, +4.14 pp]
[INFO] Metriken gespeichert: output_LXC_causal/S08_noise_double/universe_A/inside_view/metrics/torch_gcomputation_simulation_inside_view_prev_metrics.json

======================================================================
  CausalEvaluator -- torch_gcomputation_simulation [inside_view/prev]
======================================================================
  gcomputation_rr_full_support       : HR=0.8395  (RR-Senkung: 16.0%)  Boot-95%-CI=[0.837, 0.843]
  gcomputation_arr_full_support      : HR=0.0405  (RR-Senkung: 96.0%)  Asym-95%-CI=[0.040, 0.041]
  Training Time                      : 126.06s
======================================================================


========================================================================================
>>> [LXC CAUSAL EXECUTION] Szenario: S08_noise_double | Universum: universe_A
    Pfad: data_v4_grid/S08_noise_double/universe_A
    Modus: realistic | Temporal: prev
========================================================================================
[GROUND TRUTH] A-B Kontrast: True ARR = +7.88 pp | True RR = 0.8080 | NNT = 12.7

>>> [SCHRITT 1/3] PyTorch Double Machine Learning (DML) ...

==============================================================================
   PYTORCH DOUBLE MACHINE LEARNING (DML) SURVIVAL ESTIMATION
   Modus: realistic | Temporal: prev | Device: cpu
==============================================================================
Panel: 345392 Zeilen | 50000 Studierende
Confounder (10): ['hzb_note', 'hzb_typ_ord', 'stg_BWL', 'stg_Maschinenbau', 'stg_Psychologie', 'stg_Soziale_Arbeit', 'fails_prev', 'delta_cp_prev', 'cp_rueckstand', 'gpa_prev']
Treatments (2): ['fach_supp_count', 'uebf_supp_count']

[Stufe 1] 5-Fold Cross-Fitting der Nuisance-Modelle auf Trainingskohorte ...

[Stufe 2a] Analytischer Robinson DML ATE-Schätzer (Neyman-Orthogonal) ...
  • FACH          : ATE = -0.00060 | Asym-SE = 0.00133 | 95% CI: [-0.00321, +0.00201]
  • UEBF          : ATE = +0.00179 | Asym-SE = 0.00069 | 95% CI: [+0.00044, +0.00313]

[Stufe 2b] Trainiere Neuronales DML-Hazard-Netzwerk auf [W, A_tilde] ...

[Stufe 3] Kausale Counterfactual-Inferenz auf Testkohorte ...
  • FACH          : HR = 0.8880 | Isolated RR = 0.8880 | ATE = -0.0052
  • UEBF          : HR = 0.9332 | Isolated RR = 0.9332 | ATE = -0.0031

[Stufe 3b] Berechne 100-Fold Student-Cluster Bootstrap für empirische CIs ...
[INFO] Metriken gespeichert: output_LXC_causal/S08_noise_double/universe_A/realistic/metrics/torch_dml_orthogonal_survival_realistic_prev_metrics.json

======================================================================
  CausalEvaluator -- torch_dml_orthogonal_survival [realistic/prev]
======================================================================
  hr_fach                            : HR=0.8880  (RR-Senkung: 11.2%)  Boot-95%-CI=[0.885, 0.890]
  hr_uebf                            : HR=0.9332  (RR-Senkung: 6.7%)  Boot-95%-CI=[0.932, 0.935]
  Training Time                      : 681.66s
======================================================================

[INFO] PyTorch DML Modell gespeichert: output_LXC_causal/S08_noise_double/universe_A/realistic/models

>>> [SCHRITT 2/3] PyTorch Marginal Structural Models (MSM) ...

==============================================================================
   PYTORCH MARGINAL STRUCTURAL MODELS (MSM / IPTW)
   Modus: realistic | Temporal: prev | Device: cpu
==============================================================================

--- Berechne MSM für Maßnahme: FACHLICH (support_glz_fachlich) ---
  • IPTW-Diagnostik: Mean = 1.0000 (Ideal=1.0) | Std = 0.1583 | Range = [0.535, 1.658]
  • Kausale Hazard Ratio: HR = 0.7777 | 95% CI: [0.7308, 0.8276] | Risikoreduktion: +22.23%

--- Berechne MSM für Maßnahme: UEBERFACHLICH (support_glz_ueberfachlich) ---
  • IPTW-Diagnostik: Mean = 0.9945 (Ideal=1.0) | Std = 0.2068 | Range = [0.453, 1.943]
  • Kausale Hazard Ratio: HR = 0.8783 | 95% CI: [0.8244, 0.9358] | Risikoreduktion: +12.17%

--- Berechne MSM für Maßnahme: PSYCHOSOZIAL (support_glz_psychosozial) ---
  • IPTW-Diagnostik: Mean = 1.0020 (Ideal=1.0) | Std = 0.0781 | Range = [0.752, 1.339]
  • Kausale Hazard Ratio: HR = 0.7478 | 95% CI: [0.6916, 0.8087] | Risikoreduktion: +25.22%

--- Berechne MSM für Maßnahme: ALL_SUPPORT (total_support_active) ---
  • IPTW-Diagnostik: Mean = 0.9994 (Ideal=1.0) | Std = 0.2170 | Range = [0.448, 1.874]
  • Kausale Hazard Ratio: HR = 0.7797 | 95% CI: [0.7484, 0.8123] | Risikoreduktion: +22.03%
[INFO] Metriken gespeichert: output_LXC_causal/S08_noise_double/universe_A/realistic/metrics/torch_marginal_structural_model_realistic_prev_metrics.json

======================================================================
  CausalEvaluator -- torch_marginal_structural_model [realistic/prev]
======================================================================
  hr_fachlich                        : HR=0.7777  (RR-Senkung: 22.2%)  Asym-95%-CI=[0.731, 0.828]
  hr_ueberfachlich                   : HR=0.8783  (RR-Senkung: 12.2%)  Asym-95%-CI=[0.824, 0.936]
  hr_psychosozial                    : HR=0.7478  (RR-Senkung: 25.2%)  Asym-95%-CI=[0.692, 0.809]
  hr_all_support                     : HR=0.7797  (RR-Senkung: 22.0%)  Asym-95%-CI=[0.748, 0.812]
  Training Time                      : 538.60s
======================================================================


>>> [SCHRITT 3/3] PyTorch G-Computation / Counterfactual Simulation ...

==============================================================================
   PYTORCH G-COMPUTATION & COUNTERFACTUAL COHORT SIMULATION
   Modus: realistic | Temporal: prev | Device: cpu
==============================================================================

[Schritt 1] Trainiere Übergangshazard-Modell h(t | X, A) ...

[Schritt 2] Simuliere kontrafaktische Kohorten unter do(A=0) und do(A=1) ...

==============================================================================
   G-COMPUTATION ESTIMATION RESULTS (TEST-SET)
==============================================================================
  • Kontrafaktisches Risiko do(A=0) [No Support]  : 25.39 %
  • Kontrafaktisches Risiko do(A=1) [Full Support]: 20.59 %
  • Kausale Absolute Risk Reduction (ARR)         : +4.81 pp
  • Kausales Relative Risk (RR)                   : 0.8108 (Risikoreduktion: 18.92%)
  • Number Needed to Treat (NNT)                  : 20.8 Studierende
==============================================================================

[Schritt 3] 100-Fold Student-Cluster Bootstrap für ARR / RR Konfidenzintervalle ...
  • 95% Bootstrap CI (Relative Risk RR): [0.8097, 0.8123]
  • 95% Bootstrap CI (ARR):             [+4.75 pp, +4.87 pp]
[INFO] Metriken gespeichert: output_LXC_causal/S08_noise_double/universe_A/realistic/metrics/torch_gcomputation_simulation_realistic_prev_metrics.json

======================================================================
  CausalEvaluator -- torch_gcomputation_simulation [realistic/prev]
======================================================================
  gcomputation_rr_full_support       : HR=0.8108  (RR-Senkung: 18.9%)  Boot-95%-CI=[0.810, 0.812]
  gcomputation_arr_full_support      : HR=0.0481  (RR-Senkung: 95.2%)  Asym-95%-CI=[0.048, 0.048]
  Training Time                      : 125.19s
======================================================================


========================================================================================
>>> [LXC CAUSAL EXECUTION] Szenario: S08_noise_double | Universum: universe_A
    Pfad: data_v4_grid/S08_noise_double/universe_A
    Modus: gradeblind_oracle | Temporal: prev
========================================================================================
[GROUND TRUTH] A-B Kontrast: True ARR = +7.88 pp | True RR = 0.8080 | NNT = 12.7

>>> [SCHRITT 1/3] PyTorch Double Machine Learning (DML) ...

==============================================================================
   PYTORCH DOUBLE MACHINE LEARNING (DML) SURVIVAL ESTIMATION
   Modus: gradeblind_oracle | Temporal: prev | Device: cpu
==============================================================================
Panel: 345392 Zeilen | 50000 Studierende
Confounder (17): ['hzb_note', 'hzb_typ_ord', 'stg_BWL', 'stg_Maschinenbau', 'stg_Psychologie', 'stg_Soziale_Arbeit', 'migrationshintergrund', 'erstakademiker', 'erwerbstaetigkeit_std', 'fails_prev', 'delta_cp_prev', 'cp_rueckstand', 'hidden_motivation_prev', 'hidden_soziale_integration_prev', 'hidden_erwartete_note_prev', 'hidden_overload_prev', 'hidden_zeit_puffer_static']
Treatments (3): ['fach_supp_count', 'uebf_supp_count', 'psych_supp_count']

[Stufe 1] 5-Fold Cross-Fitting der Nuisance-Modelle auf Trainingskohorte ...

[Stufe 2a] Analytischer Robinson DML ATE-Schätzer (Neyman-Orthogonal) ...
  • FACH          : ATE = +0.00011 | Asym-SE = 0.00131 | 95% CI: [-0.00246, +0.00269]
  • UEBF          : ATE = -0.00008 | Asym-SE = 0.00069 | 95% CI: [-0.00142, +0.00127]
  • PSYCH         : ATE = -0.00117 | Asym-SE = 0.00066 | 95% CI: [-0.00246, +0.00013]

[Stufe 2b] Trainiere Neuronales DML-Hazard-Netzwerk auf [W, A_tilde] ...

[Stufe 3] Kausale Counterfactual-Inferenz auf Testkohorte ...
  • FACH          : HR = 0.9879 | Isolated RR = 0.9879 | ATE = -0.0006
  • UEBF          : HR = 0.9195 | Isolated RR = 0.9195 | ATE = -0.0040
  • PSYCH         : HR = 0.9695 | Isolated RR = 0.9695 | ATE = -0.0015

[Stufe 3b] Berechne 100-Fold Student-Cluster Bootstrap für empirische CIs ...
[INFO] Metriken gespeichert: output_LXC_causal/S08_noise_double/universe_A/gradeblind_oracle/metrics/torch_dml_orthogonal_survival_gradeblind_oracle_prev_metrics.json

======================================================================
  CausalEvaluator -- torch_dml_orthogonal_survival [gradeblind_oracle/prev]
======================================================================
  hr_fach                            : HR=0.9879  (RR-Senkung: 1.2%)  Boot-95%-CI=[0.985, 0.991]
  hr_uebf                            : HR=0.9195  (RR-Senkung: 8.1%)  Boot-95%-CI=[0.918, 0.921]
  hr_psych                           : HR=0.9695  (RR-Senkung: 3.0%)  Boot-95%-CI=[0.968, 0.971]
  Training Time                      : 814.08s
======================================================================

[INFO] PyTorch DML Modell gespeichert: output_LXC_causal/S08_noise_double/universe_A/gradeblind_oracle/models

>>> [SCHRITT 2/3] PyTorch Marginal Structural Models (MSM) ...

==============================================================================
   PYTORCH MARGINAL STRUCTURAL MODELS (MSM / IPTW)
   Modus: gradeblind_oracle | Temporal: prev | Device: cpu
==============================================================================

--- Berechne MSM für Maßnahme: FACHLICH (support_glz_fachlich) ---
  • IPTW-Diagnostik: Mean = 1.0000 (Ideal=1.0) | Std = 0.1583 | Range = [0.535, 1.658]
  • Kausale Hazard Ratio: HR = 0.7777 | 95% CI: [0.7308, 0.8276] | Risikoreduktion: +22.23%

--- Berechne MSM für Maßnahme: UEBERFACHLICH (support_glz_ueberfachlich) ---
  • IPTW-Diagnostik: Mean = 0.9945 (Ideal=1.0) | Std = 0.2068 | Range = [0.453, 1.943]
  • Kausale Hazard Ratio: HR = 0.8783 | 95% CI: [0.8244, 0.9358] | Risikoreduktion: +12.17%

--- Berechne MSM für Maßnahme: PSYCHOSOZIAL (support_glz_psychosozial) ---
  • IPTW-Diagnostik: Mean = 1.0020 (Ideal=1.0) | Std = 0.0781 | Range = [0.752, 1.339]
  • Kausale Hazard Ratio: HR = 0.7478 | 95% CI: [0.6916, 0.8087] | Risikoreduktion: +25.22%

--- Berechne MSM für Maßnahme: ALL_SUPPORT (total_support_active) ---
  • IPTW-Diagnostik: Mean = 0.9994 (Ideal=1.0) | Std = 0.2170 | Range = [0.448, 1.874]
  • Kausale Hazard Ratio: HR = 0.7797 | 95% CI: [0.7484, 0.8123] | Risikoreduktion: +22.03%
[INFO] Metriken gespeichert: output_LXC_causal/S08_noise_double/universe_A/gradeblind_oracle/metrics/torch_marginal_structural_model_gradeblind_oracle_prev_metrics.json

======================================================================
  CausalEvaluator -- torch_marginal_structural_model [gradeblind_oracle/prev]
======================================================================
  hr_fachlich                        : HR=0.7777  (RR-Senkung: 22.2%)  Asym-95%-CI=[0.731, 0.828]
  hr_ueberfachlich                   : HR=0.8783  (RR-Senkung: 12.2%)  Asym-95%-CI=[0.824, 0.936]
  hr_psychosozial                    : HR=0.7478  (RR-Senkung: 25.2%)  Asym-95%-CI=[0.692, 0.809]
  hr_all_support                     : HR=0.7797  (RR-Senkung: 22.0%)  Asym-95%-CI=[0.748, 0.812]
  Training Time                      : 538.71s
======================================================================


>>> [SCHRITT 3/3] PyTorch G-Computation / Counterfactual Simulation ...

==============================================================================
   PYTORCH G-COMPUTATION & COUNTERFACTUAL COHORT SIMULATION
   Modus: gradeblind_oracle | Temporal: prev | Device: cpu
==============================================================================

[Schritt 1] Trainiere Übergangshazard-Modell h(t | X, A) ...

[Schritt 2] Simuliere kontrafaktische Kohorten unter do(A=0) und do(A=1) ...

==============================================================================
   G-COMPUTATION ESTIMATION RESULTS (TEST-SET)
==============================================================================
  • Kontrafaktisches Risiko do(A=0) [No Support]  : 25.19 %
  • Kontrafaktisches Risiko do(A=1) [Full Support]: 21.53 %
  • Kausale Absolute Risk Reduction (ARR)         : +3.65 pp
  • Kausales Relative Risk (RR)                   : 0.8549 (Risikoreduktion: 14.51%)
  • Number Needed to Treat (NNT)                  : 27.4 Studierende
==============================================================================

[Schritt 3] 100-Fold Student-Cluster Bootstrap für ARR / RR Konfidenzintervalle ...
  • 95% Bootstrap CI (Relative Risk RR): [0.8526, 0.8586]
  • 95% Bootstrap CI (ARR):             [+3.57 pp, +3.73 pp]
[INFO] Metriken gespeichert: output_LXC_causal/S08_noise_double/universe_A/gradeblind_oracle/metrics/torch_gcomputation_simulation_gradeblind_oracle_prev_metrics.json

======================================================================
  CausalEvaluator -- torch_gcomputation_simulation [gradeblind_oracle/prev]
======================================================================
  gcomputation_rr_full_support       : HR=0.8549  (RR-Senkung: 14.5%)  Boot-95%-CI=[0.853, 0.859]
  gcomputation_arr_full_support      : HR=0.0365  (RR-Senkung: 96.3%)  Asym-95%-CI=[0.037, 0.037]
  Training Time                      : 126.12s
======================================================================


========================================================================================
>>> [LXC CAUSAL EXECUTION] Szenario: S08_noise_double | Universum: universe_A
    Pfad: data_v4_grid/S08_noise_double/universe_A
    Modus: blind | Temporal: prev
========================================================================================
[GROUND TRUTH] A-B Kontrast: True ARR = +7.88 pp | True RR = 0.8080 | NNT = 12.7

>>> [SCHRITT 1/3] PyTorch Double Machine Learning (DML) ...

==============================================================================
   PYTORCH DOUBLE MACHINE LEARNING (DML) SURVIVAL ESTIMATION
   Modus: blind | Temporal: prev | Device: cpu
==============================================================================
Panel: 345392 Zeilen | 50000 Studierende
Confounder (9): ['hzb_note', 'hzb_typ_ord', 'stg_BWL', 'stg_Maschinenbau', 'stg_Psychologie', 'stg_Soziale_Arbeit', 'migrationshintergrund', 'erstakademiker', 'erwerbstaetigkeit_std']
Treatments (3): ['fach_supp_count', 'uebf_supp_count', 'psych_supp_count']

[Stufe 1] 5-Fold Cross-Fitting der Nuisance-Modelle auf Trainingskohorte ...

[Stufe 2a] Analytischer Robinson DML ATE-Schätzer (Neyman-Orthogonal) ...
  • FACH          : ATE = +0.00515 | Asym-SE = 0.00136 | 95% CI: [+0.00249, +0.00781]
  • UEBF          : ATE = +0.00413 | Asym-SE = 0.00068 | 95% CI: [+0.00279, +0.00546]
  • PSYCH         : ATE = +0.00086 | Asym-SE = 0.00067 | 95% CI: [-0.00045, +0.00216]

[Stufe 2b] Trainiere Neuronales DML-Hazard-Netzwerk auf [W, A_tilde] ...

[Stufe 3] Kausale Counterfactual-Inferenz auf Testkohorte ...
  • FACH          : HR = 1.0468 | Isolated RR = 1.0468 | ATE = +0.0021
  • UEBF          : HR = 0.9373 | Isolated RR = 0.9373 | ATE = -0.0028
  • PSYCH         : HR = 0.9438 | Isolated RR = 0.9438 | ATE = -0.0025

[Stufe 3b] Berechne 100-Fold Student-Cluster Bootstrap für empirische CIs ...
[INFO] Metriken gespeichert: output_LXC_causal/S08_noise_double/universe_A/blind/metrics/torch_dml_orthogonal_survival_blind_prev_metrics.json

======================================================================
  CausalEvaluator -- torch_dml_orthogonal_survival [blind/prev]
======================================================================
  hr_fach                            : HR=1.0468  (RR-Senkung: -4.7%)  Boot-95%-CI=[1.044, 1.050]
  hr_uebf                            : HR=0.9373  (RR-Senkung: 6.3%)  Boot-95%-CI=[0.936, 0.939]
  hr_psych                           : HR=0.9438  (RR-Senkung: 5.6%)  Boot-95%-CI=[0.942, 0.946]
  Training Time                      : 735.14s
======================================================================

[INFO] PyTorch DML Modell gespeichert: output_LXC_causal/S08_noise_double/universe_A/blind/models

>>> [SCHRITT 2/3] PyTorch Marginal Structural Models (MSM) ...

==============================================================================
   PYTORCH MARGINAL STRUCTURAL MODELS (MSM / IPTW)
   Modus: blind | Temporal: prev | Device: cpu
==============================================================================

--- Berechne MSM für Maßnahme: FACHLICH (support_glz_fachlich) ---
  • IPTW-Diagnostik: Mean = 1.0000 (Ideal=1.0) | Std = 0.1583 | Range = [0.535, 1.658]
  • Kausale Hazard Ratio: HR = 0.7777 | 95% CI: [0.7308, 0.8276] | Risikoreduktion: +22.23%

--- Berechne MSM für Maßnahme: UEBERFACHLICH (support_glz_ueberfachlich) ---
  • IPTW-Diagnostik: Mean = 0.9945 (Ideal=1.0) | Std = 0.2068 | Range = [0.453, 1.943]
  • Kausale Hazard Ratio: HR = 0.8783 | 95% CI: [0.8244, 0.9358] | Risikoreduktion: +12.17%

--- Berechne MSM für Maßnahme: PSYCHOSOZIAL (support_glz_psychosozial) ---
  • IPTW-Diagnostik: Mean = 1.0020 (Ideal=1.0) | Std = 0.0781 | Range = [0.752, 1.339]
  • Kausale Hazard Ratio: HR = 0.7478 | 95% CI: [0.6916, 0.8087] | Risikoreduktion: +25.22%

--- Berechne MSM für Maßnahme: ALL_SUPPORT (total_support_active) ---
  • IPTW-Diagnostik: Mean = 0.9994 (Ideal=1.0) | Std = 0.2170 | Range = [0.448, 1.874]
  • Kausale Hazard Ratio: HR = 0.7797 | 95% CI: [0.7484, 0.8123] | Risikoreduktion: +22.03%
[INFO] Metriken gespeichert: output_LXC_causal/S08_noise_double/universe_A/blind/metrics/torch_marginal_structural_model_blind_prev_metrics.json

======================================================================
  CausalEvaluator -- torch_marginal_structural_model [blind/prev]
======================================================================
  hr_fachlich                        : HR=0.7777  (RR-Senkung: 22.2%)  Asym-95%-CI=[0.731, 0.828]
  hr_ueberfachlich                   : HR=0.8783  (RR-Senkung: 12.2%)  Asym-95%-CI=[0.824, 0.936]
  hr_psychosozial                    : HR=0.7478  (RR-Senkung: 25.2%)  Asym-95%-CI=[0.692, 0.809]
  hr_all_support                     : HR=0.7797  (RR-Senkung: 22.0%)  Asym-95%-CI=[0.748, 0.812]
  Training Time                      : 534.85s
======================================================================


>>> [SCHRITT 3/3] PyTorch G-Computation / Counterfactual Simulation ...

==============================================================================
   PYTORCH G-COMPUTATION & COUNTERFACTUAL COHORT SIMULATION
   Modus: blind | Temporal: prev | Device: cpu
==============================================================================

[Schritt 1] Trainiere Übergangshazard-Modell h(t | X, A) ...

[Schritt 2] Simuliere kontrafaktische Kohorten unter do(A=0) und do(A=1) ...

==============================================================================
   G-COMPUTATION ESTIMATION RESULTS (TEST-SET)
==============================================================================
  • Kontrafaktisches Risiko do(A=0) [No Support]  : 24.42 %
  • Kontrafaktisches Risiko do(A=1) [Full Support]: 20.22 %
  • Kausale Absolute Risk Reduction (ARR)         : +4.20 pp
  • Kausales Relative Risk (RR)                   : 0.8280 (Risikoreduktion: 17.20%)
  • Number Needed to Treat (NNT)                  : 23.8 Studierende
==============================================================================

[Schritt 3] 100-Fold Student-Cluster Bootstrap für ARR / RR Konfidenzintervalle ...
  • 95% Bootstrap CI (Relative Risk RR): [0.8249, 0.8313]
  • 95% Bootstrap CI (ARR):             [+4.11 pp, +4.29 pp]
[INFO] Metriken gespeichert: output_LXC_causal/S08_noise_double/universe_A/blind/metrics/torch_gcomputation_simulation_blind_prev_metrics.json

======================================================================
  CausalEvaluator -- torch_gcomputation_simulation [blind/prev]
======================================================================
  gcomputation_rr_full_support       : HR=0.8280  (RR-Senkung: 17.2%)  Boot-95%-CI=[0.825, 0.831]
  gcomputation_arr_full_support      : HR=0.0420  (RR-Senkung: 95.8%)  Asym-95%-CI=[0.042, 0.042]
  Training Time                      : 126.31s
======================================================================


========================================================================================
>>> [LXC CAUSAL EXECUTION] Szenario: S11_rct_calibrated | Universum: universe_A
    Pfad: data_v4_grid/S11_rct_calibrated/universe_A
    Modus: inside_view | Temporal: prev
========================================================================================
[GROUND TRUTH] A-B Kontrast: True ARR = +4.45 pp | True RR = 0.8800 | NNT = 22.5

>>> [SCHRITT 1/3] PyTorch Double Machine Learning (DML) ...

==============================================================================
   PYTORCH DOUBLE MACHINE LEARNING (DML) SURVIVAL ESTIMATION
   Modus: inside_view | Temporal: prev | Device: cpu
==============================================================================
Panel: 341394 Zeilen | 50000 Studierende
Confounder (11): ['hzb_note', 'stg_BWL', 'stg_Maschinenbau', 'stg_Psychologie', 'stg_Soziale_Arbeit', 'erwerbstaetigkeit_std', 'hidden_motivation_prev', 'hidden_soziale_integration_prev', 'hidden_erwartete_note_prev', 'hidden_overload_prev', 'hidden_zeit_puffer_static']
Treatments (3): ['fach_supp_count', 'uebf_supp_count', 'psych_supp_count']

[Stufe 1] 5-Fold Cross-Fitting der Nuisance-Modelle auf Trainingskohorte ...

[Stufe 2a] Analytischer Robinson DML ATE-Schätzer (Neyman-Orthogonal) ...
  • FACH          : ATE = -0.00065 | Asym-SE = 0.00164 | 95% CI: [-0.00387, +0.00256]
  • UEBF          : ATE = -0.00045 | Asym-SE = 0.00065 | 95% CI: [-0.00173, +0.00084]
  • PSYCH         : ATE = -0.00049 | Asym-SE = 0.00067 | 95% CI: [-0.00180, +0.00081]

[Stufe 2b] Trainiere Neuronales DML-Hazard-Netzwerk auf [W, A_tilde] ...

[Stufe 3] Kausale Counterfactual-Inferenz auf Testkohorte ...
  • FACH          : HR = 0.9375 | Isolated RR = 0.9375 | ATE = -0.0030
  • UEBF          : HR = 0.9258 | Isolated RR = 0.9258 | ATE = -0.0036
  • PSYCH         : HR = 0.9522 | Isolated RR = 0.9522 | ATE = -0.0023

[Stufe 3b] Berechne 100-Fold Student-Cluster Bootstrap für empirische CIs ...
[INFO] Metriken gespeichert: output_LXC_causal/S11_rct_calibrated/universe_A/inside_view/metrics/torch_dml_orthogonal_survival_inside_view_prev_metrics.json

======================================================================
  CausalEvaluator -- torch_dml_orthogonal_survival [inside_view/prev]
======================================================================
  hr_fach                            : HR=0.9375  (RR-Senkung: 6.2%)  Boot-95%-CI=[0.933, 0.941]
  hr_uebf                            : HR=0.9258  (RR-Senkung: 7.4%)  Boot-95%-CI=[0.924, 0.927]
  hr_psych                           : HR=0.9522  (RR-Senkung: 4.8%)  Boot-95%-CI=[0.951, 0.953]
  Training Time                      : 712.76s
======================================================================

[INFO] PyTorch DML Modell gespeichert: output_LXC_causal/S11_rct_calibrated/universe_A/inside_view/models

>>> [SCHRITT 2/3] PyTorch Marginal Structural Models (MSM) ...

==============================================================================
   PYTORCH MARGINAL STRUCTURAL MODELS (MSM / IPTW)
   Modus: inside_view | Temporal: prev | Device: cpu
==============================================================================

--- Berechne MSM für Maßnahme: FACHLICH (support_glz_fachlich) ---
  • IPTW-Diagnostik: Mean = 0.9999 (Ideal=1.0) | Std = 0.0693 | Range = [0.790, 1.347]
  • Kausale Hazard Ratio: HR = 0.6745 | 95% CI: [0.6183, 0.7358] | Risikoreduktion: +32.55%

--- Berechne MSM für Maßnahme: UEBERFACHLICH (support_glz_ueberfachlich) ---
  • IPTW-Diagnostik: Mean = 1.0015 (Ideal=1.0) | Std = 0.0677 | Range = [0.767, 1.258]
  • Kausale Hazard Ratio: HR = 0.6837 | 95% CI: [0.6402, 0.7302] | Risikoreduktion: +31.63%

--- Berechne MSM für Maßnahme: PSYCHOSOZIAL (support_glz_psychosozial) ---
  • IPTW-Diagnostik: Mean = 1.0019 (Ideal=1.0) | Std = 0.0629 | Range = [0.767, 1.214]
  • Kausale Hazard Ratio: HR = 0.6815 | 95% CI: [0.6370, 0.7290] | Risikoreduktion: +31.85%

--- Berechne MSM für Maßnahme: ALL_SUPPORT (total_support_active) ---
  • IPTW-Diagnostik: Mean = 1.0020 (Ideal=1.0) | Std = 0.0740 | Range = [0.826, 1.259]
  • Kausale Hazard Ratio: HR = 0.6776 | 95% CI: [0.6489, 0.7076] | Risikoreduktion: +32.24%
[INFO] Metriken gespeichert: output_LXC_causal/S11_rct_calibrated/universe_A/inside_view/metrics/torch_marginal_structural_model_inside_view_prev_metrics.json

======================================================================
  CausalEvaluator -- torch_marginal_structural_model [inside_view/prev]
======================================================================
  hr_fachlich                        : HR=0.6745  (RR-Senkung: 32.6%)  Asym-95%-CI=[0.618, 0.736]
  hr_ueberfachlich                   : HR=0.6837  (RR-Senkung: 31.6%)  Asym-95%-CI=[0.640, 0.730]
  hr_psychosozial                    : HR=0.6815  (RR-Senkung: 31.9%)  Asym-95%-CI=[0.637, 0.729]
  hr_all_support                     : HR=0.6776  (RR-Senkung: 32.2%)  Asym-95%-CI=[0.649, 0.708]
  Training Time                      : 532.83s
======================================================================


>>> [SCHRITT 3/3] PyTorch G-Computation / Counterfactual Simulation ...

==============================================================================
   PYTORCH G-COMPUTATION & COUNTERFACTUAL COHORT SIMULATION
   Modus: inside_view | Temporal: prev | Device: cpu
==============================================================================

[Schritt 1] Trainiere Übergangshazard-Modell h(t | X, A) ...

[Schritt 2] Simuliere kontrafaktische Kohorten unter do(A=0) und do(A=1) ...

==============================================================================
   G-COMPUTATION ESTIMATION RESULTS (TEST-SET)
==============================================================================
  • Kontrafaktisches Risiko do(A=0) [No Support]  : 20.76 %
  • Kontrafaktisches Risiko do(A=1) [Full Support]: 14.98 %
  • Kausale Absolute Risk Reduction (ARR)         : +5.78 pp
  • Kausales Relative Risk (RR)                   : 0.7217 (Risikoreduktion: 27.83%)
  • Number Needed to Treat (NNT)                  : 17.3 Studierende
==============================================================================

[Schritt 3] 100-Fold Student-Cluster Bootstrap für ARR / RR Konfidenzintervalle ...
  • 95% Bootstrap CI (Relative Risk RR): [0.7165, 0.7270]
  • 95% Bootstrap CI (ARR):             [+5.65 pp, +5.93 pp]
[INFO] Metriken gespeichert: output_LXC_causal/S11_rct_calibrated/universe_A/inside_view/metrics/torch_gcomputation_simulation_inside_view_prev_metrics.json

======================================================================
  CausalEvaluator -- torch_gcomputation_simulation [inside_view/prev]
======================================================================
  gcomputation_rr_full_support       : HR=0.7217  (RR-Senkung: 27.8%)  Boot-95%-CI=[0.717, 0.727]
  gcomputation_arr_full_support      : HR=0.0578  (RR-Senkung: 94.2%)  Asym-95%-CI=[0.058, 0.058]
  Training Time                      : 123.95s
======================================================================


========================================================================================
>>> [LXC CAUSAL EXECUTION] Szenario: S11_rct_calibrated | Universum: universe_A
    Pfad: data_v4_grid/S11_rct_calibrated/universe_A
    Modus: realistic | Temporal: prev
========================================================================================
[GROUND TRUTH] A-B Kontrast: True ARR = +4.45 pp | True RR = 0.8800 | NNT = 22.5

>>> [SCHRITT 1/3] PyTorch Double Machine Learning (DML) ...

==============================================================================
   PYTORCH DOUBLE MACHINE LEARNING (DML) SURVIVAL ESTIMATION
   Modus: realistic | Temporal: prev | Device: cpu
==============================================================================
Panel: 341394 Zeilen | 50000 Studierende
Confounder (10): ['hzb_note', 'hzb_typ_ord', 'stg_BWL', 'stg_Maschinenbau', 'stg_Psychologie', 'stg_Soziale_Arbeit', 'fails_prev', 'delta_cp_prev', 'cp_rueckstand', 'gpa_prev']
Treatments (2): ['fach_supp_count', 'uebf_supp_count']

[Stufe 1] 5-Fold Cross-Fitting der Nuisance-Modelle auf Trainingskohorte ...

[Stufe 2a] Analytischer Robinson DML ATE-Schätzer (Neyman-Orthogonal) ...
  • FACH          : ATE = -0.00265 | Asym-SE = 0.00165 | 95% CI: [-0.00588, +0.00057]
  • UEBF          : ATE = -0.00021 | Asym-SE = 0.00067 | 95% CI: [-0.00152, +0.00110]

[Stufe 2b] Trainiere Neuronales DML-Hazard-Netzwerk auf [W, A_tilde] ...

[Stufe 3] Kausale Counterfactual-Inferenz auf Testkohorte ...
  • FACH          : HR = 0.9340 | Isolated RR = 0.9340 | ATE = -0.0031
  • UEBF          : HR = 0.9296 | Isolated RR = 0.9296 | ATE = -0.0034

[Stufe 3b] Berechne 100-Fold Student-Cluster Bootstrap für empirische CIs ...
[INFO] Metriken gespeichert: output_LXC_causal/S11_rct_calibrated/universe_A/realistic/metrics/torch_dml_orthogonal_survival_realistic_prev_metrics.json

======================================================================
  CausalEvaluator -- torch_dml_orthogonal_survival [realistic/prev]
======================================================================
  hr_fach                            : HR=0.9340  (RR-Senkung: 6.6%)  Boot-95%-CI=[0.930, 0.938]
  hr_uebf                            : HR=0.9296  (RR-Senkung: 7.0%)  Boot-95%-CI=[0.928, 0.931]
  Training Time                      : 676.66s
======================================================================

[INFO] PyTorch DML Modell gespeichert: output_LXC_causal/S11_rct_calibrated/universe_A/realistic/models

>>> [SCHRITT 2/3] PyTorch Marginal Structural Models (MSM) ...

==============================================================================
   PYTORCH MARGINAL STRUCTURAL MODELS (MSM / IPTW)
   Modus: realistic | Temporal: prev | Device: cpu
==============================================================================

--- Berechne MSM für Maßnahme: FACHLICH (support_glz_fachlich) ---
  • IPTW-Diagnostik: Mean = 0.9999 (Ideal=1.0) | Std = 0.0693 | Range = [0.790, 1.347]
  • Kausale Hazard Ratio: HR = 0.6745 | 95% CI: [0.6183, 0.7358] | Risikoreduktion: +32.55%

--- Berechne MSM für Maßnahme: UEBERFACHLICH (support_glz_ueberfachlich) ---
  • IPTW-Diagnostik: Mean = 1.0015 (Ideal=1.0) | Std = 0.0677 | Range = [0.767, 1.258]
  • Kausale Hazard Ratio: HR = 0.6837 | 95% CI: [0.6402, 0.7302] | Risikoreduktion: +31.63%

--- Berechne MSM für Maßnahme: PSYCHOSOZIAL (support_glz_psychosozial) ---
  • IPTW-Diagnostik: Mean = 1.0019 (Ideal=1.0) | Std = 0.0629 | Range = [0.767, 1.214]
  • Kausale Hazard Ratio: HR = 0.6815 | 95% CI: [0.6370, 0.7290] | Risikoreduktion: +31.85%

--- Berechne MSM für Maßnahme: ALL_SUPPORT (total_support_active) ---
  • IPTW-Diagnostik: Mean = 1.0020 (Ideal=1.0) | Std = 0.0740 | Range = [0.826, 1.259]
  • Kausale Hazard Ratio: HR = 0.6776 | 95% CI: [0.6489, 0.7076] | Risikoreduktion: +32.24%
[INFO] Metriken gespeichert: output_LXC_causal/S11_rct_calibrated/universe_A/realistic/metrics/torch_marginal_structural_model_realistic_prev_metrics.json

======================================================================
  CausalEvaluator -- torch_marginal_structural_model [realistic/prev]
======================================================================
  hr_fachlich                        : HR=0.6745  (RR-Senkung: 32.6%)  Asym-95%-CI=[0.618, 0.736]
  hr_ueberfachlich                   : HR=0.6837  (RR-Senkung: 31.6%)  Asym-95%-CI=[0.640, 0.730]
  hr_psychosozial                    : HR=0.6815  (RR-Senkung: 31.9%)  Asym-95%-CI=[0.637, 0.729]
  hr_all_support                     : HR=0.6776  (RR-Senkung: 32.2%)  Asym-95%-CI=[0.649, 0.708]
  Training Time                      : 529.34s
======================================================================


>>> [SCHRITT 3/3] PyTorch G-Computation / Counterfactual Simulation ...

==============================================================================
   PYTORCH G-COMPUTATION & COUNTERFACTUAL COHORT SIMULATION
   Modus: realistic | Temporal: prev | Device: cpu
==============================================================================

[Schritt 1] Trainiere Übergangshazard-Modell h(t | X, A) ...

[Schritt 2] Simuliere kontrafaktische Kohorten unter do(A=0) und do(A=1) ...

==============================================================================
   G-COMPUTATION ESTIMATION RESULTS (TEST-SET)
==============================================================================
  • Kontrafaktisches Risiko do(A=0) [No Support]  : 24.63 %
  • Kontrafaktisches Risiko do(A=1) [Full Support]: 18.82 %
  • Kausale Absolute Risk Reduction (ARR)         : +5.82 pp
  • Kausales Relative Risk (RR)                   : 0.7639 (Risikoreduktion: 23.61%)
  • Number Needed to Treat (NNT)                  : 17.2 Studierende
==============================================================================

[Schritt 3] 100-Fold Student-Cluster Bootstrap für ARR / RR Konfidenzintervalle ...
  • 95% Bootstrap CI (Relative Risk RR): [0.7614, 0.7666]
  • 95% Bootstrap CI (ARR):             [+5.74 pp, +5.89 pp]
[INFO] Metriken gespeichert: output_LXC_causal/S11_rct_calibrated/universe_A/realistic/metrics/torch_gcomputation_simulation_realistic_prev_metrics.json

======================================================================
  CausalEvaluator -- torch_gcomputation_simulation [realistic/prev]
======================================================================
  gcomputation_rr_full_support       : HR=0.7639  (RR-Senkung: 23.6%)  Boot-95%-CI=[0.761, 0.767]
  gcomputation_arr_full_support      : HR=0.0582  (RR-Senkung: 94.2%)  Asym-95%-CI=[0.058, 0.058]
  Training Time                      : 125.27s
======================================================================


========================================================================================
>>> [LXC CAUSAL EXECUTION] Szenario: S11_rct_calibrated | Universum: universe_A
    Pfad: data_v4_grid/S11_rct_calibrated/universe_A
    Modus: gradeblind_oracle | Temporal: prev
========================================================================================
[GROUND TRUTH] A-B Kontrast: True ARR = +4.45 pp | True RR = 0.8800 | NNT = 22.5

>>> [SCHRITT 1/3] PyTorch Double Machine Learning (DML) ...

==============================================================================
   PYTORCH DOUBLE MACHINE LEARNING (DML) SURVIVAL ESTIMATION
   Modus: gradeblind_oracle | Temporal: prev | Device: cpu
==============================================================================
Panel: 341394 Zeilen | 50000 Studierende
Confounder (17): ['hzb_note', 'hzb_typ_ord', 'stg_BWL', 'stg_Maschinenbau', 'stg_Psychologie', 'stg_Soziale_Arbeit', 'migrationshintergrund', 'erstakademiker', 'erwerbstaetigkeit_std', 'fails_prev', 'delta_cp_prev', 'cp_rueckstand', 'hidden_motivation_prev', 'hidden_soziale_integration_prev', 'hidden_erwartete_note_prev', 'hidden_overload_prev', 'hidden_zeit_puffer_static']
Treatments (3): ['fach_supp_count', 'uebf_supp_count', 'psych_supp_count']

[Stufe 1] 5-Fold Cross-Fitting der Nuisance-Modelle auf Trainingskohorte ...

[Stufe 2a] Analytischer Robinson DML ATE-Schätzer (Neyman-Orthogonal) ...
  • FACH          : ATE = -0.00095 | Asym-SE = 0.00163 | 95% CI: [-0.00415, +0.00225]
  • UEBF          : ATE = -0.00083 | Asym-SE = 0.00065 | 95% CI: [-0.00211, +0.00045]
  • PSYCH         : ATE = -0.00076 | Asym-SE = 0.00067 | 95% CI: [-0.00206, +0.00055]

[Stufe 2b] Trainiere Neuronales DML-Hazard-Netzwerk auf [W, A_tilde] ...

[Stufe 3] Kausale Counterfactual-Inferenz auf Testkohorte ...
  • FACH          : HR = 0.9478 | Isolated RR = 0.9478 | ATE = -0.0025
  • UEBF          : HR = 0.9438 | Isolated RR = 0.9438 | ATE = -0.0026
  • PSYCH         : HR = 0.9452 | Isolated RR = 0.9452 | ATE = -0.0026

[Stufe 3b] Berechne 100-Fold Student-Cluster Bootstrap für empirische CIs ...
[INFO] Metriken gespeichert: output_LXC_causal/S11_rct_calibrated/universe_A/gradeblind_oracle/metrics/torch_dml_orthogonal_survival_gradeblind_oracle_prev_metrics.json

======================================================================
  CausalEvaluator -- torch_dml_orthogonal_survival [gradeblind_oracle/prev]
======================================================================
  hr_fach                            : HR=0.9478  (RR-Senkung: 5.2%)  Boot-95%-CI=[0.943, 0.951]
  hr_uebf                            : HR=0.9438  (RR-Senkung: 5.6%)  Boot-95%-CI=[0.942, 0.945]
  hr_psych                           : HR=0.9452  (RR-Senkung: 5.5%)  Boot-95%-CI=[0.944, 0.947]
  Training Time                      : 866.31s
======================================================================

[INFO] PyTorch DML Modell gespeichert: output_LXC_causal/S11_rct_calibrated/universe_A/gradeblind_oracle/models

>>> [SCHRITT 2/3] PyTorch Marginal Structural Models (MSM) ...

==============================================================================
   PYTORCH MARGINAL STRUCTURAL MODELS (MSM / IPTW)
   Modus: gradeblind_oracle | Temporal: prev | Device: cpu
==============================================================================

--- Berechne MSM für Maßnahme: FACHLICH (support_glz_fachlich) ---
  • IPTW-Diagnostik: Mean = 0.9999 (Ideal=1.0) | Std = 0.0693 | Range = [0.790, 1.347]
  • Kausale Hazard Ratio: HR = 0.6745 | 95% CI: [0.6183, 0.7358] | Risikoreduktion: +32.55%

--- Berechne MSM für Maßnahme: UEBERFACHLICH (support_glz_ueberfachlich) ---
  • IPTW-Diagnostik: Mean = 1.0015 (Ideal=1.0) | Std = 0.0677 | Range = [0.767, 1.258]
  • Kausale Hazard Ratio: HR = 0.6837 | 95% CI: [0.6402, 0.7302] | Risikoreduktion: +31.63%

--- Berechne MSM für Maßnahme: PSYCHOSOZIAL (support_glz_psychosozial) ---
  • IPTW-Diagnostik: Mean = 1.0019 (Ideal=1.0) | Std = 0.0629 | Range = [0.767, 1.214]
  • Kausale Hazard Ratio: HR = 0.6815 | 95% CI: [0.6370, 0.7290] | Risikoreduktion: +31.85%

--- Berechne MSM für Maßnahme: ALL_SUPPORT (total_support_active) ---
  • IPTW-Diagnostik: Mean = 1.0020 (Ideal=1.0) | Std = 0.0740 | Range = [0.826, 1.259]
  • Kausale Hazard Ratio: HR = 0.6776 | 95% CI: [0.6489, 0.7076] | Risikoreduktion: +32.24%
[INFO] Metriken gespeichert: output_LXC_causal/S11_rct_calibrated/universe_A/gradeblind_oracle/metrics/torch_marginal_structural_model_gradeblind_oracle_prev_metrics.json

======================================================================
  CausalEvaluator -- torch_marginal_structural_model [gradeblind_oracle/prev]
======================================================================
  hr_fachlich                        : HR=0.6745  (RR-Senkung: 32.6%)  Asym-95%-CI=[0.618, 0.736]
  hr_ueberfachlich                   : HR=0.6837  (RR-Senkung: 31.6%)  Asym-95%-CI=[0.640, 0.730]
  hr_psychosozial                    : HR=0.6815  (RR-Senkung: 31.9%)  Asym-95%-CI=[0.637, 0.729]
  hr_all_support                     : HR=0.6776  (RR-Senkung: 32.2%)  Asym-95%-CI=[0.649, 0.708]
  Training Time                      : 533.66s
======================================================================


>>> [SCHRITT 3/3] PyTorch G-Computation / Counterfactual Simulation ...

==============================================================================
   PYTORCH G-COMPUTATION & COUNTERFACTUAL COHORT SIMULATION
   Modus: gradeblind_oracle | Temporal: prev | Device: cpu
==============================================================================

[Schritt 1] Trainiere Übergangshazard-Modell h(t | X, A) ...

[Schritt 2] Simuliere kontrafaktische Kohorten unter do(A=0) und do(A=1) ...

==============================================================================
   G-COMPUTATION ESTIMATION RESULTS (TEST-SET)
==============================================================================
  • Kontrafaktisches Risiko do(A=0) [No Support]  : 24.12 %
  • Kontrafaktisches Risiko do(A=1) [Full Support]: 19.10 %
  • Kausale Absolute Risk Reduction (ARR)         : +5.03 pp
  • Kausales Relative Risk (RR)                   : 0.7916 (Risikoreduktion: 20.84%)
  • Number Needed to Treat (NNT)                  : 19.9 Studierende
==============================================================================

[Schritt 3] 100-Fold Student-Cluster Bootstrap für ARR / RR Konfidenzintervalle ...
  • 95% Bootstrap CI (Relative Risk RR): [0.7877, 0.7970]
  • 95% Bootstrap CI (ARR):             [+4.89 pp, +5.14 pp]
[INFO] Metriken gespeichert: output_LXC_causal/S11_rct_calibrated/universe_A/gradeblind_oracle/metrics/torch_gcomputation_simulation_gradeblind_oracle_prev_metrics.json

======================================================================
  CausalEvaluator -- torch_gcomputation_simulation [gradeblind_oracle/prev]
======================================================================
  gcomputation_rr_full_support       : HR=0.7916  (RR-Senkung: 20.8%)  Boot-95%-CI=[0.788, 0.797]
  gcomputation_arr_full_support      : HR=0.0503  (RR-Senkung: 95.0%)  Asym-95%-CI=[0.050, 0.050]
  Training Time                      : 124.62s
======================================================================


========================================================================================
>>> [LXC CAUSAL EXECUTION] Szenario: S11_rct_calibrated | Universum: universe_A
    Pfad: data_v4_grid/S11_rct_calibrated/universe_A
    Modus: blind | Temporal: prev
========================================================================================
[GROUND TRUTH] A-B Kontrast: True ARR = +4.45 pp | True RR = 0.8800 | NNT = 22.5

>>> [SCHRITT 1/3] PyTorch Double Machine Learning (DML) ...

==============================================================================
   PYTORCH DOUBLE MACHINE LEARNING (DML) SURVIVAL ESTIMATION
   Modus: blind | Temporal: prev | Device: cpu
==============================================================================
Panel: 341394 Zeilen | 50000 Studierende
Confounder (9): ['hzb_note', 'hzb_typ_ord', 'stg_BWL', 'stg_Maschinenbau', 'stg_Psychologie', 'stg_Soziale_Arbeit', 'migrationshintergrund', 'erstakademiker', 'erwerbstaetigkeit_std']
Treatments (3): ['fach_supp_count', 'uebf_supp_count', 'psych_supp_count']

[Stufe 1] 5-Fold Cross-Fitting der Nuisance-Modelle auf Trainingskohorte ...

[Stufe 2a] Analytischer Robinson DML ATE-Schätzer (Neyman-Orthogonal) ...
  • FACH          : ATE = +0.00055 | Asym-SE = 0.00171 | 95% CI: [-0.00280, +0.00391]
  • UEBF          : ATE = +0.00057 | Asym-SE = 0.00069 | 95% CI: [-0.00079, +0.00193]
  • PSYCH         : ATE = +0.00073 | Asym-SE = 0.00071 | 95% CI: [-0.00066, +0.00213]

[Stufe 2b] Trainiere Neuronales DML-Hazard-Netzwerk auf [W, A_tilde] ...

[Stufe 3] Kausale Counterfactual-Inferenz auf Testkohorte ...
  • FACH          : HR = 0.9866 | Isolated RR = 0.9866 | ATE = -0.0007
  • UEBF          : HR = 0.8619 | Isolated RR = 0.8619 | ATE = -0.0072
  • PSYCH         : HR = 0.8903 | Isolated RR = 0.8903 | ATE = -0.0057

[Stufe 3b] Berechne 100-Fold Student-Cluster Bootstrap für empirische CIs ...
[INFO] Metriken gespeichert: output_LXC_causal/S11_rct_calibrated/universe_A/blind/metrics/torch_dml_orthogonal_survival_blind_prev_metrics.json

======================================================================
  CausalEvaluator -- torch_dml_orthogonal_survival [blind/prev]
======================================================================
  hr_fach                            : HR=0.9866  (RR-Senkung: 1.3%)  Boot-95%-CI=[0.983, 0.990]
  hr_uebf                            : HR=0.8619  (RR-Senkung: 13.8%)  Boot-95%-CI=[0.859, 0.864]
  hr_psych                           : HR=0.8903  (RR-Senkung: 11.0%)  Boot-95%-CI=[0.888, 0.892]
  Training Time                      : 739.82s
======================================================================

[INFO] PyTorch DML Modell gespeichert: output_LXC_causal/S11_rct_calibrated/universe_A/blind/models

>>> [SCHRITT 2/3] PyTorch Marginal Structural Models (MSM) ...

==============================================================================
   PYTORCH MARGINAL STRUCTURAL MODELS (MSM / IPTW)
   Modus: blind | Temporal: prev | Device: cpu
==============================================================================

--- Berechne MSM für Maßnahme: FACHLICH (support_glz_fachlich) ---
  • IPTW-Diagnostik: Mean = 0.9999 (Ideal=1.0) | Std = 0.0693 | Range = [0.790, 1.347]
  • Kausale Hazard Ratio: HR = 0.6745 | 95% CI: [0.6183, 0.7358] | Risikoreduktion: +32.55%

--- Berechne MSM für Maßnahme: UEBERFACHLICH (support_glz_ueberfachlich) ---
  • IPTW-Diagnostik: Mean = 1.0015 (Ideal=1.0) | Std = 0.0677 | Range = [0.767, 1.258]
  • Kausale Hazard Ratio: HR = 0.6837 | 95% CI: [0.6402, 0.7302] | Risikoreduktion: +31.63%

--- Berechne MSM für Maßnahme: PSYCHOSOZIAL (support_glz_psychosozial) ---
  • IPTW-Diagnostik: Mean = 1.0019 (Ideal=1.0) | Std = 0.0629 | Range = [0.767, 1.214]
  • Kausale Hazard Ratio: HR = 0.6815 | 95% CI: [0.6370, 0.7290] | Risikoreduktion: +31.85%

--- Berechne MSM für Maßnahme: ALL_SUPPORT (total_support_active) ---
  • IPTW-Diagnostik: Mean = 1.0020 (Ideal=1.0) | Std = 0.0740 | Range = [0.826, 1.259]
  • Kausale Hazard Ratio: HR = 0.6776 | 95% CI: [0.6489, 0.7076] | Risikoreduktion: +32.24%
[INFO] Metriken gespeichert: output_LXC_causal/S11_rct_calibrated/universe_A/blind/metrics/torch_marginal_structural_model_blind_prev_metrics.json

======================================================================
  CausalEvaluator -- torch_marginal_structural_model [blind/prev]
======================================================================
  hr_fachlich                        : HR=0.6745  (RR-Senkung: 32.6%)  Asym-95%-CI=[0.618, 0.736]
  hr_ueberfachlich                   : HR=0.6837  (RR-Senkung: 31.6%)  Asym-95%-CI=[0.640, 0.730]
  hr_psychosozial                    : HR=0.6815  (RR-Senkung: 31.9%)  Asym-95%-CI=[0.637, 0.729]
  hr_all_support                     : HR=0.6776  (RR-Senkung: 32.2%)  Asym-95%-CI=[0.649, 0.708]
  Training Time                      : 533.41s
======================================================================


>>> [SCHRITT 3/3] PyTorch G-Computation / Counterfactual Simulation ...

==============================================================================
   PYTORCH G-COMPUTATION & COUNTERFACTUAL COHORT SIMULATION
   Modus: blind | Temporal: prev | Device: cpu
==============================================================================

[Schritt 1] Trainiere Übergangshazard-Modell h(t | X, A) ...

[Schritt 2] Simuliere kontrafaktische Kohorten unter do(A=0) und do(A=1) ...

==============================================================================
   G-COMPUTATION ESTIMATION RESULTS (TEST-SET)
==============================================================================
  • Kontrafaktisches Risiko do(A=0) [No Support]  : 25.38 %
  • Kontrafaktisches Risiko do(A=1) [Full Support]: 16.65 %
  • Kausale Absolute Risk Reduction (ARR)         : +8.73 pp
  • Kausales Relative Risk (RR)                   : 0.6560 (Risikoreduktion: 34.40%)
  • Number Needed to Treat (NNT)                  : 11.5 Studierende
==============================================================================

[Schritt 3] 100-Fold Student-Cluster Bootstrap für ARR / RR Konfidenzintervalle ...
  • 95% Bootstrap CI (Relative Risk RR): [0.6518, 0.6624]
  • 95% Bootstrap CI (ARR):             [+8.56 pp, +8.91 pp]
[INFO] Metriken gespeichert: output_LXC_causal/S11_rct_calibrated/universe_A/blind/metrics/torch_gcomputation_simulation_blind_prev_metrics.json

======================================================================
  CausalEvaluator -- torch_gcomputation_simulation [blind/prev]
======================================================================
  gcomputation_rr_full_support       : HR=0.6560  (RR-Senkung: 34.4%)  Boot-95%-CI=[0.652, 0.662]
  gcomputation_arr_full_support      : HR=0.0873  (RR-Senkung: 91.3%)  Asym-95%-CI=[0.087, 0.087]
  Training Time                      : 123.48s
======================================================================


[INFO] Gesamt-JSON gespeichert: output_LXC_causal/causal_benchmark_summary.json

[INFO] Zusammenfassender Markdown-Bericht gespeichert: output_LXC_causal/causal_benchmark_summary.md

########################################################################################
   PYTORCH CAUSAL LXC BATCH-RUN ERFOLGREICH BEENDET
   Gesamtlaufzeit: 572.11 Minuten (34326.3 s)
   Ergebnisse archiviert in: output_LXC_causal
########################################################################################
