C:\GitHub_public\Abschlussprojekt\src\aggregate.py:182: FutureWarning: DataFrameGroupBy.apply operated on the grouping columns. This behavior is deprecated, and in a future version of pandas the grouping columns will be excluded from the operation. Either pass `include_groups=False` to exclude the groupings or explicitly select the grouping columns after groupby to silence this warning.
  avg_cp_sem12 = (sem12_pr.apply(lambda df: df[df['bestanden']]['cp'].sum()) / 2.0).rename('AVG_cp_sem1-2')
C:\GitHub_public\Abschlussprojekt\src\aggregate.py:183: FutureWarning: DataFrameGroupBy.apply operated on the grouping columns. This behavior is deprecated, and in a future version of pandas the grouping columns will be excluded from the operation. Either pass `include_groups=False` to exclude the groupings or explicitly select the grouping columns after groupby to silence this warning.
  avg_cp_sem14 = (sem14_pr.apply(lambda df: df[df['bestanden']]['cp'].sum()) / 4.0).rename('AVG_cp_sem1-4')
C:\GitHub_public\Abschlussprojekt\src\aggregate.py:184: FutureWarning: DataFrameGroupBy.apply operated on the grouping columns. This behavior is deprecated, and in a future version of pandas the grouping columns will be excluded from the operation. Either pass `include_groups=False` to exclude the groupings or explicitly select the grouping columns after groupby to silence this warning.
  fehlversuche_sem12 = sem12_pr.apply(lambda df: (~df['bestanden']).sum()).rename('fehlversuche_sem12')
C:\GitHub_public\Abschlussprojekt\src\aggregate.py:205: FutureWarning: DataFrameGroupBy.apply operated on the grouping columns. This behavior is deprecated, and in a future version of pandas the grouping columns will be excluded from the operation. Either pass `include_groups=False` to exclude the groupings or explicitly select the grouping columns after groupby to silence this warning.
  fach_supp = sup_grouped.apply(lambda df: (df['typ'] == 'fachlich').any()).rename('Fach_supp')
C:\GitHub_public\Abschlussprojekt\src\aggregate.py:206: FutureWarning: DataFrameGroupBy.apply operated on the grouping columns. This behavior is deprecated, and in a future version of pandas the grouping columns will be excluded from the operation. Either pass `include_groups=False` to exclude the groupings or explicitly select the grouping columns after groupby to silence this warning.
  uebf_supp = sup_grouped.apply(lambda df: (df['typ'] == 'ueberfachlich').any()).rename('Uebf_supp')
C:\GitHub_public\Abschlussprojekt\src\aggregate.py:207: FutureWarning: DataFrameGroupBy.apply operated on the grouping columns. This behavior is deprecated, and in a future version of pandas the grouping columns will be excluded from the operation. Either pass `include_groups=False` to exclude the groupings or explicitly select the grouping columns after groupby to silence this warning.
  psych_supp = sup_grouped.apply(lambda df: (df['typ'] == 'psychosozial').any()).rename('Psych_supp')
C:\GitHub_public\Abschlussprojekt\src\aggregate.py:214: FutureWarning: DataFrameGroupBy.apply operated on the grouping columns. This behavior is deprecated, and in a future version of pandas the grouping columns will be excluded from the operation. Either pass `include_groups=False` to exclude the groupings or explicitly select the grouping columns after groupby to silence this warning.
  fach_supp_sem12 = sup_sem12_grouped.apply(lambda df: (df['typ'] == 'fachlich').any()).rename('Fach_supp_sem12')
C:\GitHub_public\Abschlussprojekt\src\aggregate.py:215: FutureWarning: DataFrameGroupBy.apply operated on the grouping columns. This behavior is deprecated, and in a future version of pandas the grouping columns will be excluded from the operation. Either pass `include_groups=False` to exclude the groupings or explicitly select the grouping columns after groupby to silence this warning.
  uebf_supp_sem12 = sup_sem12_grouped.apply(lambda df: (df['typ'] == 'ueberfachlich').any()).rename('Uebf_supp_sem12')
C:\GitHub_public\Abschlussprojekt\src\aggregate.py:216: FutureWarning: DataFrameGroupBy.apply operated on the grouping columns. This behavior is deprecated, and in a future version of pandas the grouping columns will be excluded from the operation. Either pass `include_groups=False` to exclude the groupings or explicitly select the grouping columns after groupby to silence this warning.
  psych_supp_sem12 = sup_sem12_grouped.apply(lambda df: (df['typ'] == 'psychosozial').any()).rename('Psych_supp_sem12')
C:\GitHub_public\Abschlussprojekt\src\aggregate.py:237: FutureWarning: Downcasting object dtype arrays on .fillna, .ffill, .bfill is deprecated and will change in a future version. Call result.infer_objects(copy=False) instead. To opt-in to the future behavior, set `pd.set_option('future.no_silent_downcasting', True)`
  stud_agg['Fach_supp'] = stud_agg['Fach_supp'].fillna(False).astype(bool)
C:\GitHub_public\Abschlussprojekt\src\aggregate.py:238: FutureWarning: Downcasting object dtype arrays on .fillna, .ffill, .bfill is deprecated and will change in a future version. Call result.infer_objects(copy=False) instead. To opt-in to the future behavior, set `pd.set_option('future.no_silent_downcasting', True)`
  stud_agg['Uebf_supp'] = stud_agg['Uebf_supp'].fillna(False).astype(bool)
C:\GitHub_public\Abschlussprojekt\src\aggregate.py:239: FutureWarning: Downcasting object dtype arrays on .fillna, .ffill, .bfill is deprecated and will change in a future version. Call result.infer_objects(copy=False) instead. To opt-in to the future behavior, set `pd.set_option('future.no_silent_downcasting', True)`
  stud_agg['Psych_supp'] = stud_agg['Psych_supp'].fillna(False).astype(bool)
C:\GitHub_public\Abschlussprojekt\src\aggregate.py:243: FutureWarning: Downcasting object dtype arrays on .fillna, .ffill, .bfill is deprecated and will change in a future version. Call result.infer_objects(copy=False) instead. To opt-in to the future behavior, set `pd.set_option('future.no_silent_downcasting', True)`
  stud_agg['Fach_supp_sem12'] = stud_agg['Fach_supp_sem12'].fillna(False).astype(bool)
C:\GitHub_public\Abschlussprojekt\src\aggregate.py:244: FutureWarning: Downcasting object dtype arrays on .fillna, .ffill, .bfill is deprecated and will change in a future version. Call result.infer_objects(copy=False) instead. To opt-in to the future behavior, set `pd.set_option('future.no_silent_downcasting', True)`
  stud_agg['Uebf_supp_sem12'] = stud_agg['Uebf_supp_sem12'].fillna(False).astype(bool)
C:\GitHub_public\Abschlussprojekt\src\aggregate.py:245: FutureWarning: Downcasting object dtype arrays on .fillna, .ffill, .bfill is deprecated and will change in a future version. Call result.infer_objects(copy=False) instead. To opt-in to the future behavior, set `pd.set_option('future.no_silent_downcasting', True)`
  stud_agg['Psych_supp_sem12'] = stud_agg['Psych_supp_sem12'].fillna(False).astype(bool)
C:\GitHub_public\Abschlussprojekt\src\aggregate.py:182: FutureWarning: DataFrameGroupBy.apply operated on the grouping columns. This behavior is deprecated, and in a future version of pandas the grouping columns will be excluded from the operation. Either pass `include_groups=False` to exclude the groupings or explicitly select the grouping columns after groupby to silence this warning.
  avg_cp_sem12 = (sem12_pr.apply(lambda df: df[df['bestanden']]['cp'].sum()) / 2.0).rename('AVG_cp_sem1-2')
C:\GitHub_public\Abschlussprojekt\src\aggregate.py:183: FutureWarning: DataFrameGroupBy.apply operated on the grouping columns. This behavior is deprecated, and in a future version of pandas the grouping columns will be excluded from the operation. Either pass `include_groups=False` to exclude the groupings or explicitly select the grouping columns after groupby to silence this warning.
  avg_cp_sem14 = (sem14_pr.apply(lambda df: df[df['bestanden']]['cp'].sum()) / 4.0).rename('AVG_cp_sem1-4')
C:\GitHub_public\Abschlussprojekt\src\aggregate.py:184: FutureWarning: DataFrameGroupBy.apply operated on the grouping columns. This behavior is deprecated, and in a future version of pandas the grouping columns will be excluded from the operation. Either pass `include_groups=False` to exclude the groupings or explicitly select the grouping columns after groupby to silence this warning.
  fehlversuche_sem12 = sem12_pr.apply(lambda df: (~df['bestanden']).sum()).rename('fehlversuche_sem12')
C:\GitHub_public\Abschlussprojekt\src\aggregate.py:182: FutureWarning: DataFrameGroupBy.apply operated on the grouping columns. This behavior is deprecated, and in a future version of pandas the grouping columns will be excluded from the operation. Either pass `include_groups=False` to exclude the groupings or explicitly select the grouping columns after groupby to silence this warning.
  avg_cp_sem12 = (sem12_pr.apply(lambda df: df[df['bestanden']]['cp'].sum()) / 2.0).rename('AVG_cp_sem1-2')
C:\GitHub_public\Abschlussprojekt\src\aggregate.py:183: FutureWarning: DataFrameGroupBy.apply operated on the grouping columns. This behavior is deprecated, and in a future version of pandas the grouping columns will be excluded from the operation. Either pass `include_groups=False` to exclude the groupings or explicitly select the grouping columns after groupby to silence this warning.
  avg_cp_sem14 = (sem14_pr.apply(lambda df: df[df['bestanden']]['cp'].sum()) / 4.0).rename('AVG_cp_sem1-4')
C:\GitHub_public\Abschlussprojekt\src\aggregate.py:184: FutureWarning: DataFrameGroupBy.apply operated on the grouping columns. This behavior is deprecated, and in a future version of pandas the grouping columns will be excluded from the operation. Either pass `include_groups=False` to exclude the groupings or explicitly select the grouping columns after groupby to silence this warning.
  fehlversuche_sem12 = sem12_pr.apply(lambda df: (~df['bestanden']).sum()).rename('fehlversuche_sem12')
C:\GitHub_public\Abschlussprojekt\src\aggregate.py:205: FutureWarning: DataFrameGroupBy.apply operated on the grouping columns. This behavior is deprecated, and in a future version of pandas the grouping columns will be excluded from the operation. Either pass `include_groups=False` to exclude the groupings or explicitly select the grouping columns after groupby to silence this warning.
  fach_supp = sup_grouped.apply(lambda df: (df['typ'] == 'fachlich').any()).rename('Fach_supp')
C:\GitHub_public\Abschlussprojekt\src\aggregate.py:206: FutureWarning: DataFrameGroupBy.apply operated on the grouping columns. This behavior is deprecated, and in a future version of pandas the grouping columns will be excluded from the operation. Either pass `include_groups=False` to exclude the groupings or explicitly select the grouping columns after groupby to silence this warning.
  uebf_supp = sup_grouped.apply(lambda df: (df['typ'] == 'ueberfachlich').any()).rename('Uebf_supp')
C:\GitHub_public\Abschlussprojekt\src\aggregate.py:207: FutureWarning: DataFrameGroupBy.apply operated on the grouping columns. This behavior is deprecated, and in a future version of pandas the grouping columns will be excluded from the operation. Either pass `include_groups=False` to exclude the groupings or explicitly select the grouping columns after groupby to silence this warning.
  psych_supp = sup_grouped.apply(lambda df: (df['typ'] == 'psychosozial').any()).rename('Psych_supp')
C:\GitHub_public\Abschlussprojekt\src\aggregate.py:214: FutureWarning: DataFrameGroupBy.apply operated on the grouping columns. This behavior is deprecated, and in a future version of pandas the grouping columns will be excluded from the operation. Either pass `include_groups=False` to exclude the groupings or explicitly select the grouping columns after groupby to silence this warning.
  fach_supp_sem12 = sup_sem12_grouped.apply(lambda df: (df['typ'] == 'fachlich').any()).rename('Fach_supp_sem12')
C:\GitHub_public\Abschlussprojekt\src\aggregate.py:215: FutureWarning: DataFrameGroupBy.apply operated on the grouping columns. This behavior is deprecated, and in a future version of pandas the grouping columns will be excluded from the operation. Either pass `include_groups=False` to exclude the groupings or explicitly select the grouping columns after groupby to silence this warning.
  uebf_supp_sem12 = sup_sem12_grouped.apply(lambda df: (df['typ'] == 'ueberfachlich').any()).rename('Uebf_supp_sem12')
C:\GitHub_public\Abschlussprojekt\src\aggregate.py:216: FutureWarning: DataFrameGroupBy.apply operated on the grouping columns. This behavior is deprecated, and in a future version of pandas the grouping columns will be excluded from the operation. Either pass `include_groups=False` to exclude the groupings or explicitly select the grouping columns after groupby to silence this warning.
  psych_supp_sem12 = sup_sem12_grouped.apply(lambda df: (df['typ'] == 'psychosozial').any()).rename('Psych_supp_sem12')
C:\GitHub_public\Abschlussprojekt\src\aggregate.py:237: FutureWarning: Downcasting object dtype arrays on .fillna, .ffill, .bfill is deprecated and will change in a future version. Call result.infer_objects(copy=False) instead. To opt-in to the future behavior, set `pd.set_option('future.no_silent_downcasting', True)`
  stud_agg['Fach_supp'] = stud_agg['Fach_supp'].fillna(False).astype(bool)
C:\GitHub_public\Abschlussprojekt\src\aggregate.py:238: FutureWarning: Downcasting object dtype arrays on .fillna, .ffill, .bfill is deprecated and will change in a future version. Call result.infer_objects(copy=False) instead. To opt-in to the future behavior, set `pd.set_option('future.no_silent_downcasting', True)`
  stud_agg['Uebf_supp'] = stud_agg['Uebf_supp'].fillna(False).astype(bool)
C:\GitHub_public\Abschlussprojekt\src\aggregate.py:239: FutureWarning: Downcasting object dtype arrays on .fillna, .ffill, .bfill is deprecated and will change in a future version. Call result.infer_objects(copy=False) instead. To opt-in to the future behavior, set `pd.set_option('future.no_silent_downcasting', True)`
  stud_agg['Psych_supp'] = stud_agg['Psych_supp'].fillna(False).astype(bool)
C:\GitHub_public\Abschlussprojekt\src\aggregate.py:243: FutureWarning: Downcasting object dtype arrays on .fillna, .ffill, .bfill is deprecated and will change in a future version. Call result.infer_objects(copy=False) instead. To opt-in to the future behavior, set `pd.set_option('future.no_silent_downcasting', True)`
  stud_agg['Fach_supp_sem12'] = stud_agg['Fach_supp_sem12'].fillna(False).astype(bool)
C:\GitHub_public\Abschlussprojekt\src\aggregate.py:244: FutureWarning: Downcasting object dtype arrays on .fillna, .ffill, .bfill is deprecated and will change in a future version. Call result.infer_objects(copy=False) instead. To opt-in to the future behavior, set `pd.set_option('future.no_silent_downcasting', True)`
  stud_agg['Uebf_supp_sem12'] = stud_agg['Uebf_supp_sem12'].fillna(False).astype(bool)
C:\GitHub_public\Abschlussprojekt\src\aggregate.py:245: FutureWarning: Downcasting object dtype arrays on .fillna, .ffill, .bfill is deprecated and will change in a future version. Call result.infer_objects(copy=False) instead. To opt-in to the future behavior, set `pd.set_option('future.no_silent_downcasting', True)`
  stud_agg['Psych_supp_sem12'] = stud_agg['Psych_supp_sem12'].fillna(False).astype(bool)
C:\GitHub_public\Abschlussprojekt\src\aggregate.py:182: FutureWarning: DataFrameGroupBy.apply operated on the grouping columns. This behavior is deprecated, and in a future version of pandas the grouping columns will be excluded from the operation. Either pass `include_groups=False` to exclude the groupings or explicitly select the grouping columns after groupby to silence this warning.
  avg_cp_sem12 = (sem12_pr.apply(lambda df: df[df['bestanden']]['cp'].sum()) / 2.0).rename('AVG_cp_sem1-2')
C:\GitHub_public\Abschlussprojekt\src\aggregate.py:183: FutureWarning: DataFrameGroupBy.apply operated on the grouping columns. This behavior is deprecated, and in a future version of pandas the grouping columns will be excluded from the operation. Either pass `include_groups=False` to exclude the groupings or explicitly select the grouping columns after groupby to silence this warning.
  avg_cp_sem14 = (sem14_pr.apply(lambda df: df[df['bestanden']]['cp'].sum()) / 4.0).rename('AVG_cp_sem1-4')
C:\GitHub_public\Abschlussprojekt\src\aggregate.py:184: FutureWarning: DataFrameGroupBy.apply operated on the grouping columns. This behavior is deprecated, and in a future version of pandas the grouping columns will be excluded from the operation. Either pass `include_groups=False` to exclude the groupings or explicitly select the grouping columns after groupby to silence this warning.
  fehlversuche_sem12 = sem12_pr.apply(lambda df: (~df['bestanden']).sum()).rename('fehlversuche_sem12')
C:\GitHub_public\Abschlussprojekt\src\aggregate.py:205: FutureWarning: DataFrameGroupBy.apply operated on the grouping columns. This behavior is deprecated, and in a future version of pandas the grouping columns will be excluded from the operation. Either pass `include_groups=False` to exclude the groupings or explicitly select the grouping columns after groupby to silence this warning.
  fach_supp = sup_grouped.apply(lambda df: (df['typ'] == 'fachlich').any()).rename('Fach_supp')
C:\GitHub_public\Abschlussprojekt\src\aggregate.py:206: FutureWarning: DataFrameGroupBy.apply operated on the grouping columns. This behavior is deprecated, and in a future version of pandas the grouping columns will be excluded from the operation. Either pass `include_groups=False` to exclude the groupings or explicitly select the grouping columns after groupby to silence this warning.
  uebf_supp = sup_grouped.apply(lambda df: (df['typ'] == 'ueberfachlich').any()).rename('Uebf_supp')
C:\GitHub_public\Abschlussprojekt\src\aggregate.py:207: FutureWarning: DataFrameGroupBy.apply operated on the grouping columns. This behavior is deprecated, and in a future version of pandas the grouping columns will be excluded from the operation. Either pass `include_groups=False` to exclude the groupings or explicitly select the grouping columns after groupby to silence this warning.
  psych_supp = sup_grouped.apply(lambda df: (df['typ'] == 'psychosozial').any()).rename('Psych_supp')
C:\GitHub_public\Abschlussprojekt\src\aggregate.py:214: FutureWarning: DataFrameGroupBy.apply operated on the grouping columns. This behavior is deprecated, and in a future version of pandas the grouping columns will be excluded from the operation. Either pass `include_groups=False` to exclude the groupings or explicitly select the grouping columns after groupby to silence this warning.
  fach_supp_sem12 = sup_sem12_grouped.apply(lambda df: (df['typ'] == 'fachlich').any()).rename('Fach_supp_sem12')
C:\GitHub_public\Abschlussprojekt\src\aggregate.py:215: FutureWarning: DataFrameGroupBy.apply operated on the grouping columns. This behavior is deprecated, and in a future version of pandas the grouping columns will be excluded from the operation. Either pass `include_groups=False` to exclude the groupings or explicitly select the grouping columns after groupby to silence this warning.
  uebf_supp_sem12 = sup_sem12_grouped.apply(lambda df: (df['typ'] == 'ueberfachlich').any()).rename('Uebf_supp_sem12')
C:\GitHub_public\Abschlussprojekt\src\aggregate.py:216: FutureWarning: DataFrameGroupBy.apply operated on the grouping columns. This behavior is deprecated, and in a future version of pandas the grouping columns will be excluded from the operation. Either pass `include_groups=False` to exclude the groupings or explicitly select the grouping columns after groupby to silence this warning.
  psych_supp_sem12 = sup_sem12_grouped.apply(lambda df: (df['typ'] == 'psychosozial').any()).rename('Psych_supp_sem12')
C:\GitHub_public\Abschlussprojekt\src\aggregate.py:237: FutureWarning: Downcasting object dtype arrays on .fillna, .ffill, .bfill is deprecated and will change in a future version. Call result.infer_objects(copy=False) instead. To opt-in to the future behavior, set `pd.set_option('future.no_silent_downcasting', True)`
  stud_agg['Fach_supp'] = stud_agg['Fach_supp'].fillna(False).astype(bool)
C:\GitHub_public\Abschlussprojekt\src\aggregate.py:238: FutureWarning: Downcasting object dtype arrays on .fillna, .ffill, .bfill is deprecated and will change in a future version. Call result.infer_objects(copy=False) instead. To opt-in to the future behavior, set `pd.set_option('future.no_silent_downcasting', True)`
  stud_agg['Uebf_supp'] = stud_agg['Uebf_supp'].fillna(False).astype(bool)
C:\GitHub_public\Abschlussprojekt\src\aggregate.py:239: FutureWarning: Downcasting object dtype arrays on .fillna, .ffill, .bfill is deprecated and will change in a future version. Call result.infer_objects(copy=False) instead. To opt-in to the future behavior, set `pd.set_option('future.no_silent_downcasting', True)`
  stud_agg['Psych_supp'] = stud_agg['Psych_supp'].fillna(False).astype(bool)
C:\GitHub_public\Abschlussprojekt\src\aggregate.py:243: FutureWarning: Downcasting object dtype arrays on .fillna, .ffill, .bfill is deprecated and will change in a future version. Call result.infer_objects(copy=False) instead. To opt-in to the future behavior, set `pd.set_option('future.no_silent_downcasting', True)`
  stud_agg['Fach_supp_sem12'] = stud_agg['Fach_supp_sem12'].fillna(False).astype(bool)
C:\GitHub_public\Abschlussprojekt\src\aggregate.py:244: FutureWarning: Downcasting object dtype arrays on .fillna, .ffill, .bfill is deprecated and will change in a future version. Call result.infer_objects(copy=False) instead. To opt-in to the future behavior, set `pd.set_option('future.no_silent_downcasting', True)`
  stud_agg['Uebf_supp_sem12'] = stud_agg['Uebf_supp_sem12'].fillna(False).astype(bool)
C:\GitHub_public\Abschlussprojekt\src\aggregate.py:245: FutureWarning: Downcasting object dtype arrays on .fillna, .ffill, .bfill is deprecated and will change in a future version. Call result.infer_objects(copy=False) instead. To opt-in to the future behavior, set `pd.set_option('future.no_silent_downcasting', True)`
  stud_agg['Psych_supp_sem12'] = stud_agg['Psych_supp_sem12'].fillna(False).astype(bool)
C:\GitHub_public\Abschlussprojekt\src\aggregate.py:182: FutureWarning: DataFrameGroupBy.apply operated on the grouping columns. This behavior is deprecated, and in a future version of pandas the grouping columns will be excluded from the operation. Either pass `include_groups=False` to exclude the groupings or explicitly select the grouping columns after groupby to silence this warning.
  avg_cp_sem12 = (sem12_pr.apply(lambda df: df[df['bestanden']]['cp'].sum()) / 2.0).rename('AVG_cp_sem1-2')
C:\GitHub_public\Abschlussprojekt\src\aggregate.py:183: FutureWarning: DataFrameGroupBy.apply operated on the grouping columns. This behavior is deprecated, and in a future version of pandas the grouping columns will be excluded from the operation. Either pass `include_groups=False` to exclude the groupings or explicitly select the grouping columns after groupby to silence this warning.
  avg_cp_sem14 = (sem14_pr.apply(lambda df: df[df['bestanden']]['cp'].sum()) / 4.0).rename('AVG_cp_sem1-4')
C:\GitHub_public\Abschlussprojekt\src\aggregate.py:184: FutureWarning: DataFrameGroupBy.apply operated on the grouping columns. This behavior is deprecated, and in a future version of pandas the grouping columns will be excluded from the operation. Either pass `include_groups=False` to exclude the groupings or explicitly select the grouping columns after groupby to silence this warning.
  fehlversuche_sem12 = sem12_pr.apply(lambda df: (~df['bestanden']).sum()).rename('fehlversuche_sem12')
C:\GitHub_public\Abschlussprojekt\src\aggregate.py:205: FutureWarning: DataFrameGroupBy.apply operated on the grouping columns. This behavior is deprecated, and in a future version of pandas the grouping columns will be excluded from the operation. Either pass `include_groups=False` to exclude the groupings or explicitly select the grouping columns after groupby to silence this warning.
  fach_supp = sup_grouped.apply(lambda df: (df['typ'] == 'fachlich').any()).rename('Fach_supp')
C:\GitHub_public\Abschlussprojekt\src\aggregate.py:206: FutureWarning: DataFrameGroupBy.apply operated on the grouping columns. This behavior is deprecated, and in a future version of pandas the grouping columns will be excluded from the operation. Either pass `include_groups=False` to exclude the groupings or explicitly select the grouping columns after groupby to silence this warning.
  uebf_supp = sup_grouped.apply(lambda df: (df['typ'] == 'ueberfachlich').any()).rename('Uebf_supp')
C:\GitHub_public\Abschlussprojekt\src\aggregate.py:207: FutureWarning: DataFrameGroupBy.apply operated on the grouping columns. This behavior is deprecated, and in a future version of pandas the grouping columns will be excluded from the operation. Either pass `include_groups=False` to exclude the groupings or explicitly select the grouping columns after groupby to silence this warning.
  psych_supp = sup_grouped.apply(lambda df: (df['typ'] == 'psychosozial').any()).rename('Psych_supp')
C:\GitHub_public\Abschlussprojekt\src\aggregate.py:214: FutureWarning: DataFrameGroupBy.apply operated on the grouping columns. This behavior is deprecated, and in a future version of pandas the grouping columns will be excluded from the operation. Either pass `include_groups=False` to exclude the groupings or explicitly select the grouping columns after groupby to silence this warning.
  fach_supp_sem12 = sup_sem12_grouped.apply(lambda df: (df['typ'] == 'fachlich').any()).rename('Fach_supp_sem12')
C:\GitHub_public\Abschlussprojekt\src\aggregate.py:215: FutureWarning: DataFrameGroupBy.apply operated on the grouping columns. This behavior is deprecated, and in a future version of pandas the grouping columns will be excluded from the operation. Either pass `include_groups=False` to exclude the groupings or explicitly select the grouping columns after groupby to silence this warning.
  uebf_supp_sem12 = sup_sem12_grouped.apply(lambda df: (df['typ'] == 'ueberfachlich').any()).rename('Uebf_supp_sem12')
C:\GitHub_public\Abschlussprojekt\src\aggregate.py:216: FutureWarning: DataFrameGroupBy.apply operated on the grouping columns. This behavior is deprecated, and in a future version of pandas the grouping columns will be excluded from the operation. Either pass `include_groups=False` to exclude the groupings or explicitly select the grouping columns after groupby to silence this warning.
  psych_supp_sem12 = sup_sem12_grouped.apply(lambda df: (df['typ'] == 'psychosozial').any()).rename('Psych_supp_sem12')
C:\GitHub_public\Abschlussprojekt\src\aggregate.py:237: FutureWarning: Downcasting object dtype arrays on .fillna, .ffill, .bfill is deprecated and will change in a future version. Call result.infer_objects(copy=False) instead. To opt-in to the future behavior, set `pd.set_option('future.no_silent_downcasting', True)`
  stud_agg['Fach_supp'] = stud_agg['Fach_supp'].fillna(False).astype(bool)
C:\GitHub_public\Abschlussprojekt\src\aggregate.py:238: FutureWarning: Downcasting object dtype arrays on .fillna, .ffill, .bfill is deprecated and will change in a future version. Call result.infer_objects(copy=False) instead. To opt-in to the future behavior, set `pd.set_option('future.no_silent_downcasting', True)`
  stud_agg['Uebf_supp'] = stud_agg['Uebf_supp'].fillna(False).astype(bool)
C:\GitHub_public\Abschlussprojekt\src\aggregate.py:239: FutureWarning: Downcasting object dtype arrays on .fillna, .ffill, .bfill is deprecated and will change in a future version. Call result.infer_objects(copy=False) instead. To opt-in to the future behavior, set `pd.set_option('future.no_silent_downcasting', True)`
  stud_agg['Psych_supp'] = stud_agg['Psych_supp'].fillna(False).astype(bool)
C:\GitHub_public\Abschlussprojekt\src\aggregate.py:243: FutureWarning: Downcasting object dtype arrays on .fillna, .ffill, .bfill is deprecated and will change in a future version. Call result.infer_objects(copy=False) instead. To opt-in to the future behavior, set `pd.set_option('future.no_silent_downcasting', True)`
  stud_agg['Fach_supp_sem12'] = stud_agg['Fach_supp_sem12'].fillna(False).astype(bool)
C:\GitHub_public\Abschlussprojekt\src\aggregate.py:244: FutureWarning: Downcasting object dtype arrays on .fillna, .ffill, .bfill is deprecated and will change in a future version. Call result.infer_objects(copy=False) instead. To opt-in to the future behavior, set `pd.set_option('future.no_silent_downcasting', True)`
  stud_agg['Uebf_supp_sem12'] = stud_agg['Uebf_supp_sem12'].fillna(False).astype(bool)
C:\GitHub_public\Abschlussprojekt\src\aggregate.py:245: FutureWarning: Downcasting object dtype arrays on .fillna, .ffill, .bfill is deprecated and will change in a future version. Call result.infer_objects(copy=False) instead. To opt-in to the future behavior, set `pd.set_option('future.no_silent_downcasting', True)`
  stud_agg['Psych_supp_sem12'] = stud_agg['Psych_supp_sem12'].fillna(False).astype(bool)
C:\GitHub_public\Abschlussprojekt\src\calculate_true_effect.py:35: SettingWithCopyWarning: 
A value is trying to be set on a copy of a slice from a DataFrame.
Try using .loc[row_indexer,col_indexer] = value instead

See the caveats in the documentation: https://pandas.pydata.org/pandas-docs/stable/user_guide/indexing.html#returning-a-view-versus-a-copy
  treated["note_diff"] = treated["note"] - treated["note_counterfactual"]
C:\Users\wilfr\OneDrive\Dokumente\Data Science\.venv\Lib\site-packages\sklearn\svm\_base.py:313: ConvergenceWarning: Solver terminated early (max_iter=3000).  Consider pre-processing your data with StandardScaler or MinMaxScaler.
  warnings.warn(
C:\Users\wilfr\OneDrive\Dokumente\Data Science\.venv\Lib\site-packages\keras\src\layers\core\dense.py:107: UserWarning: Do not pass an `input_shape`/`input_dim` argument to a layer. When using Sequential models, prefer using an `Input(shape)` object as the first layer in the model instead.
  super().__init__(activity_regularizer=activity_regularizer, **kwargs)
WARNING: All log messages before absl::InitializeLog() is called are written to STDERR
I0000 00:00:1786507585.068908   27176 cpu_feature_guard.cc:227] This TensorFlow binary is optimized to use available CPU instructions in performance-critical operations.
To enable the following instructions: SSE3 SSE4.1 SSE4.2 AVX AVX2 FMA, in other operations, rebuild TensorFlow with the appropriate compiler flags.
WARNING:tensorflow:TensorFlow GPU support is not available on native Windows for TensorFlow >= 2.11. Even if CUDA/cuDNN are installed, GPU will not be used. Please use WSL2 or the TensorFlow-DirectML plugin.
======================================================================
   MASTER-ORCHESTRIERUNG: VOLLST├äNDIGER NACHTLAUF
   Start: 2026-08-12 03:37:08
======================================================================

======================================================================
  SCHRITT: 1. Simulation V3 (5 Universen)
======================================================================

  UNIVERSUM A: Alle Support-Typen erlaubt
    Dropout-Rate = 26.93% (13464/50000)
  [OK] semester.csv                    36 Zeilen
  [OK] studiengaenge.csv                5 Zeilen
  [OK] module.csv                      89 Zeilen
  [OK] modul_studiengang.csv           89 Zeilen
  [OK] support_angebote.csv            12 Zeilen
  [OK] support_modul_zuordnung.csv       44 Zeilen
  [OK] studierende.csv              50000 Zeilen
  [OK] einschreibungen.csv         355793 Zeilen
  [OK] pruefungen.csv              829827 Zeilen
  [OK] support_teilnahmen.csv      144663 Zeilen
  [OK] abschluesse.csv              50000 Zeilen
Starte Datenaggregation ...
  [OK] agg_pruefungen.csv (829827 Zeilen)
  [OK] agg_abschluesse.csv (50000 Zeilen)

  UNIVERSUM B: Kein Support (komplett blockiert)
    Dropout-Rate = 30.79% (15393/50000)
  [OK] semester.csv                    36 Zeilen
  [OK] studiengaenge.csv                5 Zeilen
  [OK] module.csv                      89 Zeilen
  [OK] modul_studiengang.csv           89 Zeilen
  [OK] support_angebote.csv            12 Zeilen
  [OK] support_modul_zuordnung.csv       44 Zeilen
  [OK] studierende.csv              50000 Zeilen
  [OK] einschreibungen.csv         348266 Zeilen
  [OK] pruefungen.csv              827496 Zeilen
  [OK] support_teilnahmen.csv           0 Zeilen
  [OK] abschluesse.csv              50000 Zeilen
Starte Datenaggregation ...
  [OK] agg_pruefungen.csv (827496 Zeilen)
  [OK] agg_abschluesse.csv (50000 Zeilen)

  UNIVERSUM C: Kein fachlicher Support
    Dropout-Rate = 27.01% (13503/50000)
  [OK] semester.csv                    36 Zeilen
  [OK] studiengaenge.csv                5 Zeilen
  [OK] module.csv                      89 Zeilen
  [OK] modul_studiengang.csv           89 Zeilen
  [OK] support_angebote.csv            12 Zeilen
  [OK] support_modul_zuordnung.csv       44 Zeilen
  [OK] studierende.csv              50000 Zeilen
  [OK] einschreibungen.csv         354482 Zeilen
  [OK] pruefungen.csv              833373 Zeilen
  [OK] support_teilnahmen.csv       58508 Zeilen
  [OK] abschluesse.csv              50000 Zeilen
Starte Datenaggregation ...
  [OK] agg_pruefungen.csv (833373 Zeilen)
  [OK] agg_abschluesse.csv (50000 Zeilen)

  UNIVERSUM D: Kein ueberfachlicher Support
    Dropout-Rate = 28.94% (14468/50000)
  [OK] semester.csv                    36 Zeilen
  [OK] studiengaenge.csv                5 Zeilen
  [OK] module.csv                      89 Zeilen
  [OK] modul_studiengang.csv           89 Zeilen
  [OK] support_angebote.csv            12 Zeilen
  [OK] support_modul_zuordnung.csv       44 Zeilen
  [OK] studierende.csv              50000 Zeilen
  [OK] einschreibungen.csv         352834 Zeilen
  [OK] pruefungen.csv              827642 Zeilen
  [OK] support_teilnahmen.csv      113934 Zeilen
  [OK] abschluesse.csv              50000 Zeilen
Starte Datenaggregation ...
  [OK] agg_pruefungen.csv (827642 Zeilen)
  [OK] agg_abschluesse.csv (50000 Zeilen)

  UNIVERSUM E: Kein psychosozialer Support
    Dropout-Rate = 28.39% (14196/50000)
  [OK] semester.csv                    36 Zeilen
  [OK] studiengaenge.csv                5 Zeilen
  [OK] module.csv                      89 Zeilen
  [OK] modul_studiengang.csv           89 Zeilen
  [OK] support_angebote.csv            12 Zeilen
  [OK] support_modul_zuordnung.csv       44 Zeilen
  [OK] studierende.csv              50000 Zeilen
  [OK] einschreibungen.csv         353755 Zeilen
  [OK] pruefungen.csv              828441 Zeilen
  [OK] support_teilnahmen.csv      121593 Zeilen
  [OK] abschluesse.csv              50000 Zeilen
Starte Datenaggregation ...
  [OK] agg_pruefungen.csv (828441 Zeilen)
  [OK] agg_abschluesse.csv (50000 Zeilen)

  Makro-Effekte gespeichert in: ..\output_dl\metrics\true_macro_effects_v3.json
  [OK] 1. Simulation V3 (5 Universen) abgeschlossen in 147.7 Min.

======================================================================
  SCHRITT: 2. Datenvalidierung
======================================================================
Starte Validierung und Dokumentations-Generierung ...
  [OK] DATENSATZ_DOKU.md erfolgreich geschrieben.
  [OK] 2. Datenvalidierung abgeschlossen in 0.0 Min.

======================================================================
  SCHRITT: 3. Ground-Truth Mikro-Effekte
======================================================================
======================================================================
   GROUND TRUTH EFFEKT-ANALYSE (SIMULATION LOGIC)
======================================================================
Anzahl Support-Behandlungen in Modulpr├╝fungen: 36,225
-> Durchschnittliche Notenverbesserung (ATT): -0.780 Notenpunkte
-> Tats├ñchliche Bestehensquote (mit Support): 93.33%
-> Kontrafaktische Bestehensquote (ohne Support): 80.27%
-> Absoluter Zuwachs in der Bestehensquote: 13.06 Prozentpunkte

Fazit:
Diese Werte repr├ñsentieren den kausalen Grundmechanismus des Datengenerators.
Das Double Machine Learning (DML) Panel zielt darauf ab, diese durch
Confounding ├╝berlagerten Effekte in Form einer Hazard Ratio abzubilden.
  [OK] 3. Ground-Truth Mikro-Effekte abgeschlossen in 0.0 Min.

======================================================================
  SCHRITT: 4. Alle Modell-Trainings (20+ Modelle)
======================================================================
================================================================================
   STARTE COMPLETE MODELL-SUITE (STANDARD, EXTENDED & KAUSAL-VARIANTEN)
================================================================================

>>> [1/20] Trainere MLP Baseline Classification (Standard & Blind) ...
======================================================================
STATUS-VORHERSAGE: 3-WEGE SPLIT (TRAIN / VAL / TEST, blind=False)
======================================================================
Lade Daten aus ..\output_dl\agg_abschluesse.csv (blind=False) ...
Nutze 13 ehrliche Features (Demographie + Sem 1-2 Landmark, blind=False) f├╝r die Vorhersage.
Verwendete Features: ['hzb_note', 'hzb_typ', 'erstakademiker', 'erwerbstaetigkeit_std', 'stg_name', 'AVG_note_sem1-2', 'AVG_cp_sem1-2', 'fehlversuche_sem12', 'Fach_supp_sem12', 'Uebf_supp_sem12', 'Psych_supp_sem12', 'support_exposure_count_sem12', 'any_support_sem12']

Datensatz-Aufteilung:
  - Training Set:   35000 Muster (70%)
  - Validation Set: 7500 Muster (15%)
  - Test Set:       7500 Muster (15%)

--------------------------------------------------
1. TRAINIERE NAIVE BAYES BASELINE
--------------------------------------------------
Validation Accuracy: 73.20%

--------------------------------------------------
2. TRAINIERE RANDOM FOREST CLASSIFIER
--------------------------------------------------
Validation Accuracy: 80.16%

--------------------------------------------------
3. TRAINIERE SUPPORT VECTOR MACHINE (SVC)
--------------------------------------------------
Validation Accuracy: 74.84%

--------------------------------------------------
4. TRAINIERE KERAS MULTI-LAYER PERCEPTRON (MLP)
--------------------------------------------------
Validation Accuracy: 80.55%

######################################################################
  ABSCHLIESSENDE EVALUIERUNG AUF DEM HELD-OUT TEST-SET (15% = 1.500 Muster)
######################################################################

============================================================
 MODELL: Naive Bayes (Test Accuracy: 72.87%)
============================================================

[1] Classification Report:
                     precision    recall  f1-score   support

        abgebrochen       0.53      0.37      0.44      2020
      abgeschlossen       0.86      0.87      0.86      5213
     exmatrikuliert       0.22      0.75      0.34       205
zeitueberschreitung       0.20      0.29      0.24        62

           accuracy                           0.73      7500
          macro avg       0.45      0.57      0.47      7500
       weighted avg       0.75      0.73      0.73      7500
C:\Users\wilfr\OneDrive\Dokumente\Data Science\.venv\Lib\site-packages\sklearn\svm\_base.py:313: ConvergenceWarning: Solver terminated early (max_iter=3000).  Consider pre-processing your data with StandardScaler or MinMaxScaler.
  warnings.warn(
C:\Users\wilfr\OneDrive\Dokumente\Data Science\.venv\Lib\site-packages\keras\src\layers\core\dense.py:107: UserWarning: Do not pass an `input_shape`/`input_dim` argument to a layer. When using Sequential models, prefer using an `Input(shape)` object as the first layer in the model instead.
  super().__init__(activity_regularizer=activity_regularizer, **kwargs)

[2] Confusion Matrix:
                           Pred: abgebrochen  Pred: abgeschlossen  Pred: exmatrikuliert  Pred: zeitueberschreitung
True: abgebrochen                        749                  758                   452                         61
True: abgeschlossen                      578                 4544                    81                         10
True: exmatrikuliert                      47                    3                   154                          1
True: zeitueberschreitung                 29                    0                    15                         18
------------------------------------------------------------
[INFO] Confusion Matrix f├╝r naive_bayes_baseline in output_dl\plots gespeichert.
[INFO] Metriken f├╝r naive_bayes_baseline in output_dl\metrics gespeichert.

============================================================
 MODELL: Random Forest (Test Accuracy: 79.36%)
============================================================

[1] Classification Report:
                     precision    recall  f1-score   support

        abgebrochen       0.65      0.52      0.58      2020
      abgeschlossen       0.84      0.94      0.88      5213
     exmatrikuliert       0.31      0.05      0.09       205
zeitueberschreitung       0.50      0.05      0.09        62

           accuracy                           0.79      7500
          macro avg       0.57      0.39      0.41      7500
       weighted avg       0.77      0.79      0.77      7500

[2] Confusion Matrix:
                           Pred: abgebrochen  Pred: abgeschlossen  Pred: exmatrikuliert  Pred: zeitueberschreitung
True: abgebrochen                       1060                  933                    24                          3
True: abgeschlossen                      334                 4878                     1                          0
True: exmatrikuliert                     175                   19                    11                          0
True: zeitueberschreitung                 58                    1                     0                          3
------------------------------------------------------------
[INFO] Confusion Matrix f├╝r random_forest_baseline in output_dl\plots gespeichert.
[INFO] Metriken f├╝r random_forest_baseline in output_dl\metrics gespeichert.

============================================================
 MODELL: SVM (Test Accuracy: 75.08%)
============================================================

[1] Classification Report:
                     precision    recall  f1-score   support

        abgebrochen       0.55      0.50      0.53      2020
      abgeschlossen       0.81      0.89      0.85      5213
     exmatrikuliert       0.40      0.01      0.02       205
zeitueberschreitung       0.00      0.00      0.00        62

           accuracy                           0.75      7500
          macro avg       0.44      0.35      0.35      7500
       weighted avg       0.73      0.75      0.73      7500

[2] Confusion Matrix:
                           Pred: abgebrochen  Pred: abgeschlossen  Pred: exmatrikuliert  Pred: zeitueberschreitung
True: abgebrochen                       1013                 1004                     3                          0
True: abgeschlossen                      597                 4616                     0                          0
True: exmatrikuliert                     166                   37                     2                          0
True: zeitueberschreitung                 50                   12                     0                          0
------------------------------------------------------------
[INFO] Confusion Matrix f├╝r svm_baseline in output_dl\plots gespeichert.
[INFO] Metriken f├╝r svm_baseline in output_dl\metrics gespeichert.

============================================================
 MODELL: Keras MLP (Test Accuracy: 79.11%)
============================================================

[1] Classification Report:
                     precision    recall  f1-score   support

        abgebrochen       0.65      0.50      0.57      2020
      abgeschlossen       0.83      0.94      0.88      5213
     exmatrikuliert       0.40      0.12      0.19       205
zeitueberschreitung       0.10      0.02      0.03        62

           accuracy                           0.79      7500
          macro avg       0.50      0.39      0.42      7500
       weighted avg       0.77      0.79      0.77      7500

[2] Confusion Matrix:
                           Pred: abgebrochen  Pred: abgeschlossen  Pred: exmatrikuliert  Pred: zeitueberschreitung
True: abgebrochen                       1009                  965                    37                          9
True: abgeschlossen                      314                 4898                     1                          0
True: exmatrikuliert                     165                   15                    25                          0
True: zeitueberschreitung                 61                    0                     0                          1
------------------------------------------------------------
[INFO] Modell mlp_baseline_classification unter output_dl\models\mlp_baseline_classification.keras gespeichert.
[INFO] Confusion Matrix f├╝r keras_mlp_baseline in output_dl\plots gespeichert.
[INFO] Metriken f├╝r keras_mlp_baseline in output_dl\metrics gespeichert.

======================================================================
 MODELLVERGLEICH (VALIDATION VS. TEST ACCURACY)
======================================================================
Modell                    | Validation Acc  | Test Acc       
------------------------------------------------------------
Naive Bayes               |         73.20% |         72.87%
Random Forest             |         80.16% |         79.36%
SVM                       |         74.84% |         75.08%
Keras MLP                 |         80.55% |         79.11%
======================================================================

[INFO] Lernkurven-Diagramm erfolgreich gespeichert unter: C:\GitHub_public\Abschlussprojekt\src\output_dl\learning_curves.png
[INFO] Lernkurve f├╝r mlp_baseline_classification in output_dl\plots gespeichert.
======================================================================
STATUS-VORHERSAGE: 3-WEGE SPLIT (TRAIN / VAL / TEST, blind=True)
======================================================================
Lade Daten aus ..\output_dl\agg_abschluesse.csv (blind=True) ...
Nutze 11 ehrliche Features (Demographie + Sem 1-2 Landmark, blind=True) f├╝r die Vorhersage.
Verwendete Features: ['hzb_typ', 'erstakademiker', 'erwerbstaetigkeit_std', 'stg_name', 'AVG_cp_sem1-2', 'fehlversuche_sem12', 'Fach_supp_sem12', 'Uebf_supp_sem12', 'Psych_supp_sem12', 'support_exposure_count_sem12', 'any_support_sem12']

Datensatz-Aufteilung:
  - Training Set:   35000 Muster (70%)
  - Validation Set: 7500 Muster (15%)
  - Test Set:       7500 Muster (15%)

--------------------------------------------------
1. TRAINIERE NAIVE BAYES BASELINE
--------------------------------------------------
Validation Accuracy: 74.44%

--------------------------------------------------
2. TRAINIERE RANDOM FOREST CLASSIFIER
--------------------------------------------------
Validation Accuracy: 79.91%

--------------------------------------------------
3. TRAINIERE SUPPORT VECTOR MACHINE (SVC)
--------------------------------------------------
Validation Accuracy: 78.04%

--------------------------------------------------
4. TRAINIERE KERAS MULTI-LAYER PERCEPTRON (MLP)
--------------------------------------------------
Validation Accuracy: 80.19%

######################################################################
  ABSCHLIESSENDE EVALUIERUNG AUF DEM HELD-OUT TEST-SET (15% = 1.500 Muster)
######################################################################

============================================================
 MODELL: Naive Bayes (Test Accuracy: 74.84%)
============================================================

[1] Classification Report:
                     precision    recall  f1-score   support

        abgebrochen       0.57      0.44      0.50      2020
      abgeschlossen       0.85      0.88      0.87      5213
     exmatrikuliert       0.21      0.42      0.28       205
zeitueberschreitung       0.21      0.34      0.26        62

           accuracy                           0.75      7500
          macro avg       0.46      0.52      0.48      7500
       weighted avg       0.75      0.75      0.75      7500

[2] Confusion Matrix:
                           Pred: abgebrochen  Pred: abgeschlossen  Pred: exmatrikuliert  Pred: zeitueberschreitung
True: abgebrochen                        894                  812                   246                         68
True: abgeschlossen                      528                 4611                    65                          9
True: exmatrikuliert                     101                   14                    87                          3
True: zeitueberschreitung                 32                    1                     8                         21
------------------------------------------------------------
[INFO] Confusion Matrix f├╝r naive_bayes_baseline_blind in output_dl\plots gespeichert.
[INFO] Metriken f├╝r naive_bayes_baseline_blind in output_dl\metrics gespeichert.

============================================================
 MODELL: Random Forest (Test Accuracy: 78.85%)
============================================================

[1] Classification Report:
                     precision    recall  f1-score   support

        abgebrochen       0.64      0.54      0.58      2020
      abgeschlossen       0.84      0.93      0.88      5213
     exmatrikuliert       0.19      0.02      0.04       205
zeitueberschreitung       0.38      0.05      0.09        62

           accuracy                           0.79      7500
          macro avg       0.51      0.38      0.40      7500
       weighted avg       0.76      0.79      0.77      7500

[2] Confusion Matrix:
                           Pred: abgebrochen  Pred: abgeschlossen  Pred: exmatrikuliert  Pred: zeitueberschreitung
True: abgebrochen                       1083                  915                    18                          4
True: abgeschlossen                      387                 4823                     3                          0
True: exmatrikuliert                     173                   26                     5                          1
True: zeitueberschreitung                 56                    3                     0                          3
------------------------------------------------------------
[INFO] Confusion Matrix f├╝r random_forest_baseline_blind in output_dl\plots gespeichert.
[INFO] Metriken f├╝r random_forest_baseline_blind in output_dl\metrics gespeichert.

============================================================
 MODELL: SVM (Test Accuracy: 77.31%)
============================================================

[1] Classification Report:
                     precision    recall  f1-score   support

        abgebrochen       0.68      0.36      0.47      2020
      abgeschlossen       0.79      0.97      0.87      5213
     exmatrikuliert       0.00      0.00      0.00       205
zeitueberschreitung       0.00      0.00      0.00        62

           accuracy                           0.77      7500
          macro avg       0.37      0.33      0.34      7500
       weighted avg       0.73      0.77      0.73      7500

[2] Confusion Matrix:
                           Pred: abgebrochen  Pred: abgeschlossen  Pred: exmatrikuliert  Pred: zeitueberschreitung
True: abgebrochen                        736                 1284                     0                          0
True: abgeschlossen                      151                 5062                     0                          0
True: exmatrikuliert                     156                   49                     0                          0
True: zeitueberschreitung                 44                   18                     0                          0
------------------------------------------------------------
[INFO] Confusion Matrix f├╝r svm_baseline_blind in output_dl\plots gespeichert.
[INFO] Metriken f├╝r svm_baseline_blind in output_dl\metrics gespeichert.

============================================================
 MODELL: Keras MLP (Test Accuracy: 79.36%)
============================================================

[1] Classification Report:
                     precision    recall  f1-score   support

        abgebrochen       0.65      0.53      0.59      2020
      abgeschlossen       0.83      0.93      0.88      5213
     exmatrikuliert       0.00      0.00      0.00       205
zeitueberschreitung       0.29      0.03      0.06        62

           accuracy                           0.79      7500
          macro avg       0.44      0.37      0.38      7500
       weighted avg       0.76      0.79      0.77      7500

[2] Confusion Matrix:
                           Pred: abgebrochen  Pred: abgeschlossen  Pred: exmatrikuliert  Pred: zeitueberschreitung
True: abgebrochen                       1076                  939                     0                          5
True: abgeschlossen                      339                 4874                     0                          0
True: exmatrikuliert                     180                   25                     0                          0
True: zeitueberschreitung                 57                    3                     0                          2
------------------------------------------------------------
[INFO] Modell mlp_baseline_classification_blind unter output_dl\models\mlp_baseline_classification_blind.keras gespeichert.
[INFO] Confusion Matrix f├╝r keras_mlp_baseline_blind in output_dl\plots gespeichert.
[INFO] Metriken f├╝r keras_mlp_baseline_blind in output_dl\metrics gespeichert.

======================================================================
 MODELLVERGLEICH (VALIDATION VS. TEST ACCURACY)
======================================================================
Modell                    | Validation Acc  | Test Acc       
------------------------------------------------------------
Naive Bayes               |         74.44% |         74.84%
Random Forest             |         79.91% |         78.85%
SVM                       |         78.04% |         77.31%
Keras MLP                 |         80.19% |         79.36%
======================================================================

[INFO] Lernkurven-Diagramm erfolgreich gespeichert unter: C:\GitHub_public\Abschlussprojekt\src\output_dl\learning_curves.png
[INFO] Lernkurve f├╝r mlp_baseline_classification in output_dl\plots gespeichert.

>>> [2/20] Trainiere MLP Regression ...
======================================================================
NOTEN-REGRESSION: BASELINES (RIDGE, SVR, RF) VS. KERAS MLP REGRESSOR
======================================================================
Lade Daten aus ..\output_dl\agg_abschluesse.csv ...
Modus: 'graduates_only' -> Filtere auf Studierende mit gegl├╝cktem Abschluss (Noten 1.0ÔÇô4.0).
Nutze 13 ehrliche Features (Demographie + Sem 1-2 Landmark) f├╝r die Noten-Regression.
Verwendete Features: ['hzb_note', 'hzb_typ', 'erstakademiker', 'erwerbstaetigkeit_std', 'stg_name', 'AVG_note_sem1-2', 'AVG_cp_sem1-2', 'fehlversuche_sem12', 'Fach_supp_sem12', 'Uebf_supp_sem12', 'Psych_supp_sem12', 'support_exposure_count_sem12', 'any_support_sem12']
Datensatzgr├Â├ƒe: 34757 Zeilen.
Nutze 13 Features f├╝r die Noten-Regression.
C:\Users\wilfr\OneDrive\Dokumente\Data Science\.venv\Lib\site-packages\keras\src\layers\core\dense.py:107: UserWarning: Do not pass an `input_shape`/`input_dim` argument to a layer. When using Sequential models, prefer using an `Input(shape)` object as the first layer in the model instead.
  super().__init__(activity_regularizer=activity_regularizer, **kwargs)
Maskierte Spalten: ['AVG_DrittVersucheNote', 'AVG_ErstVersucheNote', 'AVG_Note', 'AVG_ZweitVersucheNote', 'AVG_cp_sem1-4', 'AVG_note_sem1-4', 'Anz_Bestanden', 'Anz_DrittVersuche', 'Anz_ErstVersuche', 'Anz_Fehlversuche', 'Anz_Pruefungen', 'Anz_ZweitVersuche', 'Fach_supp', 'Fachlicher_Support_GLZ_DrittVersuche', 'Fachlicher_Support_GLZ_ErstVersuche', 'Fachlicher_Support_GLZ_ZweitVersuche', 'Fachlicher_Support_Vorher_DrittVersuche', 'Fachlicher_Support_Vorher_ErstVersuche', 'Fachlicher_Support_Vorher_ZweitVersuche', 'Fehlversuchsquote', 'Psych_supp', 'Psychosozialer_Support_GLZ_DrittVersuche', 'Psychosozialer_Support_GLZ_ErstVersuche', 'Psychosozialer_Support_GLZ_ZweitVersuche', 'Psychosozialer_Support_Vorher_DrittVersuche', 'Psychosozialer_Support_Vorher_ErstVersuche', 'Psychosozialer_Support_Vorher_ZweitVersuche', 'Ueberfachlicher_Support_GLZ_DrittVersuche', 'Ueberfachlicher_Support_GLZ_ErstVersuche', 'Ueberfachlicher_Support_GLZ_ZweitVersuche', 'Ueberfachlicher_Support_Vorher_DrittVersuche', 'Ueberfachlicher_Support_Vorher_ErstVersuche', 'Ueberfachlicher_Support_Vorher_ZweitVersuche', 'Uebf_supp', 'abschluss_semester_id', 'abschlussnote', 'anomalie_typ', 'any_support', 'bachelorarbeitsnote', 'hidden_erwartete_note_final', 'hidden_erwartete_note_initial', 'hidden_zeit_puffer', 'status', 'studiendauer_semester', 'studierenden_id', 'support_exposure_count', 'support_exposure_group']

Datensatz-Aufteilung:
  - Training Set:   24329 Muster (70%)
  - Validation Set: 5214 Muster (15%)
  - Test Set:       5214 Muster (15%)

--------------------------------------------------
1. TRAINIERE LINEARE REGRESSION (RIDGE)
--------------------------------------------------
Linear (Ridge) [Val]      | RMSE: 0.2368 | MAE: 0.1853 | R┬▓: 0.8707

--------------------------------------------------
2. TRAINIERE SUPPORT VECTOR REGRESSION (SVR)
--------------------------------------------------
SVR [Val]                 | RMSE: 0.2273 | MAE: 0.1736 | R┬▓: 0.8809

--------------------------------------------------
3. TRAINIERE RANDOM FOREST REGRESSOR
--------------------------------------------------
Random Forest [Val]       | RMSE: 0.2393 | MAE: 0.1826 | R┬▓: 0.8681

--------------------------------------------------
4. TRAINIERE KERAS MLP REGRESSOR
--------------------------------------------------
Epoch 1/60

[1m  1/381[0m [37mÔöüÔöüÔöüÔöüÔöüÔöüÔöüÔöüÔöüÔöüÔöüÔöüÔöüÔöüÔöüÔöüÔöüÔöüÔöüÔöü[0m [1m8:08[0m 1s/step - loss: 4.5989 - mae: 1.7019
[1m 39/381[0m [32mÔöüÔöü[0m[37mÔöüÔöüÔöüÔöüÔöüÔöüÔöüÔöüÔöüÔöüÔöüÔöüÔöüÔöüÔöüÔöüÔöüÔöü[0m [1m0s[0m 1ms/step - loss: 1.6006 - mae: 0.9447 
[1m 81/381[0m [32mÔöüÔöüÔöüÔöü[0m[37mÔöüÔöüÔöüÔöüÔöüÔöüÔöüÔöüÔöüÔöüÔöüÔöüÔöüÔöüÔöüÔöü[0m [1m0s[0m 1ms/step - loss: 0.9757 - mae: 0.7098
[1m127/381[0m [32mÔöüÔöüÔöüÔöüÔöüÔöü[0m[37mÔöüÔöüÔöüÔöüÔöüÔöüÔöüÔöüÔöüÔöüÔöüÔöüÔöüÔöü[0m [1m0s[0m 1ms/step - loss: 0.7302 - mae: 0.6082
[1m175/381[0m [32mÔöüÔöüÔöüÔöüÔöüÔöüÔöüÔöüÔöü[0m[37mÔöüÔöüÔöüÔöüÔöüÔöüÔöüÔöüÔöüÔöüÔöü[0m [1m0s[0m 1ms/step - loss: 0.5993 - mae: 0.5499
[1m221/381[0m [32mÔöüÔöüÔöüÔöüÔöüÔöüÔöüÔöüÔöüÔöüÔöü[0m[37mÔöüÔöüÔöüÔöüÔöüÔöüÔöüÔöüÔöü[0m [1m0s[0m 1ms/step - loss: 0.5211 - mae: 0.5129
[1m268/381[0m [32mÔöüÔöüÔöüÔöüÔöüÔöüÔöüÔöüÔöüÔöüÔöüÔöüÔöüÔöü[0m[37mÔöüÔöüÔöüÔöüÔöüÔöü[0m [1m0s[0m 1ms/step - loss: 0.4639 - mae: 0.4839
[1m315/381[0m [32mÔöüÔöüÔöüÔöüÔöüÔöüÔöüÔöüÔöüÔöüÔöüÔöüÔöüÔöüÔöüÔöü[0m[37mÔöüÔöüÔöüÔöü[0m [1m0s[0m 1ms/step - loss: 0.4220 - mae: 0.4622
[1m361/381[0m [32mÔöüÔöüÔöüÔöüÔöüÔöüÔöüÔöüÔöüÔöüÔöüÔöüÔöüÔöüÔöüÔöüÔöüÔöü[0m[37mÔöüÔöü[0m [1m0s[0m 1ms/step - loss: 0.3889 - mae: 0.4436
[1m381/381[0m [32mÔöüÔöüÔöüÔöüÔöüÔöüÔöüÔöüÔöüÔöüÔöüÔöüÔöüÔöüÔöüÔöüÔöüÔöüÔöüÔöü[0m[37m[0m [1m2s[0m 2ms/step - loss: 0.3777 - mae: 0.4374 - val_loss: 0.0789 - val_mae: 0.2226
Epoch 2/60

[1m  1/381[0m [37mÔöüÔöüÔöüÔöüÔöüÔöüÔöüÔöüÔöüÔöüÔöüÔöüÔöüÔöüÔöüÔöüÔöüÔöüÔöüÔöü[0m [1m6s[0m 17ms/step - loss: 0.1633 - mae: 0.3303
[1m 47/381[0m [32mÔöüÔöü[0m[37mÔöüÔöüÔöüÔöüÔöüÔöüÔöüÔöüÔöüÔöüÔöüÔöüÔöüÔöüÔöüÔöüÔöüÔöü[0m [1m0s[0m 1ms/step - loss: 0.1473 - mae: 0.2993 
[1m 94/381[0m [32mÔöüÔöüÔöüÔöü[0m[37mÔöüÔöüÔöüÔöüÔöüÔöüÔöüÔöüÔöüÔöüÔöüÔöüÔöüÔöüÔöüÔöü[0m [1m0s[0m 1ms/step - loss: 0.1443 - mae: 0.2972
[1m140/381[0m [32mÔöüÔöüÔöüÔöüÔöüÔöüÔöü[0m[37mÔöüÔöüÔöüÔöüÔöüÔöüÔöüÔöüÔöüÔöüÔöüÔöüÔöü[0m [1m0s[0m 1ms/step - loss: 0.1421 - mae: 0.2942
[1m186/381[0m [32mÔöüÔöüÔöüÔöüÔöüÔöüÔöüÔöüÔöü[0m[37mÔöüÔöüÔöüÔöüÔöüÔöüÔöüÔöüÔöüÔöüÔöü[0m [1m0s[0m 1ms/step - loss: 0.1404 - mae: 0.2924
[1m232/381[0m [32mÔöüÔöüÔöüÔöüÔöüÔöüÔöüÔöüÔöüÔöüÔöüÔöü[0m[37mÔöüÔöüÔöüÔöüÔöüÔöüÔöüÔöü[0m [1m0s[0m 1ms/step - loss: 0.1379 - mae: 0.2898
[1m279/381[0m [32mÔöüÔöüÔöüÔöüÔöüÔöüÔöüÔöüÔöüÔöüÔöüÔöüÔöüÔöü[0m[37mÔöüÔöüÔöüÔöüÔöüÔöü[0m [1m0s[0m 1ms/step - loss: 0.1357 - mae: 0.2876
[1m325/381[0m [32mÔöüÔöüÔöüÔöüÔöüÔöüÔöüÔöüÔöüÔöüÔöüÔöüÔöüÔöüÔöüÔöüÔöü[0m[37mÔöüÔöüÔöü[0m [1m0s[0m 1ms/step - loss: 0.1340 - mae: 0.2859
[1m371/381[0m [32mÔöüÔöüÔöüÔöüÔöüÔöüÔöüÔöüÔöüÔöüÔöüÔöüÔöüÔöüÔöüÔöüÔöüÔöüÔöü[0m[37mÔöü[0m [1m0s[0m 1ms/step - loss: 0.1317 - mae: 0.2834
[1m381/381[0m [32mÔöüÔöüÔöüÔöüÔöüÔöüÔöüÔöüÔöüÔöüÔöüÔöüÔöüÔöüÔöüÔöüÔöüÔöüÔöüÔöü[0m[37m[0m [1m1s[0m 1ms/step - loss: 0.1311 - mae: 0.2827 - val_loss: 0.0648 - val_mae: 0.1983
Epoch 3/60

[1m  1/381[0m [37mÔöüÔöüÔöüÔöüÔöüÔöüÔöüÔöüÔöüÔöüÔöüÔöüÔöüÔöüÔöüÔöüÔöüÔöüÔöüÔöü[0m [1m6s[0m 16ms/step - loss: 0.0965 - mae: 0.2433
[1m 46/381[0m [32mÔöüÔöü[0m[37mÔöüÔöüÔöüÔöüÔöüÔöüÔöüÔöüÔöüÔöüÔöüÔöüÔöüÔöüÔöüÔöüÔöüÔöü[0m [1m0s[0m 1ms/step - loss: 0.1183 - mae: 0.2697 
[1m 92/381[0m [32mÔöüÔöüÔöüÔöü[0m[37mÔöüÔöüÔöüÔöüÔöüÔöüÔöüÔöüÔöüÔöüÔöüÔöüÔöüÔöüÔöüÔöü[0m [1m0s[0m 1ms/step - loss: 0.1133 - mae: 0.2635
[1m139/381[0m [32mÔöüÔöüÔöüÔöüÔöüÔöüÔöü[0m[37mÔöüÔöüÔöüÔöüÔöüÔöüÔöüÔöüÔöüÔöüÔöüÔöüÔöü[0m [1m0s[0m 1ms/step - loss: 0.1115 - mae: 0.2613
[1m186/381[0m [32mÔöüÔöüÔöüÔöüÔöüÔöüÔöüÔöüÔöü[0m[37mÔöüÔöüÔöüÔöüÔöüÔöüÔöüÔöüÔöüÔöüÔöü[0m [1m0s[0m 1ms/step - loss: 0.1112 - mae: 0.2609
[1m232/381[0m [32mÔöüÔöüÔöüÔöüÔöüÔöüÔöüÔöüÔöüÔöüÔöüÔöü[0m[37mÔöüÔöüÔöüÔöüÔöüÔöüÔöüÔöü[0m [1m0s[0m 1ms/step - loss: 0.1100 - mae: 0.2599
[1m278/381[0m [32mÔöüÔöüÔöüÔöüÔöüÔöüÔöüÔöüÔöüÔöüÔöüÔöüÔöüÔöü[0m[37mÔöüÔöüÔöüÔöüÔöüÔöü[0m [1m0s[0m 1ms/step - loss: 0.1092 - mae: 0.2589
[1m324/381[0m [32mÔöüÔöüÔöüÔöüÔöüÔöüÔöüÔöüÔöüÔöüÔöüÔöüÔöüÔöüÔöüÔöüÔöü[0m[37mÔöüÔöüÔöü[0m [1m0s[0m 1ms/step - loss: 0.1085 - mae: 0.2578
[1m368/381[0m [32mÔöüÔöüÔöüÔöüÔöüÔöüÔöüÔöüÔöüÔöüÔöüÔöüÔöüÔöüÔöüÔöüÔöüÔöüÔöü[0m[37mÔöü[0m [1m0s[0m 1ms/step - loss: 0.1079 - mae: 0.2568
[1m381/381[0m [32mÔöüÔöüÔöüÔöüÔöüÔöüÔöüÔöüÔöüÔöüÔöüÔöüÔöüÔöüÔöüÔöüÔöüÔöüÔöüÔöü[0m[37m[0m [1m1s[0m 1ms/step - loss: 0.1075 - mae: 0.2563 - val_loss: 0.0599 - val_mae: 0.1902
Epoch 4/60

[1m  1/381[0m [37mÔöüÔöüÔöüÔöüÔöüÔöüÔöüÔöüÔöüÔöüÔöüÔöüÔöüÔöüÔöüÔöüÔöüÔöüÔöüÔöü[0m [1m6s[0m 16ms/step - loss: 0.0700 - mae: 0.2005
[1m 47/381[0m [32mÔöüÔöü[0m[37mÔöüÔöüÔöüÔöüÔöüÔöüÔöüÔöüÔöüÔöüÔöüÔöüÔöüÔöüÔöüÔöüÔöüÔöü[0m [1m0s[0m 1ms/step - loss: 0.1021 - mae: 0.2496 
[1m 94/381[0m [32mÔöüÔöüÔöüÔöü[0m[37mÔöüÔöüÔöüÔöüÔöüÔöüÔöüÔöüÔöüÔöüÔöüÔöüÔöüÔöüÔöüÔöü[0m [1m0s[0m 1ms/step - loss: 0.0987 - mae: 0.2450
[1m140/381[0m [32mÔöüÔöüÔöüÔöüÔöüÔöüÔöü[0m[37mÔöüÔöüÔöüÔöüÔöüÔöüÔöüÔöüÔöüÔöüÔöüÔöüÔöü[0m [1m0s[0m 1ms/step - loss: 0.0975 - mae: 0.2440
[1m186/381[0m [32mÔöüÔöüÔöüÔöüÔöüÔöüÔöüÔöüÔöü[0m[37mÔöüÔöüÔöüÔöüÔöüÔöüÔöüÔöüÔöüÔöüÔöü[0m [1m0s[0m 1ms/step - loss: 0.0970 - mae: 0.2434
[1m232/381[0m [32mÔöüÔöüÔöüÔöüÔöüÔöüÔöüÔöüÔöüÔöüÔöüÔöü[0m[37mÔöüÔöüÔöüÔöüÔöüÔöüÔöüÔöü[0m [1m0s[0m 1ms/step - loss: 0.0966 - mae: 0.2429
[1m279/381[0m [32mÔöüÔöüÔöüÔöüÔöüÔöüÔöüÔöüÔöüÔöüÔöüÔöüÔöüÔöü[0m[37mÔöüÔöüÔöüÔöüÔöüÔöü[0m [1m0s[0m 1ms/step - loss: 0.0954 - mae: 0.2411
[1m326/381[0m [32mÔöüÔöüÔöüÔöüÔöüÔöüÔöüÔöüÔöüÔöüÔöüÔöüÔöüÔöüÔöüÔöüÔöü[0m[37mÔöüÔöüÔöü[0m [1m0s[0m 1ms/step - loss: 0.0953 - mae: 0.2410
[1m373/381[0m [32mÔöüÔöüÔöüÔöüÔöüÔöüÔöüÔöüÔöüÔöüÔöüÔöüÔöüÔöüÔöüÔöüÔöüÔöüÔöü[0m[37mÔöü[0m [1m0s[0m 1ms/step - loss: 0.0948 - mae: 0.2403
[1m381/381[0m [32mÔöüÔöüÔöüÔöüÔöüÔöüÔöüÔöüÔöüÔöüÔöüÔöüÔöüÔöüÔöüÔöüÔöüÔöüÔöüÔöü[0m[37m[0m [1m1s[0m 1ms/step - loss: 0.0945 - mae: 0.2399 - val_loss: 0.0575 - val_mae: 0.1859
Epoch 5/60

[1m  1/381[0m [37mÔöüÔöüÔöüÔöüÔöüÔöüÔöüÔöüÔöüÔöüÔöüÔöüÔöüÔöüÔöüÔöüÔöüÔöüÔöüÔöü[0m [1m6s[0m 16ms/step - loss: 0.0892 - mae: 0.2308
[1m 48/381[0m [32mÔöüÔöü[0m[37mÔöüÔöüÔöüÔöüÔöüÔöüÔöüÔöüÔöüÔöüÔöüÔöüÔöüÔöüÔöüÔöüÔöüÔöü[0m [1m0s[0m 1ms/step - loss: 0.0962 - mae: 0.2419 
[1m 95/381[0m [32mÔöüÔöüÔöüÔöü[0m[37mÔöüÔöüÔöüÔöüÔöüÔöüÔöüÔöüÔöüÔöüÔöüÔöüÔöüÔöüÔöüÔöü[0m [1m0s[0m 1ms/step - loss: 0.0922 - mae: 0.2368
[1m141/381[0m [32mÔöüÔöüÔöüÔöüÔöüÔöüÔöü[0m[37mÔöüÔöüÔöüÔöüÔöüÔöüÔöüÔöüÔöüÔöüÔöüÔöüÔöü[0m [1m0s[0m 1ms/step - loss: 0.0907 - mae: 0.2348
[1m188/381[0m [32mÔöüÔöüÔöüÔöüÔöüÔöüÔöüÔöüÔöü[0m[37mÔöüÔöüÔöüÔöüÔöüÔöüÔöüÔöüÔöüÔöüÔöü[0m [1m0s[0m 1ms/step - loss: 0.0906 - mae: 0.2345
[1m234/381[0m [32mÔöüÔöüÔöüÔöüÔöüÔöüÔöüÔöüÔöüÔöüÔöüÔöü[0m[37mÔöüÔöüÔöüÔöüÔöüÔöüÔöüÔöü[0m [1m0s[0m 1ms/step - loss: 0.0906 - mae: 0.2346
[1m280/381[0m [32mÔöüÔöüÔöüÔöüÔöüÔöüÔöüÔöüÔöüÔöüÔöüÔöüÔöüÔöü[0m[37mÔöüÔöüÔöüÔöüÔöüÔöü[0m [1m0s[0m 1ms/step - loss: 0.0901 - mae: 0.2336
[1m327/381[0m [32mÔöüÔöüÔöüÔöüÔöüÔöüÔöüÔöüÔöüÔöüÔöüÔöüÔöüÔöüÔöüÔöüÔöü[0m[37mÔöüÔöüÔöü[0m [1m0s[0m 1ms/step - loss: 0.0894 - mae: 0.2329
[1m373/381[0m [32mÔöüÔöüÔöüÔöüÔöüÔöüÔöüÔöüÔöüÔöüÔöüÔöüÔöüÔöüÔöüÔöüÔöüÔöüÔöü[0m[37mÔöü[0m [1m0s[0m 1ms/step - loss: 0.0891 - mae: 0.2325
[1m381/381[0m [32mÔöüÔöüÔöüÔöüÔöüÔöüÔöüÔöüÔöüÔöüÔöüÔöüÔöüÔöüÔöüÔöüÔöüÔöüÔöüÔöü[0m[37m[0m [1m1s[0m 1ms/step - loss: 0.0890 - mae: 0.2324 - val_loss: 0.0563 - val_mae: 0.1830
Epoch 6/60

[1m  1/381[0m [37mÔöüÔöüÔöüÔöüÔöüÔöüÔöüÔöüÔöüÔöüÔöüÔöüÔöüÔöüÔöüÔöüÔöüÔöüÔöüÔöü[0m [1m6s[0m 16ms/step - loss: 0.0790 - mae: 0.2238
[1m 47/381[0m [32mÔöüÔöü[0m[37mÔöüÔöüÔöüÔöüÔöüÔöüÔöüÔöüÔöüÔöüÔöüÔöüÔöüÔöüÔöüÔöüÔöüÔöü[0m [1m0s[0m 1ms/step - loss: 0.0892 - mae: 0.2320 
[1m 94/381[0m [32mÔöüÔöüÔöüÔöü[0m[37mÔöüÔöüÔöüÔöüÔöüÔöüÔöüÔöüÔöüÔöüÔöüÔöüÔöüÔöüÔöüÔöü[0m [1m0s[0m 1ms/step - loss: 0.0880 - mae: 0.2312
[1m140/381[0m [32mÔöüÔöüÔöüÔöüÔöüÔöüÔöü[0m[37mÔöüÔöüÔöüÔöüÔöüÔöüÔöüÔöüÔöüÔöüÔöüÔöüÔöü[0m [1m0s[0m 1ms/step - loss: 0.0870 - mae: 0.2301
[1m187/381[0m [32mÔöüÔöüÔöüÔöüÔöüÔöüÔöüÔöüÔöü[0m[37mÔöüÔöüÔöüÔöüÔöüÔöüÔöüÔöüÔöüÔöüÔöü[0m [1m0s[0m 1ms/step - loss: 0.0870 - mae: 0.2295
[1m234/381[0m [32mÔöüÔöüÔöüÔöüÔöüÔöüÔöüÔöüÔöüÔöüÔöüÔöü[0m[37mÔöüÔöüÔöüÔöüÔöüÔöüÔöüÔöü[0m [1m0s[0m 1ms/step - loss: 0.0861 - mae: 0.2287
[1m280/381[0m [32mÔöüÔöüÔöüÔöüÔöüÔöüÔöüÔöüÔöüÔöüÔöüÔöüÔöüÔöü[0m[37mÔöüÔöüÔöüÔöüÔöüÔöü[0m [1m0s[0m 1ms/step - loss: 0.0852 - mae: 0.2274
[1m326/381[0m [32mÔöüÔöüÔöüÔöüÔöüÔöüÔöüÔöüÔöüÔöüÔöüÔöüÔöüÔöüÔöüÔöüÔöü[0m[37mÔöüÔöüÔöü[0m [1m0s[0m 1ms/step - loss: 0.0850 - mae: 0.2269
[1m373/381[0m [32mÔöüÔöüÔöüÔöüÔöüÔöüÔöüÔöüÔöüÔöüÔöüÔöüÔöüÔöüÔöüÔöüÔöüÔöüÔöü[0m[37mÔöü[0m [1m0s[0m 1ms/step - loss: 0.0843 - mae: 0.2259
[1m381/381[0m [32mÔöüÔöüÔöüÔöüÔöüÔöüÔöüÔöüÔöüÔöüÔöüÔöüÔöüÔöüÔöüÔöüÔöüÔöüÔöüÔöü[0m[37m[0m [1m1s[0m 1ms/step - loss: 0.0842 - mae: 0.2258 - val_loss: 0.0552 - val_mae: 0.1808
Epoch 7/60

[1m  1/381[0m [37mÔöüÔöüÔöüÔöüÔöüÔöüÔöüÔöüÔöüÔöüÔöüÔöüÔöüÔöüÔöüÔöüÔöüÔöüÔöüÔöü[0m [1m6s[0m 16ms/step - loss: 0.0968 - mae: 0.2616
[1m 47/381[0m [32mÔöüÔöü[0m[37mÔöüÔöüÔöüÔöüÔöüÔöüÔöüÔöüÔöüÔöüÔöüÔöüÔöüÔöüÔöüÔöüÔöüÔöü[0m [1m0s[0m 1ms/step - loss: 0.0839 - mae: 0.2277 
[1m 94/381[0m [32mÔöüÔöüÔöüÔöü[0m[37mÔöüÔöüÔöüÔöüÔöüÔöüÔöüÔöüÔöüÔöüÔöüÔöüÔöüÔöüÔöüÔöü[0m [1m0s[0m 1ms/step - loss: 0.0829 - mae: 0.2253
[1m141/381[0m [32mÔöüÔöüÔöüÔöüÔöüÔöüÔöü[0m[37mÔöüÔöüÔöüÔöüÔöüÔöüÔöüÔöüÔöüÔöüÔöüÔöüÔöü[0m [1m0s[0m 1ms/step - loss: 0.0820 - mae: 0.2235
[1m187/381[0m [32mÔöüÔöüÔöüÔöüÔöüÔöüÔöüÔöüÔöü[0m[37mÔöüÔöüÔöüÔöüÔöüÔöüÔöüÔöüÔöüÔöüÔöü[0m [1m0s[0m 1ms/step - loss: 0.0820 - mae: 0.2236
[1m234/381[0m [32mÔöüÔöüÔöüÔöüÔöüÔöüÔöüÔöüÔöüÔöüÔöüÔöü[0m[37mÔöüÔöüÔöüÔöüÔöüÔöüÔöüÔöü[0m [1m0s[0m 1ms/step - loss: 0.0811 - mae: 0.2224
[1m281/381[0m [32mÔöüÔöüÔöüÔöüÔöüÔöüÔöüÔöüÔöüÔöüÔöüÔöüÔöüÔöü[0m[37mÔöüÔöüÔöüÔöüÔöüÔöü[0m [1m0s[0m 1ms/step - loss: 0.0809 - mae: 0.2217
[1m328/381[0m [32mÔöüÔöüÔöüÔöüÔöüÔöüÔöüÔöüÔöüÔöüÔöüÔöüÔöüÔöüÔöüÔöüÔöü[0m[37mÔöüÔöüÔöü[0m [1m0s[0m 1ms/step - loss: 0.0807 - mae: 0.2210
[1m374/381[0m [32mÔöüÔöüÔöüÔöüÔöüÔöüÔöüÔöüÔöüÔöüÔöüÔöüÔöüÔöüÔöüÔöüÔöüÔöüÔöü[0m[37mÔöü[0m [1m0s[0m 1ms/step - loss: 0.0808 - mae: 0.2210
[1m381/381[0m [32mÔöüÔöüÔöüÔöüÔöüÔöüÔöüÔöüÔöüÔöüÔöüÔöüÔöüÔöüÔöüÔöüÔöüÔöüÔöüÔöü[0m[37m[0m [1m1s[0m 1ms/step - loss: 0.0807 - mae: 0.2210 - val_loss: 0.0545 - val_mae: 0.1804
Epoch 8/60

[1m  1/381[0m [37mÔöüÔöüÔöüÔöüÔöüÔöüÔöüÔöüÔöüÔöüÔöüÔöüÔöüÔöüÔöüÔöüÔöüÔöüÔöüÔöü[0m [1m6s[0m 17ms/step - loss: 0.0782 - mae: 0.2240
[1m 48/381[0m [32mÔöüÔöü[0m[37mÔöüÔöüÔöüÔöüÔöüÔöüÔöüÔöüÔöüÔöüÔöüÔöüÔöüÔöüÔöüÔöüÔöüÔöü[0m [1m0s[0m 1ms/step - loss: 0.0816 - mae: 0.2221 
[1m 94/381[0m [32mÔöüÔöüÔöüÔöü[0m[37mÔöüÔöüÔöüÔöüÔöüÔöüÔöüÔöüÔöüÔöüÔöüÔöüÔöüÔöüÔöüÔöü[0m [1m0s[0m 1ms/step - loss: 0.0798 - mae: 0.2196
[1m141/381[0m [32mÔöüÔöüÔöüÔöüÔöüÔöüÔöü[0m[37mÔöüÔöüÔöüÔöüÔöüÔöüÔöüÔöüÔöüÔöüÔöüÔöüÔöü[0m [1m0s[0m 1ms/step - loss: 0.0792 - mae: 0.2189
[1m187/381[0m [32mÔöüÔöüÔöüÔöüÔöüÔöüÔöüÔöüÔöü[0m[37mÔöüÔöüÔöüÔöüÔöüÔöüÔöüÔöüÔöüÔöüÔöü[0m [1m0s[0m 1ms/step - loss: 0.0786 - mae: 0.2179
[1m233/381[0m [32mÔöüÔöüÔöüÔöüÔöüÔöüÔöüÔöüÔöüÔöüÔöüÔöü[0m[37mÔöüÔöüÔöüÔöüÔöüÔöüÔöüÔöü[0m [1m0s[0m 1ms/step - loss: 0.0783 - mae: 0.2175
[1m279/381[0m [32mÔöüÔöüÔöüÔöüÔöüÔöüÔöüÔöüÔöüÔöüÔöüÔöüÔöüÔöü[0m[37mÔöüÔöüÔöüÔöüÔöüÔöü[0m [1m0s[0m 1ms/step - loss: 0.0779 - mae: 0.2167
[1m324/381[0m [32mÔöüÔöüÔöüÔöüÔöüÔöüÔöüÔöüÔöüÔöüÔöüÔöüÔöüÔöüÔöüÔöüÔöü[0m[37mÔöüÔöüÔöü[0m [1m0s[0m 1ms/step - loss: 0.0781 - mae: 0.2169
[1m371/381[0m [32mÔöüÔöüÔöüÔöüÔöüÔöüÔöüÔöüÔöüÔöüÔöüÔöüÔöüÔöüÔöüÔöüÔöüÔöüÔöü[0m[37mÔöü[0m [1m0s[0m 1ms/step - loss: 0.0781 - mae: 0.2169
[1m381/381[0m [32mÔöüÔöüÔöüÔöüÔöüÔöüÔöüÔöüÔöüÔöüÔöüÔöüÔöüÔöüÔöüÔöüÔöüÔöüÔöüÔöü[0m[37m[0m [1m1s[0m 1ms/step - loss: 0.0779 - mae: 0.2168 - val_loss: 0.0538 - val_mae: 0.1784
Epoch 9/60

[1m  1/381[0m [37mÔöüÔöüÔöüÔöüÔöüÔöüÔöüÔöüÔöüÔöüÔöüÔöüÔöüÔöüÔöüÔöüÔöüÔöüÔöüÔöü[0m [1m6s[0m 16ms/step - loss: 0.0869 - mae: 0.2356
[1m 48/381[0m [32mÔöüÔöü[0m[37mÔöüÔöüÔöüÔöüÔöüÔöüÔöüÔöüÔöüÔöüÔöüÔöüÔöüÔöüÔöüÔöüÔöüÔöü[0m [1m0s[0m 1ms/step - loss: 0.0767 - mae: 0.2157 
[1m 94/381[0m [32mÔöüÔöüÔöüÔöü[0m[37mÔöüÔöüÔöüÔöüÔöüÔöüÔöüÔöüÔöüÔöüÔöüÔöüÔöüÔöüÔöüÔöü[0m [1m0s[0m 1ms/step - loss: 0.0755 - mae: 0.2134
[1m141/381[0m [32mÔöüÔöüÔöüÔöüÔöüÔöüÔöü[0m[37mÔöüÔöüÔöüÔöüÔöüÔöüÔöüÔöüÔöüÔöüÔöüÔöüÔöü[0m [1m0s[0m 1ms/step - loss: 0.0751 - mae: 0.2126
[1m187/381[0m [32mÔöüÔöüÔöüÔöüÔöüÔöüÔöüÔöüÔöü[0m[37mÔöüÔöüÔöüÔöüÔöüÔöüÔöüÔöüÔöüÔöüÔöü[0m [1m0s[0m 1ms/step - loss: 0.0750 - mae: 0.2124
[1m234/381[0m [32mÔöüÔöüÔöüÔöüÔöüÔöüÔöüÔöüÔöüÔöüÔöüÔöü[0m[37mÔöüÔöüÔöüÔöüÔöüÔöüÔöüÔöü[0m [1m0s[0m 1ms/step - loss: 0.0746 - mae: 0.2115
[1m280/381[0m [32mÔöüÔöüÔöüÔöüÔöüÔöüÔöüÔöüÔöüÔöüÔöüÔöüÔöüÔöü[0m[37mÔöüÔöüÔöüÔöüÔöüÔöü[0m [1m0s[0m 1ms/step - loss: 0.0746 - mae: 0.2115
[1m326/381[0m [32mÔöüÔöüÔöüÔöüÔöüÔöüÔöüÔöüÔöüÔöüÔöüÔöüÔöüÔöüÔöüÔöüÔöü[0m[37mÔöüÔöüÔöü[0m [1m0s[0m 1ms/step - loss: 0.0743 - mae: 0.2112
[1m373/381[0m [32mÔöüÔöüÔöüÔöüÔöüÔöüÔöüÔöüÔöüÔöüÔöüÔöüÔöüÔöüÔöüÔöüÔöüÔöüÔöü[0m[37mÔöü[0m [1m0s[0m 1ms/step - loss: 0.0736 - mae: 0.2101
[1m381/381[0m [32mÔöüÔöüÔöüÔöüÔöüÔöüÔöüÔöüÔöüÔöüÔöüÔöüÔöüÔöüÔöüÔöüÔöüÔöüÔöüÔöü[0m[37m[0m [1m1s[0m 1ms/step - loss: 0.0735 - mae: 0.2099 - val_loss: 0.0534 - val_mae: 0.1779
Epoch 10/60

[1m  1/381[0m [37mÔöüÔöüÔöüÔöüÔöüÔöüÔöüÔöüÔöüÔöüÔöüÔöüÔöüÔöüÔöüÔöüÔöüÔöüÔöüÔöü[0m [1m5s[0m 15ms/step - loss: 0.0605 - mae: 0.2016
[1m 47/381[0m [32mÔöüÔöü[0m[37mÔöüÔöüÔöüÔöüÔöüÔöüÔöüÔöüÔöüÔöüÔöüÔöüÔöüÔöüÔöüÔöüÔöüÔöü[0m [1m0s[0m 1ms/step - loss: 0.0770 - mae: 0.2133 
[1m 93/381[0m [32mÔöüÔöüÔöüÔöü[0m[37mÔöüÔöüÔöüÔöüÔöüÔöüÔöüÔöüÔöüÔöüÔöüÔöüÔöüÔöüÔöüÔöü[0m [1m0s[0m 1ms/step - loss: 0.0747 - mae: 0.2101
[1m139/381[0m [32mÔöüÔöüÔöüÔöüÔöüÔöüÔöü[0m[37mÔöüÔöüÔöüÔöüÔöüÔöüÔöüÔöüÔöüÔöüÔöüÔöüÔöü[0m [1m0s[0m 1ms/step - loss: 0.0743 - mae: 0.2099
[1m185/381[0m [32mÔöüÔöüÔöüÔöüÔöüÔöüÔöüÔöüÔöü[0m[37mÔöüÔöüÔöüÔöüÔöüÔöüÔöüÔöüÔöüÔöüÔöü[0m [1m0s[0m 1ms/step - loss: 0.0743 - mae: 0.2099
[1m232/381[0m [32mÔöüÔöüÔöüÔöüÔöüÔöüÔöüÔöüÔöüÔöüÔöüÔöü[0m[37mÔöüÔöüÔöüÔöüÔöüÔöüÔöüÔöü[0m [1m0s[0m 1ms/step - loss: 0.0736 - mae: 0.2090
[1m278/381[0m [32mÔöüÔöüÔöüÔöüÔöüÔöüÔöüÔöüÔöüÔöüÔöüÔöüÔöüÔöü[0m[37mÔöüÔöüÔöüÔöüÔöüÔöü[0m [1m0s[0m 1ms/step - loss: 0.0733 - mae: 0.2087
[1m324/381[0m [32mÔöüÔöüÔöüÔöüÔöüÔöüÔöüÔöüÔöüÔöüÔöüÔöüÔöüÔöüÔöüÔöüÔöü[0m[37mÔöüÔöüÔöü[0m [1m0s[0m 1ms/step - loss: 0.0733 - mae: 0.2088
[1m371/381[0m [32mÔöüÔöüÔöüÔöüÔöüÔöüÔöüÔöüÔöüÔöüÔöüÔöüÔöüÔöüÔöüÔöüÔöüÔöüÔöü[0m[37mÔöü[0m [1m0s[0m 1ms/step - loss: 0.0725 - mae: 0.2079
[1m381/381[0m [32mÔöüÔöüÔöüÔöüÔöüÔöüÔöüÔöüÔöüÔöüÔöüÔöüÔöüÔöüÔöüÔöüÔöüÔöüÔöüÔöü[0m[37m[0m [1m1s[0m 1ms/step - loss: 0.0723 - mae: 0.2075 - val_loss: 0.0532 - val_mae: 0.1774
Epoch 11/60

[1m  1/381[0m [37mÔöüÔöüÔöüÔöüÔöüÔöüÔöüÔöüÔöüÔöüÔöüÔöüÔöüÔöüÔöüÔöüÔöüÔöüÔöüÔöü[0m [1m6s[0m 16ms/step - loss: 0.0735 - mae: 0.2105
[1m 47/381[0m [32mÔöüÔöü[0m[37mÔöüÔöüÔöüÔöüÔöüÔöüÔöüÔöüÔöüÔöüÔöüÔöüÔöüÔöüÔöüÔöüÔöüÔöü[0m [1m0s[0m 1ms/step - loss: 0.0756 - mae: 0.2128 
[1m 94/381[0m [32mÔöüÔöüÔöüÔöü[0m[37mÔöüÔöüÔöüÔöüÔöüÔöüÔöüÔöüÔöüÔöüÔöüÔöüÔöüÔöüÔöüÔöü[0m [1m0s[0m 1ms/step - loss: 0.0734 - mae: 0.2100
[1m141/381[0m [32mÔöüÔöüÔöüÔöüÔöüÔöüÔöü[0m[37mÔöüÔöüÔöüÔöüÔöüÔöüÔöüÔöüÔöüÔöüÔöüÔöüÔöü[0m [1m0s[0m 1ms/step - loss: 0.0722 - mae: 0.2079
[1m187/381[0m [32mÔöüÔöüÔöüÔöüÔöüÔöüÔöüÔöüÔöü[0m[37mÔöüÔöüÔöüÔöüÔöüÔöüÔöüÔöüÔöüÔöüÔöü[0m [1m0s[0m 1ms/step - loss: 0.0718 - mae: 0.2073
[1m234/381[0m [32mÔöüÔöüÔöüÔöüÔöüÔöüÔöüÔöüÔöüÔöüÔöüÔöü[0m[37mÔöüÔöüÔöüÔöüÔöüÔöüÔöüÔöü[0m [1m0s[0m 1ms/step - loss: 0.0712 - mae: 0.2065
[1m281/381[0m [32mÔöüÔöüÔöüÔöüÔöüÔöüÔöüÔöüÔöüÔöüÔöüÔöüÔöüÔöü[0m[37mÔöüÔöüÔöüÔöüÔöüÔöü[0m [1m0s[0m 1ms/step - loss: 0.0710 - mae: 0.2063
[1m327/381[0m [32mÔöüÔöüÔöüÔöüÔöüÔöüÔöüÔöüÔöüÔöüÔöüÔöüÔöüÔöüÔöüÔöüÔöü[0m[37mÔöüÔöüÔöü[0m [1m0s[0m 1ms/step - loss: 0.0710 - mae: 0.2063
[1m374/381[0m [32mÔöüÔöüÔöüÔöüÔöüÔöüÔöüÔöüÔöüÔöüÔöüÔöüÔöüÔöüÔöüÔöüÔöüÔöüÔöü[0m[37mÔöü[0m [1m0s[0m 1ms/step - loss: 0.0710 - mae: 0.2062
[1m381/381[0m [32mÔöüÔöüÔöüÔöüÔöüÔöüÔöüÔöüÔöüÔöüÔöüÔöüÔöüÔöüÔöüÔöüÔöüÔöüÔöüÔöü[0m[37m[0m [1m1s[0m 1ms/step - loss: 0.0708 - mae: 0.2060 - val_loss: 0.0528 - val_mae: 0.1769
Epoch 12/60

[1m  1/381[0m [37mÔöüÔöüÔöüÔöüÔöüÔöüÔöüÔöüÔöüÔöüÔöüÔöüÔöüÔöüÔöüÔöüÔöüÔöüÔöüÔöü[0m [1m6s[0m 16ms/step - loss: 0.0663 - mae: 0.1962
[1m 47/381[0m [32mÔöüÔöü[0m[37mÔöüÔöüÔöüÔöüÔöüÔöüÔöüÔöüÔöüÔöüÔöüÔöüÔöüÔöüÔöüÔöüÔöüÔöü[0m [1m0s[0m 1ms/step - loss: 0.0708 - mae: 0.2046 
[1m 94/381[0m [32mÔöüÔöüÔöüÔöü[0m[37mÔöüÔöüÔöüÔöüÔöüÔöüÔöüÔöüÔöüÔöüÔöüÔöüÔöüÔöüÔöüÔöü[0m [1m0s[0m 1ms/step - loss: 0.0700 - mae: 0.2045
[1m141/381[0m [32mÔöüÔöüÔöüÔöüÔöüÔöüÔöü[0m[37mÔöüÔöüÔöüÔöüÔöüÔöüÔöüÔöüÔöüÔöüÔöüÔöüÔöü[0m [1m0s[0m 1ms/step - loss: 0.0696 - mae: 0.2045
[1m188/381[0m [32mÔöüÔöüÔöüÔöüÔöüÔöüÔöüÔöüÔöü[0m[37mÔöüÔöüÔöüÔöüÔöüÔöüÔöüÔöüÔöüÔöüÔöü[0m [1m0s[0m 1ms/step - loss: 0.0690 - mae: 0.2032
[1m235/381[0m [32mÔöüÔöüÔöüÔöüÔöüÔöüÔöüÔöüÔöüÔöüÔöüÔöü[0m[37mÔöüÔöüÔöüÔöüÔöüÔöüÔöüÔöü[0m [1m0s[0m 1ms/step - loss: 0.0688 - mae: 0.2029
[1m282/381[0m [32mÔöüÔöüÔöüÔöüÔöüÔöüÔöüÔöüÔöüÔöüÔöüÔöüÔöüÔöü[0m[37mÔöüÔöüÔöüÔöüÔöüÔöü[0m [1m0s[0m 1ms/step - loss: 0.0684 - mae: 0.2023
[1m329/381[0m [32mÔöüÔöüÔöüÔöüÔöüÔöüÔöüÔöüÔöüÔöüÔöüÔöüÔöüÔöüÔöüÔöüÔöü[0m[37mÔöüÔöüÔöü[0m [1m0s[0m 1ms/step - loss: 0.0686 - mae: 0.2025
[1m375/381[0m [32mÔöüÔöüÔöüÔöüÔöüÔöüÔöüÔöüÔöüÔöüÔöüÔöüÔöüÔöüÔöüÔöüÔöüÔöüÔöü[0m[37mÔöü[0m [1m0s[0m 1ms/step - loss: 0.0685 - mae: 0.2023
[1m381/381[0m [32mÔöüÔöüÔöüÔöüÔöüÔöüÔöüÔöüÔöüÔöüÔöüÔöüÔöüÔöüÔöüÔöüÔöüÔöüÔöüÔöü[0m[37m[0m [1m1s[0m 1ms/step - loss: 0.0685 - mae: 0.2023 - val_loss: 0.0525 - val_mae: 0.1761
Epoch 13/60

[1m  1/381[0m [37mÔöüÔöüÔöüÔöüÔöüÔöüÔöüÔöüÔöüÔöüÔöüÔöüÔöüÔöüÔöüÔöüÔöüÔöüÔöüÔöü[0m [1m6s[0m 16ms/step - loss: 0.0558 - mae: 0.1733
[1m 46/381[0m [32mÔöüÔöü[0m[37mÔöüÔöüÔöüÔöüÔöüÔöüÔöüÔöüÔöüÔöüÔöüÔöüÔöüÔöüÔöüÔöüÔöüÔöü[0m [1m0s[0m 1ms/step - loss: 0.0707 - mae: 0.2059 
[1m 93/381[0m [32mÔöüÔöüÔöüÔöü[0m[37mÔöüÔöüÔöüÔöüÔöüÔöüÔöüÔöüÔöüÔöüÔöüÔöüÔöüÔöüÔöüÔöü[0m [1m0s[0m 1ms/step - loss: 0.0684 - mae: 0.2024
[1m140/381[0m [32mÔöüÔöüÔöüÔöüÔöüÔöüÔöü[0m[37mÔöüÔöüÔöüÔöüÔöüÔöüÔöüÔöüÔöüÔöüÔöüÔöüÔöü[0m [1m0s[0m 1ms/step - loss: 0.0679 - mae: 0.2012
[1m186/381[0m [32mÔöüÔöüÔöüÔöüÔöüÔöüÔöüÔöüÔöü[0m[37mÔöüÔöüÔöüÔöüÔöüÔöüÔöüÔöüÔöüÔöüÔöü[0m [1m0s[0m 1ms/step - loss: 0.0677 - mae: 0.2005
[1m233/381[0m [32mÔöüÔöüÔöüÔöüÔöüÔöüÔöüÔöüÔöüÔöüÔöüÔöü[0m[37mÔöüÔöüÔöüÔöüÔöüÔöüÔöüÔöü[0m [1m0s[0m 1ms/step - loss: 0.0674 - mae: 0.2003
[1m279/381[0m [32mÔöüÔöüÔöüÔöüÔöüÔöüÔöüÔöüÔöüÔöüÔöüÔöüÔöüÔöü[0m[37mÔöüÔöüÔöüÔöüÔöüÔöü[0m [1m0s[0m 1ms/step - loss: 0.0670 - mae: 0.1997
[1m326/381[0m [32mÔöüÔöüÔöüÔöüÔöüÔöüÔöüÔöüÔöüÔöüÔöüÔöüÔöüÔöüÔöüÔöüÔöü[0m[37mÔöüÔöüÔöü[0m [1m0s[0m 1ms/step - loss: 0.0675 - mae: 0.2004
[1m373/381[0m [32mÔöüÔöüÔöüÔöüÔöüÔöüÔöüÔöüÔöüÔöüÔöüÔöüÔöüÔöüÔöüÔöüÔöüÔöüÔöü[0m[37mÔöü[0m [1m0s[0m 1ms/step - loss: 0.0673 - mae: 0.2001
[1m381/381[0m [32mÔöüÔöüÔöüÔöüÔöüÔöüÔöüÔöüÔöüÔöüÔöüÔöüÔöüÔöüÔöüÔöüÔöüÔöüÔöüÔöü[0m[37m[0m [1m1s[0m 1ms/step - loss: 0.0673 - mae: 0.2001 - val_loss: 0.0527 - val_mae: 0.1768
Epoch 14/60

[1m  1/381[0m [37mÔöüÔöüÔöüÔöüÔöüÔöüÔöüÔöüÔöüÔöüÔöüÔöüÔöüÔöüÔöüÔöüÔöüÔöüÔöüÔöü[0m [1m6s[0m 16ms/step - loss: 0.0542 - mae: 0.1842
[1m 48/381[0m [32mÔöüÔöü[0m[37mÔöüÔöüÔöüÔöüÔöüÔöüÔöüÔöüÔöüÔöüÔöüÔöüÔöüÔöüÔöüÔöüÔöüÔöü[0m [1m0s[0m 1ms/step - loss: 0.0673 - mae: 0.2013 
[1m 94/381[0m [32mÔöüÔöüÔöüÔöü[0m[37mÔöüÔöüÔöüÔöüÔöüÔöüÔöüÔöüÔöüÔöüÔöüÔöüÔöüÔöüÔöüÔöü[0m [1m0s[0m 1ms/step - loss: 0.0670 - mae: 0.2005
[1m141/381[0m [32mÔöüÔöüÔöüÔöüÔöüÔöüÔöü[0m[37mÔöüÔöüÔöüÔöüÔöüÔöüÔöüÔöüÔöüÔöüÔöüÔöüÔöü[0m [1m0s[0m 1ms/step - loss: 0.0665 - mae: 0.1994
[1m187/381[0m [32mÔöüÔöüÔöüÔöüÔöüÔöüÔöüÔöüÔöü[0m[37mÔöüÔöüÔöüÔöüÔöüÔöüÔöüÔöüÔöüÔöüÔöü[0m [1m0s[0m 1ms/step - loss: 0.0662 - mae: 0.1992
[1m234/381[0m [32mÔöüÔöüÔöüÔöüÔöüÔöüÔöüÔöüÔöüÔöüÔöüÔöü[0m[37mÔöüÔöüÔöüÔöüÔöüÔöüÔöüÔöü[0m [1m0s[0m 1ms/step - loss: 0.0657 - mae: 0.1982
[1m281/381[0m [32mÔöüÔöüÔöüÔöüÔöüÔöüÔöüÔöüÔöüÔöüÔöüÔöüÔöüÔöü[0m[37mÔöüÔöüÔöüÔöüÔöüÔöü[0m [1m0s[0m 1ms/step - loss: 0.0654 - mae: 0.1975
[1m328/381[0m [32mÔöüÔöüÔöüÔöüÔöüÔöüÔöüÔöüÔöüÔöüÔöüÔöüÔöüÔöüÔöüÔöüÔöü[0m[37mÔöüÔöüÔöü[0m [1m0s[0m 1ms/step - loss: 0.0655 - mae: 0.1976
[1m369/381[0m [32mÔöüÔöüÔöüÔöüÔöüÔöüÔöüÔöüÔöüÔöüÔöüÔöüÔöüÔöüÔöüÔöüÔöüÔöüÔöü[0m[37mÔöü[0m [1m0s[0m 1ms/step - loss: 0.0654 - mae: 0.1975
[1m381/381[0m [32mÔöüÔöüÔöüÔöüÔöüÔöüÔöüÔöüÔöüÔöüÔöüÔöüÔöüÔöüÔöüÔöüÔöüÔöüÔöüÔöü[0m[37m[0m [1m1s[0m 1ms/step - loss: 0.0653 - mae: 0.1972 - val_loss: 0.0520 - val_mae: 0.1757
Epoch 15/60

[1m  1/381[0m [37mÔöüÔöüÔöüÔöüÔöüÔöüÔöüÔöüÔöüÔöüÔöüÔöüÔöüÔöüÔöüÔöüÔöüÔöüÔöüÔöü[0m [1m6s[0m 16ms/step - loss: 0.0506 - mae: 0.1748
[1m 48/381[0m [32mÔöüÔöü[0m[37mÔöüÔöüÔöüÔöüÔöüÔöüÔöüÔöüÔöüÔöüÔöüÔöüÔöüÔöüÔöüÔöüÔöüÔöü[0m [1m0s[0m 1ms/step - loss: 0.0658 - mae: 0.1986 
[1m 94/381[0m [32mÔöüÔöüÔöüÔöü[0m[37mÔöüÔöüÔöüÔöüÔöüÔöüÔöüÔöüÔöüÔöüÔöüÔöüÔöüÔöüÔöüÔöü[0m [1m0s[0m 1ms/step - loss: 0.0656 - mae: 0.1982
[1m141/381[0m [32mÔöüÔöüÔöüÔöüÔöüÔöüÔöü[0m[37mÔöüÔöüÔöüÔöüÔöüÔöüÔöüÔöüÔöüÔöüÔöüÔöüÔöü[0m [1m0s[0m 1ms/step - loss: 0.0655 - mae: 0.1981
[1m188/381[0m [32mÔöüÔöüÔöüÔöüÔöüÔöüÔöüÔöüÔöü[0m[37mÔöüÔöüÔöüÔöüÔöüÔöüÔöüÔöüÔöüÔöüÔöü[0m [1m0s[0m 1ms/step - loss: 0.0650 - mae: 0.1975
[1m235/381[0m [32mÔöüÔöüÔöüÔöüÔöüÔöüÔöüÔöüÔöüÔöüÔöüÔöü[0m[37mÔöüÔöüÔöüÔöüÔöüÔöüÔöüÔöü[0m [1m0s[0m 1ms/step - loss: 0.0644 - mae: 0.1965
[1m283/381[0m [32mÔöüÔöüÔöüÔöüÔöüÔöüÔöüÔöüÔöüÔöüÔöüÔöüÔöüÔöü[0m[37mÔöüÔöüÔöüÔöüÔöüÔöü[0m [1m0s[0m 1ms/step - loss: 0.0647 - mae: 0.1966
[1m330/381[0m [32mÔöüÔöüÔöüÔöüÔöüÔöüÔöüÔöüÔöüÔöüÔöüÔöüÔöüÔöüÔöüÔöüÔöü[0m[37mÔöüÔöüÔöü[0m [1m0s[0m 1ms/step - loss: 0.0647 - mae: 0.1963
[1m378/381[0m [32mÔöüÔöüÔöüÔöüÔöüÔöüÔöüÔöüÔöüÔöüÔöüÔöüÔöüÔöüÔöüÔöüÔöüÔöüÔöü[0m[37mÔöü[0m [1m0s[0m 1ms/step - loss: 0.0645 - mae: 0.1961
[1m381/381[0m [32mÔöüÔöüÔöüÔöüÔöüÔöüÔöüÔöüÔöüÔöüÔöüÔöüÔöüÔöüÔöüÔöüÔöüÔöüÔöüÔöü[0m[37m[0m [1m1s[0m 1ms/step - loss: 0.0645 - mae: 0.1961 - val_loss: 0.0520 - val_mae: 0.1759
Epoch 16/60

[1m  1/381[0m [37mÔöüÔöüÔöüÔöüÔöüÔöüÔöüÔöüÔöüÔöüÔöüÔöüÔöüÔöüÔöüÔöüÔöüÔöüÔöüÔöü[0m [1m6s[0m 17ms/step - loss: 0.0465 - mae: 0.1737
[1m 48/381[0m [32mÔöüÔöü[0m[37mÔöüÔöüÔöüÔöüÔöüÔöüÔöüÔöüÔöüÔöüÔöüÔöüÔöüÔöüÔöüÔöüÔöüÔöü[0m [1m0s[0m 1ms/step - loss: 0.0670 - mae: 0.2000 
[1m 95/381[0m [32mÔöüÔöüÔöüÔöü[0m[37mÔöüÔöüÔöüÔöüÔöüÔöüÔöüÔöüÔöüÔöüÔöüÔöüÔöüÔöüÔöüÔöü[0m [1m0s[0m 1ms/step - loss: 0.0656 - mae: 0.1986
[1m142/381[0m [32mÔöüÔöüÔöüÔöüÔöüÔöüÔöü[0m[37mÔöüÔöüÔöüÔöüÔöüÔöüÔöüÔöüÔöüÔöüÔöüÔöüÔöü[0m [1m0s[0m 1ms/step - loss: 0.0647 - mae: 0.1967
[1m189/381[0m [32mÔöüÔöüÔöüÔöüÔöüÔöüÔöüÔöüÔöü[0m[37mÔöüÔöüÔöüÔöüÔöüÔöüÔöüÔöüÔöüÔöüÔöü[0m [1m0s[0m 1ms/step - loss: 0.0642 - mae: 0.1957
[1m236/381[0m [32mÔöüÔöüÔöüÔöüÔöüÔöüÔöüÔöüÔöüÔöüÔöüÔöü[0m[37mÔöüÔöüÔöüÔöüÔöüÔöüÔöüÔöü[0m [1m0s[0m 1ms/step - loss: 0.0641 - mae: 0.1954
[1m283/381[0m [32mÔöüÔöüÔöüÔöüÔöüÔöüÔöüÔöüÔöüÔöüÔöüÔöüÔöüÔöü[0m[37mÔöüÔöüÔöüÔöüÔöüÔöü[0m [1m0s[0m 1ms/step - loss: 0.0644 - mae: 0.1958
[1m329/381[0m [32mÔöüÔöüÔöüÔöüÔöüÔöüÔöüÔöüÔöüÔöüÔöüÔöüÔöüÔöüÔöüÔöüÔöü[0m[37mÔöüÔöüÔöü[0m [1m0s[0m 1ms/step - loss: 0.0641 - mae: 0.1956
[1m375/381[0m [32mÔöüÔöüÔöüÔöüÔöüÔöüÔöüÔöüÔöüÔöüÔöüÔöüÔöüÔöüÔöüÔöüÔöüÔöüÔöü[0m[37mÔöü[0m [1m0s[0m 1ms/step - loss: 0.0641 - mae: 0.1952
[1m381/381[0m [32mÔöüÔöüÔöüÔöüÔöüÔöüÔöüÔöüÔöüÔöüÔöüÔöüÔöüÔöüÔöüÔöüÔöüÔöüÔöüÔöü[0m[37m[0m [1m1s[0m 1ms/step - loss: 0.0640 - mae: 0.1951 - val_loss: 0.0521 - val_mae: 0.1767
Epoch 17/60

[1m  1/381[0m [37mÔöüÔöüÔöüÔöüÔöüÔöüÔöüÔöüÔöüÔöüÔöüÔöüÔöüÔöüÔöüÔöüÔöüÔöüÔöüÔöü[0m [1m6s[0m 16ms/step - loss: 0.0549 - mae: 0.1808
[1m 48/381[0m [32mÔöüÔöü[0m[37mÔöüÔöüÔöüÔöüÔöüÔöüÔöüÔöüÔöüÔöüÔöüÔöüÔöüÔöüÔöüÔöüÔöüÔöü[0m [1m0s[0m 1ms/step - loss: 0.0627 - mae: 0.1930 
[1m 94/381[0m [32mÔöüÔöüÔöüÔöü[0m[37mÔöüÔöüÔöüÔöüÔöüÔöüÔöüÔöüÔöüÔöüÔöüÔöüÔöüÔöüÔöüÔöü[0m [1m0s[0m 1ms/step - loss: 0.0628 - mae: 0.1931
[1m141/381[0m [32mÔöüÔöüÔöüÔöüÔöüÔöüÔöü[0m[37mÔöüÔöüÔöüÔöüÔöüÔöüÔöüÔöüÔöüÔöüÔöüÔöüÔöü[0m [1m0s[0m 1ms/step - loss: 0.0625 - mae: 0.1926
[1m188/381[0m [32mÔöüÔöüÔöüÔöüÔöüÔöüÔöüÔöüÔöü[0m[37mÔöüÔöüÔöüÔöüÔöüÔöüÔöüÔöüÔöüÔöüÔöü[0m [1m0s[0m 1ms/step - loss: 0.0626 - mae: 0.1926
[1m234/381[0m [32mÔöüÔöüÔöüÔöüÔöüÔöüÔöüÔöüÔöüÔöüÔöüÔöü[0m[37mÔöüÔöüÔöüÔöüÔöüÔöüÔöüÔöü[0m [1m0s[0m 1ms/step - loss: 0.0624 - mae: 0.1924
[1m280/381[0m [32mÔöüÔöüÔöüÔöüÔöüÔöüÔöüÔöüÔöüÔöüÔöüÔöüÔöüÔöü[0m[37mÔöüÔöüÔöüÔöüÔöüÔöü[0m [1m0s[0m 1ms/step - loss: 0.0626 - mae: 0.1926
[1m326/381[0m [32mÔöüÔöüÔöüÔöüÔöüÔöüÔöüÔöüÔöüÔöüÔöüÔöüÔöüÔöüÔöüÔöüÔöü[0m[37mÔöüÔöüÔöü[0m [1m0s[0m 1ms/step - loss: 0.0627 - mae: 0.1932
[1m373/381[0m [32mÔöüÔöüÔöüÔöüÔöüÔöüÔöüÔöüÔöüÔöüÔöüÔöüÔöüÔöüÔöüÔöüÔöüÔöüÔöü[0m[37mÔöü[0m [1m0s[0m 1ms/step - loss: 0.0625 - mae: 0.1930
[1m381/381[0m [32mÔöüÔöüÔöüÔöüÔöüÔöüÔöüÔöüÔöüÔöüÔöüÔöüÔöüÔöüÔöüÔöüÔöüÔöüÔöüÔöü[0m[37m[0m [1m1s[0m 1ms/step - loss: 0.0625 - mae: 0.1929 - val_loss: 0.0519 - val_mae: 0.1762
Epoch 18/60

[1m  1/381[0m [37mÔöüÔöüÔöüÔöüÔöüÔöüÔöüÔöüÔöüÔöüÔöüÔöüÔöüÔöüÔöüÔöüÔöüÔöüÔöüÔöü[0m [1m6s[0m 16ms/step - loss: 0.0471 - mae: 0.1678
[1m 47/381[0m [32mÔöüÔöü[0m[37mÔöüÔöüÔöüÔöüÔöüÔöüÔöüÔöüÔöüÔöüÔöüÔöüÔöüÔöüÔöüÔöüÔöüÔöü[0m [1m0s[0m 1ms/step - loss: 0.0623 - mae: 0.1937 
[1m 93/381[0m [32mÔöüÔöüÔöüÔöü[0m[37mÔöüÔöüÔöüÔöüÔöüÔöüÔöüÔöüÔöüÔöüÔöüÔöüÔöüÔöüÔöüÔöü[0m [1m0s[0m 1ms/step - loss: 0.0615 - mae: 0.1923
[1m140/381[0m [32mÔöüÔöüÔöüÔöüÔöüÔöüÔöü[0m[37mÔöüÔöüÔöüÔöüÔöüÔöüÔöüÔöüÔöüÔöüÔöüÔöüÔöü[0m [1m0s[0m 1ms/step - loss: 0.0621 - mae: 0.1933
[1m187/381[0m [32mÔöüÔöüÔöüÔöüÔöüÔöüÔöüÔöüÔöü[0m[37mÔöüÔöüÔöüÔöüÔöüÔöüÔöüÔöüÔöüÔöüÔöü[0m [1m0s[0m 1ms/step - loss: 0.0622 - mae: 0.1932
[1m234/381[0m [32mÔöüÔöüÔöüÔöüÔöüÔöüÔöüÔöüÔöüÔöüÔöüÔöü[0m[37mÔöüÔöüÔöüÔöüÔöüÔöüÔöüÔöü[0m [1m0s[0m 1ms/step - loss: 0.0619 - mae: 0.1926
[1m279/381[0m [32mÔöüÔöüÔöüÔöüÔöüÔöüÔöüÔöüÔöüÔöüÔöüÔöüÔöüÔöü[0m[37mÔöüÔöüÔöüÔöüÔöüÔöü[0m [1m0s[0m 1ms/step - loss: 0.0618 - mae: 0.1925
[1m326/381[0m [32mÔöüÔöüÔöüÔöüÔöüÔöüÔöüÔöüÔöüÔöüÔöüÔöüÔöüÔöüÔöüÔöüÔöü[0m[37mÔöüÔöüÔöü[0m [1m0s[0m 1ms/step - loss: 0.0620 - mae: 0.1926
[1m372/381[0m [32mÔöüÔöüÔöüÔöüÔöüÔöüÔöüÔöüÔöüÔöüÔöüÔöüÔöüÔöüÔöüÔöüÔöüÔöüÔöü[0m[37mÔöü[0m [1m0s[0m 1ms/step - loss: 0.0618 - mae: 0.1919
[1m381/381[0m [32mÔöüÔöüÔöüÔöüÔöüÔöüÔöüÔöüÔöüÔöüÔöüÔöüÔöüÔöüÔöüÔöüÔöüÔöüÔöüÔöü[0m[37m[0m [1m1s[0m 1ms/step - loss: 0.0618 - mae: 0.1921 - val_loss: 0.0517 - val_mae: 0.1760
Epoch 19/60

[1m  1/381[0m [37mÔöüÔöüÔöüÔöüÔöüÔöüÔöüÔöüÔöüÔöüÔöüÔöüÔöüÔöüÔöüÔöüÔöüÔöüÔöüÔöü[0m [1m6s[0m 16ms/step - loss: 0.0488 - mae: 0.1782
[1m 48/381[0m [32mÔöüÔöü[0m[37mÔöüÔöüÔöüÔöüÔöüÔöüÔöüÔöüÔöüÔöüÔöüÔöüÔöüÔöüÔöüÔöüÔöüÔöü[0m [1m0s[0m 1ms/step - loss: 0.0629 - mae: 0.1944 
[1m 93/381[0m [32mÔöüÔöüÔöüÔöü[0m[37mÔöüÔöüÔöüÔöüÔöüÔöüÔöüÔöüÔöüÔöüÔöüÔöüÔöüÔöüÔöüÔöü[0m [1m0s[0m 1ms/step - loss: 0.0633 - mae: 0.1943
[1m140/381[0m [32mÔöüÔöüÔöüÔöüÔöüÔöüÔöü[0m[37mÔöüÔöüÔöüÔöüÔöüÔöüÔöüÔöüÔöüÔöüÔöüÔöüÔöü[0m [1m0s[0m 1ms/step - loss: 0.0626 - mae: 0.1930
[1m187/381[0m [32mÔöüÔöüÔöüÔöüÔöüÔöüÔöüÔöüÔöü[0m[37mÔöüÔöüÔöüÔöüÔöüÔöüÔöüÔöüÔöüÔöüÔöü[0m [1m0s[0m 1ms/step - loss: 0.0622 - mae: 0.1924
[1m235/381[0m [32mÔöüÔöüÔöüÔöüÔöüÔöüÔöüÔöüÔöüÔöüÔöüÔöü[0m[37mÔöüÔöüÔöüÔöüÔöüÔöüÔöüÔöü[0m [1m0s[0m 1ms/step - loss: 0.0618 - mae: 0.1919
[1m281/381[0m [32mÔöüÔöüÔöüÔöüÔöüÔöüÔöüÔöüÔöüÔöüÔöüÔöüÔöüÔöü[0m[37mÔöüÔöüÔöüÔöüÔöüÔöü[0m [1m0s[0m 1ms/step - loss: 0.0618 - mae: 0.1915
[1m327/381[0m [32mÔöüÔöüÔöüÔöüÔöüÔöüÔöüÔöüÔöüÔöüÔöüÔöüÔöüÔöüÔöüÔöüÔöü[0m[37mÔöüÔöüÔöü[0m [1m0s[0m 1ms/step - loss: 0.0618 - mae: 0.1916
[1m374/381[0m [32mÔöüÔöüÔöüÔöüÔöüÔöüÔöüÔöüÔöüÔöüÔöüÔöüÔöüÔöüÔöüÔöüÔöüÔöüÔöü[0m[37mÔöü[0m [1m0s[0m 1ms/step - loss: 0.0615 - mae: 0.1910
[1m381/381[0m [32mÔöüÔöüÔöüÔöüÔöüÔöüÔöüÔöüÔöüÔöüÔöüÔöüÔöüÔöüÔöüÔöüÔöüÔöüÔöüÔöü[0m[37m[0m [1m1s[0m 1ms/step - loss: 0.0614 - mae: 0.1908 - val_loss: 0.0516 - val_mae: 0.1748
Epoch 20/60

[1m  1/381[0m [37mÔöüÔöüÔöüÔöüÔöüÔöüÔöüÔöüÔöüÔöüÔöüÔöüÔöüÔöüÔöüÔöüÔöüÔöüÔöüÔöü[0m [1m6s[0m 16ms/step - loss: 0.0447 - mae: 0.1693
[1m 46/381[0m [32mÔöüÔöü[0m[37mÔöüÔöüÔöüÔöüÔöüÔöüÔöüÔöüÔöüÔöüÔöüÔöüÔöüÔöüÔöüÔöüÔöüÔöü[0m [1m0s[0m 1ms/step - loss: 0.0627 - mae: 0.1941 
[1m 92/381[0m [32mÔöüÔöüÔöüÔöü[0m[37mÔöüÔöüÔöüÔöüÔöüÔöüÔöüÔöüÔöüÔöüÔöüÔöüÔöüÔöüÔöüÔöü[0m [1m0s[0m 1ms/step - loss: 0.0617 - mae: 0.1917
[1m139/381[0m [32mÔöüÔöüÔöüÔöüÔöüÔöüÔöü[0m[37mÔöüÔöüÔöüÔöüÔöüÔöüÔöüÔöüÔöüÔöüÔöüÔöüÔöü[0m [1m0s[0m 1ms/step - loss: 0.0619 - mae: 0.1922
[1m186/381[0m [32mÔöüÔöüÔöüÔöüÔöüÔöüÔöüÔöüÔöü[0m[37mÔöüÔöüÔöüÔöüÔöüÔöüÔöüÔöüÔöüÔöüÔöü[0m [1m0s[0m 1ms/step - loss: 0.0615 - mae: 0.1913
[1m233/381[0m [32mÔöüÔöüÔöüÔöüÔöüÔöüÔöüÔöüÔöüÔöüÔöüÔöü[0m[37mÔöüÔöüÔöüÔöüÔöüÔöüÔöüÔöü[0m [1m0s[0m 1ms/step - loss: 0.0611 - mae: 0.1907
[1m280/381[0m [32mÔöüÔöüÔöüÔöüÔöüÔöüÔöüÔöüÔöüÔöüÔöüÔöüÔöüÔöü[0m[37mÔöüÔöüÔöüÔöüÔöüÔöü[0m [1m0s[0m 1ms/step - loss: 0.0610 - mae: 0.1905
[1m326/381[0m [32mÔöüÔöüÔöüÔöüÔöüÔöüÔöüÔöüÔöüÔöüÔöüÔöüÔöüÔöüÔöüÔöüÔöü[0m[37mÔöüÔöüÔöü[0m [1m0s[0m 1ms/step - loss: 0.0612 - mae: 0.1909
[1m372/381[0m [32mÔöüÔöüÔöüÔöüÔöüÔöüÔöüÔöüÔöüÔöüÔöüÔöüÔöüÔöüÔöüÔöüÔöüÔöüÔöü[0m[37mÔöü[0m [1m0s[0m 1ms/step - loss: 0.0610 - mae: 0.1905
[1m381/381[0m [32mÔöüÔöüÔöüÔöüÔöüÔöüÔöüÔöüÔöüÔöüÔöüÔöüÔöüÔöüÔöüÔöüÔöüÔöüÔöüÔöü[0m[37m[0m [1m1s[0m 1ms/step - loss: 0.0610 - mae: 0.1906 - val_loss: 0.0515 - val_mae: 0.1747
Epoch 21/60

[1m  1/381[0m [37mÔöüÔöüÔöüÔöüÔöüÔöüÔöüÔöüÔöüÔöüÔöüÔöüÔöüÔöüÔöüÔöüÔöüÔöüÔöüÔöü[0m [1m6s[0m 16ms/step - loss: 0.0536 - mae: 0.1885
[1m 48/381[0m [32mÔöüÔöü[0m[37mÔöüÔöüÔöüÔöüÔöüÔöüÔöüÔöüÔöüÔöüÔöüÔöüÔöüÔöüÔöüÔöüÔöüÔöü[0m [1m0s[0m 1ms/step - loss: 0.0618 - mae: 0.1916 
[1m 95/381[0m [32mÔöüÔöüÔöüÔöü[0m[37mÔöüÔöüÔöüÔöüÔöüÔöüÔöüÔöüÔöüÔöüÔöüÔöüÔöüÔöüÔöüÔöü[0m [1m0s[0m 1ms/step - loss: 0.0617 - mae: 0.1920
[1m142/381[0m [32mÔöüÔöüÔöüÔöüÔöüÔöüÔöü[0m[37mÔöüÔöüÔöüÔöüÔöüÔöüÔöüÔöüÔöüÔöüÔöüÔöüÔöü[0m [1m0s[0m 1ms/step - loss: 0.0607 - mae: 0.1905
[1m189/381[0m [32mÔöüÔöüÔöüÔöüÔöüÔöüÔöüÔöüÔöü[0m[37mÔöüÔöüÔöüÔöüÔöüÔöüÔöüÔöüÔöüÔöüÔöü[0m [1m0s[0m 1ms/step - loss: 0.0605 - mae: 0.1904
[1m237/381[0m [32mÔöüÔöüÔöüÔöüÔöüÔöüÔöüÔöüÔöüÔöüÔöüÔöü[0m[37mÔöüÔöüÔöüÔöüÔöüÔöüÔöüÔöü[0m [1m0s[0m 1ms/step - loss: 0.0604 - mae: 0.1900
[1m285/381[0m [32mÔöüÔöüÔöüÔöüÔöüÔöüÔöüÔöüÔöüÔöüÔöüÔöüÔöüÔöü[0m[37mÔöüÔöüÔöüÔöüÔöüÔöü[0m [1m0s[0m 1ms/step - loss: 0.0608 - mae: 0.1904
[1m333/381[0m [32mÔöüÔöüÔöüÔöüÔöüÔöüÔöüÔöüÔöüÔöüÔöüÔöüÔöüÔöüÔöüÔöüÔöü[0m[37mÔöüÔöüÔöü[0m [1m0s[0m 1ms/step - loss: 0.0609 - mae: 0.1903
[1m381/381[0m [32mÔöüÔöüÔöüÔöüÔöüÔöüÔöüÔöüÔöüÔöüÔöüÔöüÔöüÔöüÔöüÔöüÔöüÔöüÔöüÔöü[0m[37m[0m [1m0s[0m 1ms/step - loss: 0.0604 - mae: 0.1895
[1m381/381[0m [32mÔöüÔöüÔöüÔöüÔöüÔöüÔöüÔöüÔöüÔöüÔöüÔöüÔöüÔöüÔöüÔöüÔöüÔöüÔöüÔöü[0m[37m[0m [1m1s[0m 1ms/step - loss: 0.0604 - mae: 0.1895 - val_loss: 0.0518 - val_mae: 0.1759
Epoch 22/60

[1m  1/381[0m [37mÔöüÔöüÔöüÔöüÔöüÔöüÔöüÔöüÔöüÔöüÔöüÔöüÔöüÔöüÔöüÔöüÔöüÔöüÔöüÔöü[0m [1m6s[0m 16ms/step - loss: 0.0587 - mae: 0.1832
[1m 48/381[0m [32mÔöüÔöü[0m[37mÔöüÔöüÔöüÔöüÔöüÔöüÔöüÔöüÔöüÔöüÔöüÔöüÔöüÔöüÔöüÔöüÔöüÔöü[0m [1m0s[0m 1ms/step - loss: 0.0629 - mae: 0.1925 
[1m 96/381[0m [32mÔöüÔöüÔöüÔöüÔöü[0m[37mÔöüÔöüÔöüÔöüÔöüÔöüÔöüÔöüÔöüÔöüÔöüÔöüÔöüÔöüÔöü[0m [1m0s[0m 1ms/step - loss: 0.0608 - mae: 0.1894
[1m144/381[0m [32mÔöüÔöüÔöüÔöüÔöüÔöüÔöü[0m[37mÔöüÔöüÔöüÔöüÔöüÔöüÔöüÔöüÔöüÔöüÔöüÔöüÔöü[0m [1m0s[0m 1ms/step - loss: 0.0600 - mae: 0.1885
[1m191/381[0m [32mÔöüÔöüÔöüÔöüÔöüÔöüÔöüÔöüÔöüÔöü[0m[37mÔöüÔöüÔöüÔöüÔöüÔöüÔöüÔöüÔöüÔöü[0m [1m0s[0m 1ms/step - loss: 0.0600 - mae: 0.1882
[1m238/381[0m [32mÔöüÔöüÔöüÔöüÔöüÔöüÔöüÔöüÔöüÔöüÔöüÔöü[0m[37mÔöüÔöüÔöüÔöüÔöüÔöüÔöüÔöü[0m [1m0s[0m 1ms/step - loss: 0.0598 - mae: 0.1881
[1m285/381[0m [32mÔöüÔöüÔöüÔöüÔöüÔöüÔöüÔöüÔöüÔöüÔöüÔöüÔöüÔöü[0m[37mÔöüÔöüÔöüÔöüÔöüÔöü[0m [1m0s[0m 1ms/step - loss: 0.0602 - mae: 0.1886
[1m332/381[0m [32mÔöüÔöüÔöüÔöüÔöüÔöüÔöüÔöüÔöüÔöüÔöüÔöüÔöüÔöüÔöüÔöüÔöü[0m[37mÔöüÔöüÔöü[0m [1m0s[0m 1ms/step - loss: 0.0602 - mae: 0.1885
[1m381/381[0m [32mÔöüÔöüÔöüÔöüÔöüÔöüÔöüÔöüÔöüÔöüÔöüÔöüÔöüÔöüÔöüÔöüÔöüÔöüÔöüÔöü[0m[37m[0m [1m0s[0m 1ms/step - loss: 0.0598 - mae: 0.1879
[1m381/381[0m [32mÔöüÔöüÔöüÔöüÔöüÔöüÔöüÔöüÔöüÔöüÔöüÔöüÔöüÔöüÔöüÔöüÔöüÔöüÔöüÔöü[0m[37m[0m [1m1s[0m 1ms/step - loss: 0.0598 - mae: 0.1879 - val_loss: 0.0515 - val_mae: 0.1750
Epoch 23/60

[1m  1/381[0m [37mÔöüÔöüÔöüÔöüÔöüÔöüÔöüÔöüÔöüÔöüÔöüÔöüÔöüÔöüÔöüÔöüÔöüÔöüÔöüÔöü[0m [1m6s[0m 16ms/step - loss: 0.0384 - mae: 0.1422
[1m 49/381[0m [32mÔöüÔöü[0m[37mÔöüÔöüÔöüÔöüÔöüÔöüÔöüÔöüÔöüÔöüÔöüÔöüÔöüÔöüÔöüÔöüÔöüÔöü[0m [1m0s[0m 1ms/step - loss: 0.0590 - mae: 0.1871 
[1m 96/381[0m [32mÔöüÔöüÔöüÔöüÔöü[0m[37mÔöüÔöüÔöüÔöüÔöüÔöüÔöüÔöüÔöüÔöüÔöüÔöüÔöüÔöüÔöü[0m [1m0s[0m 1ms/step - loss: 0.0593 - mae: 0.1877
[1m143/381[0m [32mÔöüÔöüÔöüÔöüÔöüÔöüÔöü[0m[37mÔöüÔöüÔöüÔöüÔöüÔöüÔöüÔöüÔöüÔöüÔöüÔöüÔöü[0m [1m0s[0m 1ms/step - loss: 0.0590 - mae: 0.1879
[1m191/381[0m [32mÔöüÔöüÔöüÔöüÔöüÔöüÔöüÔöüÔöüÔöü[0m[37mÔöüÔöüÔöüÔöüÔöüÔöüÔöüÔöüÔöüÔöü[0m [1m0s[0m 1ms/step - loss: 0.0589 - mae: 0.1874
[1m238/381[0m [32mÔöüÔöüÔöüÔöüÔöüÔöüÔöüÔöüÔöüÔöüÔöüÔöü[0m[37mÔöüÔöüÔöüÔöüÔöüÔöüÔöüÔöü[0m [1m0s[0m 1ms/step - loss: 0.0589 - mae: 0.1875
[1m285/381[0m [32mÔöüÔöüÔöüÔöüÔöüÔöüÔöüÔöüÔöüÔöüÔöüÔöüÔöüÔöü[0m[37mÔöüÔöüÔöüÔöüÔöüÔöü[0m [1m0s[0m 1ms/step - loss: 0.0589 - mae: 0.1877
[1m333/381[0m [32mÔöüÔöüÔöüÔöüÔöüÔöüÔöüÔöüÔöüÔöüÔöüÔöüÔöüÔöüÔöüÔöüÔöü[0m[37mÔöüÔöüÔöü[0m [1m0s[0m 1ms/step - loss: 0.0588 - mae: 0.1875
[1m381/381[0m [32mÔöüÔöüÔöüÔöüÔöüÔöüÔöüÔöüÔöüÔöüÔöüÔöüÔöüÔöüÔöüÔöüÔöüÔöüÔöüÔöü[0m[37m[0m [1m0s[0m 1ms/step - loss: 0.0585 - mae: 0.1869
[1m381/381[0m [32mÔöüÔöüÔöüÔöüÔöüÔöüÔöüÔöüÔöüÔöüÔöüÔöüÔöüÔöüÔöüÔöüÔöüÔöüÔöüÔöü[0m[37m[0m [1m1s[0m 1ms/step - loss: 0.0585 - mae: 0.1869 - val_loss: 0.0511 - val_mae: 0.1743
Epoch 24/60

[1m  1/381[0m [37mÔöüÔöüÔöüÔöüÔöüÔöüÔöüÔöüÔöüÔöüÔöüÔöüÔöüÔöüÔöüÔöüÔöüÔöüÔöüÔöü[0m [1m6s[0m 16ms/step - loss: 0.0516 - mae: 0.1762
[1m 48/381[0m [32mÔöüÔöü[0m[37mÔöüÔöüÔöüÔöüÔöüÔöüÔöüÔöüÔöüÔöüÔöüÔöüÔöüÔöüÔöüÔöüÔöüÔöü[0m [1m0s[0m 1ms/step - loss: 0.0598 - mae: 0.1873 
[1m 96/381[0m [32mÔöüÔöüÔöüÔöüÔöü[0m[37mÔöüÔöüÔöüÔöüÔöüÔöüÔöüÔöüÔöüÔöüÔöüÔöüÔöüÔöüÔöü[0m [1m0s[0m 1ms/step - loss: 0.0598 - mae: 0.1879
[1m143/381[0m [32mÔöüÔöüÔöüÔöüÔöüÔöüÔöü[0m[37mÔöüÔöüÔöüÔöüÔöüÔöüÔöüÔöüÔöüÔöüÔöüÔöüÔöü[0m [1m0s[0m 1ms/step - loss: 0.0592 - mae: 0.1874
[1m192/381[0m [32mÔöüÔöüÔöüÔöüÔöüÔöüÔöüÔöüÔöüÔöü[0m[37mÔöüÔöüÔöüÔöüÔöüÔöüÔöüÔöüÔöüÔöü[0m [1m0s[0m 1ms/step - loss: 0.0591 - mae: 0.1871
[1m239/381[0m [32mÔöüÔöüÔöüÔöüÔöüÔöüÔöüÔöüÔöüÔöüÔöüÔöü[0m[37mÔöüÔöüÔöüÔöüÔöüÔöüÔöüÔöü[0m [1m0s[0m 1ms/step - loss: 0.0594 - mae: 0.1878
[1m287/381[0m [32mÔöüÔöüÔöüÔöüÔöüÔöüÔöüÔöüÔöüÔöüÔöüÔöüÔöüÔöüÔöü[0m[37mÔöüÔöüÔöüÔöüÔöü[0m [1m0s[0m 1ms/step - loss: 0.0594 - mae: 0.1878
[1m335/381[0m [32mÔöüÔöüÔöüÔöüÔöüÔöüÔöüÔöüÔöüÔöüÔöüÔöüÔöüÔöüÔöüÔöüÔöü[0m[37mÔöüÔöüÔöü[0m [1m0s[0m 1ms/step - loss: 0.0594 - mae: 0.1879
[1m381/381[0m [32mÔöüÔöüÔöüÔöüÔöüÔöüÔöüÔöüÔöüÔöüÔöüÔöüÔöüÔöüÔöüÔöüÔöüÔöüÔöüÔöü[0m[37m[0m [1m1s[0m 1ms/step - loss: 0.0592 - mae: 0.1876 - val_loss: 0.0514 - val_mae: 0.1742
Epoch 25/60

[1m  1/381[0m [37mÔöüÔöüÔöüÔöüÔöüÔöüÔöüÔöüÔöüÔöüÔöüÔöüÔöüÔöüÔöüÔöüÔöüÔöüÔöüÔöü[0m [1m6s[0m 16ms/step - loss: 0.0472 - mae: 0.1662
[1m 48/381[0m [32mÔöüÔöü[0m[37mÔöüÔöüÔöüÔöüÔöüÔöüÔöüÔöüÔöüÔöüÔöüÔöüÔöüÔöüÔöüÔöüÔöüÔöü[0m [1m0s[0m 1ms/step - loss: 0.0592 - mae: 0.1875 
[1m 95/381[0m [32mÔöüÔöüÔöüÔöü[0m[37mÔöüÔöüÔöüÔöüÔöüÔöüÔöüÔöüÔöüÔöüÔöüÔöüÔöüÔöüÔöüÔöü[0m [1m0s[0m 1ms/step - loss: 0.0591 - mae: 0.1880
[1m141/381[0m [32mÔöüÔöüÔöüÔöüÔöüÔöüÔöü[0m[37mÔöüÔöüÔöüÔöüÔöüÔöüÔöüÔöüÔöüÔöüÔöüÔöüÔöü[0m [1m0s[0m 1ms/step - loss: 0.0582 - mae: 0.1870
[1m188/381[0m [32mÔöüÔöüÔöüÔöüÔöüÔöüÔöüÔöüÔöü[0m[37mÔöüÔöüÔöüÔöüÔöüÔöüÔöüÔöüÔöüÔöüÔöü[0m [1m0s[0m 1ms/step - loss: 0.0586 - mae: 0.1873
[1m235/381[0m [32mÔöüÔöüÔöüÔöüÔöüÔöüÔöüÔöüÔöüÔöüÔöüÔöü[0m[37mÔöüÔöüÔöüÔöüÔöüÔöüÔöüÔöü[0m [1m0s[0m 1ms/step - loss: 0.0585 - mae: 0.1869
[1m282/381[0m [32mÔöüÔöüÔöüÔöüÔöüÔöüÔöüÔöüÔöüÔöüÔöüÔöüÔöüÔöü[0m[37mÔöüÔöüÔöüÔöüÔöüÔöü[0m [1m0s[0m 1ms/step - loss: 0.0586 - mae: 0.1870
[1m329/381[0m [32mÔöüÔöüÔöüÔöüÔöüÔöüÔöüÔöüÔöüÔöüÔöüÔöüÔöüÔöüÔöüÔöüÔöü[0m[37mÔöüÔöüÔöü[0m [1m0s[0m 1ms/step - loss: 0.0587 - mae: 0.1870
[1m376/381[0m [32mÔöüÔöüÔöüÔöüÔöüÔöüÔöüÔöüÔöüÔöüÔöüÔöüÔöüÔöüÔöüÔöüÔöüÔöüÔöü[0m[37mÔöü[0m [1m0s[0m 1ms/step - loss: 0.0583 - mae: 0.1864
[1m381/381[0m [32mÔöüÔöüÔöüÔöüÔöüÔöüÔöüÔöüÔöüÔöüÔöüÔöüÔöüÔöüÔöüÔöüÔöüÔöüÔöüÔöü[0m[37m[0m [1m1s[0m 1ms/step - loss: 0.0583 - mae: 0.1863 - val_loss: 0.0512 - val_mae: 0.1735
Epoch 26/60

[1m  1/381[0m [37mÔöüÔöüÔöüÔöüÔöüÔöüÔöüÔöüÔöüÔöüÔöüÔöüÔöüÔöüÔöüÔöüÔöüÔöüÔöüÔöü[0m [1m5s[0m 15ms/step - loss: 0.0495 - mae: 0.1711
[1m 47/381[0m [32mÔöüÔöü[0m[37mÔöüÔöüÔöüÔöüÔöüÔöüÔöüÔöüÔöüÔöüÔöüÔöüÔöüÔöüÔöüÔöüÔöüÔöü[0m [1m0s[0m 1ms/step - loss: 0.0597 - mae: 0.1880 
[1m 93/381[0m [32mÔöüÔöüÔöüÔöü[0m[37mÔöüÔöüÔöüÔöüÔöüÔöüÔöüÔöüÔöüÔöüÔöüÔöüÔöüÔöüÔöüÔöü[0m [1m0s[0m 1ms/step - loss: 0.0594 - mae: 0.1881
[1m137/381[0m [32mÔöüÔöüÔöüÔöüÔöüÔöüÔöü[0m[37mÔöüÔöüÔöüÔöüÔöüÔöüÔöüÔöüÔöüÔöüÔöüÔöüÔöü[0m [1m0s[0m 1ms/step - loss: 0.0585 - mae: 0.1870
[1m181/381[0m [32mÔöüÔöüÔöüÔöüÔöüÔöüÔöüÔöüÔöü[0m[37mÔöüÔöüÔöüÔöüÔöüÔöüÔöüÔöüÔöüÔöüÔöü[0m [1m0s[0m 1ms/step - loss: 0.0581 - mae: 0.1862
[1m228/381[0m [32mÔöüÔöüÔöüÔöüÔöüÔöüÔöüÔöüÔöüÔöüÔöü[0m[37mÔöüÔöüÔöüÔöüÔöüÔöüÔöüÔöüÔöü[0m [1m0s[0m 1ms/step - loss: 0.0581 - mae: 0.1862
[1m275/381[0m [32mÔöüÔöüÔöüÔöüÔöüÔöüÔöüÔöüÔöüÔöüÔöüÔöüÔöüÔöü[0m[37mÔöüÔöüÔöüÔöüÔöüÔöü[0m [1m0s[0m 1ms/step - loss: 0.0580 - mae: 0.1861
[1m321/381[0m [32mÔöüÔöüÔöüÔöüÔöüÔöüÔöüÔöüÔöüÔöüÔöüÔöüÔöüÔöüÔöüÔöü[0m[37mÔöüÔöüÔöüÔöü[0m [1m0s[0m 1ms/step - loss: 0.0581 - mae: 0.1863
[1m367/381[0m [32mÔöüÔöüÔöüÔöüÔöüÔöüÔöüÔöüÔöüÔöüÔöüÔöüÔöüÔöüÔöüÔöüÔöüÔöüÔöü[0m[37mÔöü[0m [1m0s[0m 1ms/step - loss: 0.0580 - mae: 0.1861
[1m381/381[0m [32mÔöüÔöüÔöüÔöüÔöüÔöüÔöüÔöüÔöüÔöüÔöüÔöüÔöüÔöüÔöüÔöüÔöüÔöüÔöüÔöü[0m[37m[0m [1m1s[0m 1ms/step - loss: 0.0579 - mae: 0.1858 - val_loss: 0.0511 - val_mae: 0.1741
Epoch 27/60

[1m  1/381[0m [37mÔöüÔöüÔöüÔöüÔöüÔöüÔöüÔöüÔöüÔöüÔöüÔöüÔöüÔöüÔöüÔöüÔöüÔöüÔöüÔöü[0m [1m6s[0m 16ms/step - loss: 0.0490 - mae: 0.1784
[1m 46/381[0m [32mÔöüÔöü[0m[37mÔöüÔöüÔöüÔöüÔöüÔöüÔöüÔöüÔöüÔöüÔöüÔöüÔöüÔöüÔöüÔöüÔöüÔöü[0m [1m0s[0m 1ms/step - loss: 0.0602 - mae: 0.1890 
[1m 92/381[0m [32mÔöüÔöüÔöüÔöü[0m[37mÔöüÔöüÔöüÔöüÔöüÔöüÔöüÔöüÔöüÔöüÔöüÔöüÔöüÔöüÔöüÔöü[0m [1m0s[0m 1ms/step - loss: 0.0588 - mae: 0.1870
[1m139/381[0m [32mÔöüÔöüÔöüÔöüÔöüÔöüÔöü[0m[37mÔöüÔöüÔöüÔöüÔöüÔöüÔöüÔöüÔöüÔöüÔöüÔöüÔöü[0m [1m0s[0m 1ms/step - loss: 0.0587 - mae: 0.1874
[1m185/381[0m [32mÔöüÔöüÔöüÔöüÔöüÔöüÔöüÔöüÔöü[0m[37mÔöüÔöüÔöüÔöüÔöüÔöüÔöüÔöüÔöüÔöüÔöü[0m [1m0s[0m 1ms/step - loss: 0.0583 - mae: 0.1865
[1m232/381[0m [32mÔöüÔöüÔöüÔöüÔöüÔöüÔöüÔöüÔöüÔöüÔöüÔöü[0m[37mÔöüÔöüÔöüÔöüÔöüÔöüÔöüÔöü[0m [1m0s[0m 1ms/step - loss: 0.0579 - mae: 0.1860
[1m278/381[0m [32mÔöüÔöüÔöüÔöüÔöüÔöüÔöüÔöüÔöüÔöüÔöüÔöüÔöüÔöü[0m[37mÔöüÔöüÔöüÔöüÔöüÔöü[0m [1m0s[0m 1ms/step - loss: 0.0580 - mae: 0.1861
[1m325/381[0m [32mÔöüÔöüÔöüÔöüÔöüÔöüÔöüÔöüÔöüÔöüÔöüÔöüÔöüÔöüÔöüÔöüÔöü[0m[37mÔöüÔöüÔöü[0m [1m0s[0m 1ms/step - loss: 0.0583 - mae: 0.1866
[1m372/381[0m [32mÔöüÔöüÔöüÔöüÔöüÔöüÔöüÔöüÔöüÔöüÔöüÔöüÔöüÔöüÔöüÔöüÔöüÔöüÔöü[0m[37mÔöü[0m [1m0s[0m 1ms/step - loss: 0.0580 - mae: 0.1861
[1m381/381[0m [32mÔöüÔöüÔöüÔöüÔöüÔöüÔöüÔöüÔöüÔöüÔöüÔöüÔöüÔöüÔöüÔöüÔöüÔöüÔöüÔöü[0m[37m[0m [1m1s[0m 1ms/step - loss: 0.0579 - mae: 0.1859 - val_loss: 0.0512 - val_mae: 0.1741
Epoch 28/60

[1m  1/381[0m [37mÔöüÔöüÔöüÔöüÔöüÔöüÔöüÔöüÔöüÔöüÔöüÔöüÔöüÔöüÔöüÔöüÔöüÔöüÔöüÔöü[0m [1m6s[0m 16ms/step - loss: 0.0399 - mae: 0.1533
[1m 48/381[0m [32mÔöüÔöü[0m[37mÔöüÔöüÔöüÔöüÔöüÔöüÔöüÔöüÔöüÔöüÔöüÔöüÔöüÔöüÔöüÔöüÔöüÔöü[0m [1m0s[0m 1ms/step - loss: 0.0580 - mae: 0.1857 
[1m 95/381[0m [32mÔöüÔöüÔöüÔöü[0m[37mÔöüÔöüÔöüÔöüÔöüÔöüÔöüÔöüÔöüÔöüÔöüÔöüÔöüÔöüÔöüÔöü[0m [1m0s[0m 1ms/step - loss: 0.0582 - mae: 0.1862
[1m142/381[0m [32mÔöüÔöüÔöüÔöüÔöüÔöüÔöü[0m[37mÔöüÔöüÔöüÔöüÔöüÔöüÔöüÔöüÔöüÔöüÔöüÔöüÔöü[0m [1m0s[0m 1ms/step - loss: 0.0576 - mae: 0.1852
[1m189/381[0m [32mÔöüÔöüÔöüÔöüÔöüÔöüÔöüÔöüÔöü[0m[37mÔöüÔöüÔöüÔöüÔöüÔöüÔöüÔöüÔöüÔöüÔöü[0m [1m0s[0m 1ms/step - loss: 0.0574 - mae: 0.1847
[1m235/381[0m [32mÔöüÔöüÔöüÔöüÔöüÔöüÔöüÔöüÔöüÔöüÔöüÔöü[0m[37mÔöüÔöüÔöüÔöüÔöüÔöüÔöüÔöü[0m [1m0s[0m 1ms/step - loss: 0.0571 - mae: 0.1843
[1m281/381[0m [32mÔöüÔöüÔöüÔöüÔöüÔöüÔöüÔöüÔöüÔöüÔöüÔöüÔöüÔöü[0m[37mÔöüÔöüÔöüÔöüÔöüÔöü[0m [1m0s[0m 1ms/step - loss: 0.0574 - mae: 0.1847
[1m327/381[0m [32mÔöüÔöüÔöüÔöüÔöüÔöüÔöüÔöüÔöüÔöüÔöüÔöüÔöüÔöüÔöüÔöüÔöü[0m[37mÔöüÔöüÔöü[0m [1m0s[0m 1ms/step - loss: 0.0577 - mae: 0.1854
[1m374/381[0m [32mÔöüÔöüÔöüÔöüÔöüÔöüÔöüÔöüÔöüÔöüÔöüÔöüÔöüÔöüÔöüÔöüÔöüÔöüÔöü[0m[37mÔöü[0m [1m0s[0m 1ms/step - loss: 0.0577 - mae: 0.1854
[1m381/381[0m [32mÔöüÔöüÔöüÔöüÔöüÔöüÔöüÔöüÔöüÔöüÔöüÔöüÔöüÔöüÔöüÔöüÔöüÔöüÔöüÔöü[0m[37m[0m [1m1s[0m 1ms/step - loss: 0.0576 - mae: 0.1853 - val_loss: 0.0512 - val_mae: 0.1743
Epoch 29/60

[1m  1/381[0m [37mÔöüÔöüÔöüÔöüÔöüÔöüÔöüÔöüÔöüÔöüÔöüÔöüÔöüÔöüÔöüÔöüÔöüÔöüÔöüÔöü[0m [1m6s[0m 16ms/step - loss: 0.0484 - mae: 0.1735
[1m 48/381[0m [32mÔöüÔöü[0m[37mÔöüÔöüÔöüÔöüÔöüÔöüÔöüÔöüÔöüÔöüÔöüÔöüÔöüÔöüÔöüÔöüÔöüÔöü[0m [1m0s[0m 1ms/step - loss: 0.0587 - mae: 0.1853 
[1m 95/381[0m [32mÔöüÔöüÔöüÔöü[0m[37mÔöüÔöüÔöüÔöüÔöüÔöüÔöüÔöüÔöüÔöüÔöüÔöüÔöüÔöüÔöüÔöü[0m [1m0s[0m 1ms/step - loss: 0.0580 - mae: 0.1855
[1m141/381[0m [32mÔöüÔöüÔöüÔöüÔöüÔöüÔöü[0m[37mÔöüÔöüÔöüÔöüÔöüÔöüÔöüÔöüÔöüÔöüÔöüÔöüÔöü[0m [1m0s[0m 1ms/step - loss: 0.0570 - mae: 0.1843
[1m186/381[0m [32mÔöüÔöüÔöüÔöüÔöüÔöüÔöüÔöüÔöü[0m[37mÔöüÔöüÔöüÔöüÔöüÔöüÔöüÔöüÔöüÔöüÔöü[0m [1m0s[0m 1ms/step - loss: 0.0571 - mae: 0.1842
[1m232/381[0m [32mÔöüÔöüÔöüÔöüÔöüÔöüÔöüÔöüÔöüÔöüÔöüÔöü[0m[37mÔöüÔöüÔöüÔöüÔöüÔöüÔöüÔöü[0m [1m0s[0m 1ms/step - loss: 0.0571 - mae: 0.1843
[1m279/381[0m [32mÔöüÔöüÔöüÔöüÔöüÔöüÔöüÔöüÔöüÔöüÔöüÔöüÔöüÔöü[0m[37mÔöüÔöüÔöüÔöüÔöüÔöü[0m [1m0s[0m 1ms/step - loss: 0.0569 - mae: 0.1841
[1m326/381[0m [32mÔöüÔöüÔöüÔöüÔöüÔöüÔöüÔöüÔöüÔöüÔöüÔöüÔöüÔöüÔöüÔöüÔöü[0m[37mÔöüÔöüÔöü[0m [1m0s[0m 1ms/step - loss: 0.0572 - mae: 0.1849
[1m373/381[0m [32mÔöüÔöüÔöüÔöüÔöüÔöüÔöüÔöüÔöüÔöüÔöüÔöüÔöüÔöüÔöüÔöüÔöüÔöüÔöü[0m[37mÔöü[0m [1m0s[0m 1ms/step - loss: 0.0571 - mae: 0.1848
[1m381/381[0m [32mÔöüÔöüÔöüÔöüÔöüÔöüÔöüÔöüÔöüÔöüÔöüÔöüÔöüÔöüÔöüÔöüÔöüÔöüÔöüÔöü[0m[37m[0m [1m1s[0m 1ms/step - loss: 0.0571 - mae: 0.1847 - val_loss: 0.0512 - val_mae: 0.1744
Epoch 30/60

[1m  1/381[0m [37mÔöüÔöüÔöüÔöüÔöüÔöüÔöüÔöüÔöüÔöüÔöüÔöüÔöüÔöüÔöüÔöüÔöüÔöüÔöüÔöü[0m [1m6s[0m 16ms/step - loss: 0.0480 - mae: 0.1785
[1m 47/381[0m [32mÔöüÔöü[0m[37mÔöüÔöüÔöüÔöüÔöüÔöüÔöüÔöüÔöüÔöüÔöüÔöüÔöüÔöüÔöüÔöüÔöüÔöü[0m [1m0s[0m 1ms/step - loss: 0.0577 - mae: 0.1848 
[1m 93/381[0m [32mÔöüÔöüÔöüÔöü[0m[37mÔöüÔöüÔöüÔöüÔöüÔöüÔöüÔöüÔöüÔöüÔöüÔöüÔöüÔöüÔöüÔöü[0m [1m0s[0m 1ms/step - loss: 0.0570 - mae: 0.1842
[1m138/381[0m [32mÔöüÔöüÔöüÔöüÔöüÔöüÔöü[0m[37mÔöüÔöüÔöüÔöüÔöüÔöüÔöüÔöüÔöüÔöüÔöüÔöüÔöü[0m [1m0s[0m 1ms/step - loss: 0.0570 - mae: 0.1845
[1m185/381[0m [32mÔöüÔöüÔöüÔöüÔöüÔöüÔöüÔöüÔöü[0m[37mÔöüÔöüÔöüÔöüÔöüÔöüÔöüÔöüÔöüÔöüÔöü[0m [1m0s[0m 1ms/step - loss: 0.0567 - mae: 0.1839
[1m232/381[0m [32mÔöüÔöüÔöüÔöüÔöüÔöüÔöüÔöüÔöüÔöüÔöüÔöü[0m[37mÔöüÔöüÔöüÔöüÔöüÔöüÔöüÔöü[0m [1m0s[0m 1ms/step - loss: 0.0567 - mae: 0.1838
[1m278/381[0m [32mÔöüÔöüÔöüÔöüÔöüÔöüÔöüÔöüÔöüÔöüÔöüÔöüÔöüÔöü[0m[37mÔöüÔöüÔöüÔöüÔöüÔöü[0m [1m0s[0m 1ms/step - loss: 0.0568 - mae: 0.1839
[1m325/381[0m [32mÔöüÔöüÔöüÔöüÔöüÔöüÔöüÔöüÔöüÔöüÔöüÔöüÔöüÔöüÔöüÔöüÔöü[0m[37mÔöüÔöüÔöü[0m [1m0s[0m 1ms/step - loss: 0.0570 - mae: 0.1844
[1m372/381[0m [32mÔöüÔöüÔöüÔöüÔöüÔöüÔöüÔöüÔöüÔöüÔöüÔöüÔöüÔöüÔöüÔöüÔöüÔöüÔöü[0m[37mÔöü[0m [1m0s[0m 1ms/step - loss: 0.0569 - mae: 0.1842
[1m381/381[0m [32mÔöüÔöüÔöüÔöüÔöüÔöüÔöüÔöüÔöüÔöüÔöüÔöüÔöüÔöüÔöüÔöüÔöüÔöüÔöüÔöü[0m[37m[0m [1m1s[0m 1ms/step - loss: 0.0569 - mae: 0.1841 - val_loss: 0.0511 - val_mae: 0.1742
Epoch 31/60

[1m  1/381[0m [37mÔöüÔöüÔöüÔöüÔöüÔöüÔöüÔöüÔöüÔöüÔöüÔöüÔöüÔöüÔöüÔöüÔöüÔöüÔöüÔöü[0m [1m6s[0m 16ms/step - loss: 0.0421 - mae: 0.1639
[1m 48/381[0m [32mÔöüÔöü[0m[37mÔöüÔöüÔöüÔöüÔöüÔöüÔöüÔöüÔöüÔöüÔöüÔöüÔöüÔöüÔöüÔöüÔöüÔöü[0m [1m0s[0m 1ms/step - loss: 0.0584 - mae: 0.1878 
[1m 95/381[0m [32mÔöüÔöüÔöüÔöü[0m[37mÔöüÔöüÔöüÔöüÔöüÔöüÔöüÔöüÔöüÔöüÔöüÔöüÔöüÔöüÔöüÔöü[0m [1m0s[0m 1ms/step - loss: 0.0577 - mae: 0.1858
[1m142/381[0m [32mÔöüÔöüÔöüÔöüÔöüÔöüÔöü[0m[37mÔöüÔöüÔöüÔöüÔöüÔöüÔöüÔöüÔöüÔöüÔöüÔöüÔöü[0m [1m0s[0m 1ms/step - loss: 0.0568 - mae: 0.1846
[1m188/381[0m [32mÔöüÔöüÔöüÔöüÔöüÔöüÔöüÔöüÔöü[0m[37mÔöüÔöüÔöüÔöüÔöüÔöüÔöüÔöüÔöüÔöüÔöü[0m [1m0s[0m 1ms/step - loss: 0.0567 - mae: 0.1845
[1m235/381[0m [32mÔöüÔöüÔöüÔöüÔöüÔöüÔöüÔöüÔöüÔöüÔöüÔöü[0m[37mÔöüÔöüÔöüÔöüÔöüÔöüÔöüÔöü[0m [1m0s[0m 1ms/step - loss: 0.0568 - mae: 0.1840
[1m282/381[0m [32mÔöüÔöüÔöüÔöüÔöüÔöüÔöüÔöüÔöüÔöüÔöüÔöüÔöüÔöü[0m[37mÔöüÔöüÔöüÔöüÔöüÔöü[0m [1m0s[0m 1ms/step - loss: 0.0570 - mae: 0.1841
[1m330/381[0m [32mÔöüÔöüÔöüÔöüÔöüÔöüÔöüÔöüÔöüÔöüÔöüÔöüÔöüÔöüÔöüÔöüÔöü[0m[37mÔöüÔöüÔöü[0m [1m0s[0m 1ms/step - loss: 0.0572 - mae: 0.1844
[1m377/381[0m [32mÔöüÔöüÔöüÔöüÔöüÔöüÔöüÔöüÔöüÔöüÔöüÔöüÔöüÔöüÔöüÔöüÔöüÔöüÔöü[0m[37mÔöü[0m [1m0s[0m 1ms/step - loss: 0.0569 - mae: 0.1839
[1m381/381[0m [32mÔöüÔöüÔöüÔöüÔöüÔöüÔöüÔöüÔöüÔöüÔöüÔöüÔöüÔöüÔöüÔöüÔöüÔöüÔöüÔöü[0m[37m[0m [1m1s[0m 1ms/step - loss: 0.0569 - mae: 0.1839 - val_loss: 0.0512 - val_mae: 0.1745
Epoch 32/60

[1m  1/381[0m [37mÔöüÔöüÔöüÔöüÔöüÔöüÔöüÔöüÔöüÔöüÔöüÔöüÔöüÔöüÔöüÔöüÔöüÔöüÔöüÔöü[0m [1m6s[0m 16ms/step - loss: 0.0509 - mae: 0.1757
[1m 47/381[0m [32mÔöüÔöü[0m[37mÔöüÔöüÔöüÔöüÔöüÔöüÔöüÔöüÔöüÔöüÔöüÔöüÔöüÔöüÔöüÔöüÔöüÔöü[0m [1m0s[0m 1ms/step - loss: 0.0597 - mae: 0.1881 
[1m 94/381[0m [32mÔöüÔöüÔöüÔöü[0m[37mÔöüÔöüÔöüÔöüÔöüÔöüÔöüÔöüÔöüÔöüÔöüÔöüÔöüÔöüÔöüÔöü[0m [1m0s[0m 1ms/step - loss: 0.0576 - mae: 0.1851
[1m140/381[0m [32mÔöüÔöüÔöüÔöüÔöüÔöüÔöü[0m[37mÔöüÔöüÔöüÔöüÔöüÔöüÔöüÔöüÔöüÔöüÔöüÔöüÔöü[0m [1m0s[0m 1ms/step - loss: 0.0573 - mae: 0.1853
[1m187/381[0m [32mÔöüÔöüÔöüÔöüÔöüÔöüÔöüÔöüÔöü[0m[37mÔöüÔöüÔöüÔöüÔöüÔöüÔöüÔöüÔöüÔöüÔöü[0m [1m0s[0m 1ms/step - loss: 0.0569 - mae: 0.1843
[1m234/381[0m [32mÔöüÔöüÔöüÔöüÔöüÔöüÔöüÔöüÔöüÔöüÔöüÔöü[0m[37mÔöüÔöüÔöüÔöüÔöüÔöüÔöüÔöü[0m [1m0s[0m 1ms/step - loss: 0.0567 - mae: 0.1839
[1m280/381[0m [32mÔöüÔöüÔöüÔöüÔöüÔöüÔöüÔöüÔöüÔöüÔöüÔöüÔöüÔöü[0m[37mÔöüÔöüÔöüÔöüÔöüÔöü[0m [1m0s[0m 1ms/step - loss: 0.0569 - mae: 0.1842
[1m328/381[0m [32mÔöüÔöüÔöüÔöüÔöüÔöüÔöüÔöüÔöüÔöüÔöüÔöüÔöüÔöüÔöüÔöüÔöü[0m[37mÔöüÔöüÔöü[0m [1m0s[0m 1ms/step - loss: 0.0570 - mae: 0.1845
[1m375/381[0m [32mÔöüÔöüÔöüÔöüÔöüÔöüÔöüÔöüÔöüÔöüÔöüÔöüÔöüÔöüÔöüÔöüÔöüÔöüÔöü[0m[37mÔöü[0m [1m0s[0m 1ms/step - loss: 0.0568 - mae: 0.1840
[1m381/381[0m [32mÔöüÔöüÔöüÔöüÔöüÔöüÔöüÔöüÔöüÔöüÔöüÔöüÔöüÔöüÔöüÔöüÔöüÔöüÔöüÔöü[0m[37m[0m [1m1s[0m 1ms/step - loss: 0.0568 - mae: 0.1840 - val_loss: 0.0510 - val_mae: 0.1734
Epoch 33/60

[1m  1/381[0m [37mÔöüÔöüÔöüÔöüÔöüÔöüÔöüÔöüÔöüÔöüÔöüÔöüÔöüÔöüÔöüÔöüÔöüÔöüÔöüÔöü[0m [1m5s[0m 15ms/step - loss: 0.0491 - mae: 0.1697
[1m 48/381[0m [32mÔöüÔöü[0m[37mÔöüÔöüÔöüÔöüÔöüÔöüÔöüÔöüÔöüÔöüÔöüÔöüÔöüÔöüÔöüÔöüÔöüÔöü[0m [1m0s[0m 1ms/step - loss: 0.0573 - mae: 0.1837 
[1m 95/381[0m [32mÔöüÔöüÔöüÔöü[0m[37mÔöüÔöüÔöüÔöüÔöüÔöüÔöüÔöüÔöüÔöüÔöüÔöüÔöüÔöüÔöüÔöü[0m [1m0s[0m 1ms/step - loss: 0.0570 - mae: 0.1843
[1m141/381[0m [32mÔöüÔöüÔöüÔöüÔöüÔöüÔöü[0m[37mÔöüÔöüÔöüÔöüÔöüÔöüÔöüÔöüÔöüÔöüÔöüÔöüÔöü[0m [1m0s[0m 1ms/step - loss: 0.0562 - mae: 0.1835
[1m188/381[0m [32mÔöüÔöüÔöüÔöüÔöüÔöüÔöüÔöüÔöü[0m[37mÔöüÔöüÔöüÔöüÔöüÔöüÔöüÔöüÔöüÔöüÔöü[0m [1m0s[0m 1ms/step - loss: 0.0560 - mae: 0.1830
[1m234/381[0m [32mÔöüÔöüÔöüÔöüÔöüÔöüÔöüÔöüÔöüÔöüÔöüÔöü[0m[37mÔöüÔöüÔöüÔöüÔöüÔöüÔöüÔöü[0m [1m0s[0m 1ms/step - loss: 0.0558 - mae: 0.1828
[1m281/381[0m [32mÔöüÔöüÔöüÔöüÔöüÔöüÔöüÔöüÔöüÔöüÔöüÔöüÔöüÔöü[0m[37mÔöüÔöüÔöüÔöüÔöüÔöü[0m [1m0s[0m 1ms/step - loss: 0.0560 - mae: 0.1830
[1m326/381[0m [32mÔöüÔöüÔöüÔöüÔöüÔöüÔöüÔöüÔöüÔöüÔöüÔöüÔöüÔöüÔöüÔöüÔöü[0m[37mÔöüÔöüÔöü[0m [1m0s[0m 1ms/step - loss: 0.0561 - mae: 0.1831
[1m368/381[0m [32mÔöüÔöüÔöüÔöüÔöüÔöüÔöüÔöüÔöüÔöüÔöüÔöüÔöüÔöüÔöüÔöüÔöüÔöüÔöü[0m[37mÔöü[0m [1m0s[0m 1ms/step - loss: 0.0561 - mae: 0.1829
[1m381/381[0m [32mÔöüÔöüÔöüÔöüÔöüÔöüÔöüÔöüÔöüÔöüÔöüÔöüÔöüÔöüÔöüÔöüÔöüÔöüÔöüÔöü[0m[37m[0m [1m1s[0m 1ms/step - loss: 0.0558 - mae: 0.1825 - val_loss: 0.0511 - val_mae: 0.1743
Epoch 34/60

[1m  1/381[0m [37mÔöüÔöüÔöüÔöüÔöüÔöüÔöüÔöüÔöüÔöüÔöüÔöüÔöüÔöüÔöüÔöüÔöüÔöüÔöüÔöü[0m [1m6s[0m 16ms/step - loss: 0.0534 - mae: 0.1851
[1m 48/381[0m [32mÔöüÔöü[0m[37mÔöüÔöüÔöüÔöüÔöüÔöüÔöüÔöüÔöüÔöüÔöüÔöüÔöüÔöüÔöüÔöüÔöüÔöü[0m [1m0s[0m 1ms/step - loss: 0.0569 - mae: 0.1845 
[1m 95/381[0m [32mÔöüÔöüÔöüÔöü[0m[37mÔöüÔöüÔöüÔöüÔöüÔöüÔöüÔöüÔöüÔöüÔöüÔöüÔöüÔöüÔöüÔöü[0m [1m0s[0m 1ms/step - loss: 0.0563 - mae: 0.1838
[1m142/381[0m [32mÔöüÔöüÔöüÔöüÔöüÔöüÔöü[0m[37mÔöüÔöüÔöüÔöüÔöüÔöüÔöüÔöüÔöüÔöüÔöüÔöüÔöü[0m [1m0s[0m 1ms/step - loss: 0.0559 - mae: 0.1831
[1m188/381[0m [32mÔöüÔöüÔöüÔöüÔöüÔöüÔöüÔöüÔöü[0m[37mÔöüÔöüÔöüÔöüÔöüÔöüÔöüÔöüÔöüÔöüÔöü[0m [1m0s[0m 1ms/step - loss: 0.0559 - mae: 0.1831
[1m235/381[0m [32mÔöüÔöüÔöüÔöüÔöüÔöüÔöüÔöüÔöüÔöüÔöüÔöü[0m[37mÔöüÔöüÔöüÔöüÔöüÔöüÔöüÔöü[0m [1m0s[0m 1ms/step - loss: 0.0557 - mae: 0.1827
[1m281/381[0m [32mÔöüÔöüÔöüÔöüÔöüÔöüÔöüÔöüÔöüÔöüÔöüÔöüÔöüÔöü[0m[37mÔöüÔöüÔöüÔöüÔöüÔöü[0m [1m0s[0m 1ms/step - loss: 0.0557 - mae: 0.1826
[1m327/381[0m [32mÔöüÔöüÔöüÔöüÔöüÔöüÔöüÔöüÔöüÔöüÔöüÔöüÔöüÔöüÔöüÔöüÔöü[0m[37mÔöüÔöüÔöü[0m [1m0s[0m 1ms/step - loss: 0.0559 - mae: 0.1829
[1m374/381[0m [32mÔöüÔöüÔöüÔöüÔöüÔöüÔöüÔöüÔöüÔöüÔöüÔöüÔöüÔöüÔöüÔöüÔöüÔöüÔöü[0m[37mÔöü[0m [1m0s[0m 1ms/step - loss: 0.0558 - mae: 0.1826
[1m381/381[0m [32mÔöüÔöüÔöüÔöüÔöüÔöüÔöüÔöüÔöüÔöüÔöüÔöüÔöüÔöüÔöüÔöüÔöüÔöüÔöüÔöü[0m[37m[0m [1m1s[0m 1ms/step - loss: 0.0558 - mae: 0.1825 - val_loss: 0.0511 - val_mae: 0.1742
Epoch 35/60

[1m  1/381[0m [37mÔöüÔöüÔöüÔöüÔöüÔöüÔöüÔöüÔöüÔöüÔöüÔöüÔöüÔöüÔöüÔöüÔöüÔöüÔöüÔöü[0m [1m6s[0m 16ms/step - loss: 0.0474 - mae: 0.1715
[1m 47/381[0m [32mÔöüÔöü[0m[37mÔöüÔöüÔöüÔöüÔöüÔöüÔöüÔöüÔöüÔöüÔöüÔöüÔöüÔöüÔöüÔöüÔöüÔöü[0m [1m0s[0m 1ms/step - loss: 0.0565 - mae: 0.1821 
[1m 93/381[0m [32mÔöüÔöüÔöüÔöü[0m[37mÔöüÔöüÔöüÔöüÔöüÔöüÔöüÔöüÔöüÔöüÔöüÔöüÔöüÔöüÔöüÔöü[0m [1m0s[0m 1ms/step - loss: 0.0559 - mae: 0.1823
[1m139/381[0m [32mÔöüÔöüÔöüÔöüÔöüÔöüÔöü[0m[37mÔöüÔöüÔöüÔöüÔöüÔöüÔöüÔöüÔöüÔöüÔöüÔöüÔöü[0m [1m0s[0m 1ms/step - loss: 0.0556 - mae: 0.1821
[1m185/381[0m [32mÔöüÔöüÔöüÔöüÔöüÔöüÔöüÔöüÔöü[0m[37mÔöüÔöüÔöüÔöüÔöüÔöüÔöüÔöüÔöüÔöüÔöü[0m [1m0s[0m 1ms/step - loss: 0.0554 - mae: 0.1819
[1m232/381[0m [32mÔöüÔöüÔöüÔöüÔöüÔöüÔöüÔöüÔöüÔöüÔöüÔöü[0m[37mÔöüÔöüÔöüÔöüÔöüÔöüÔöüÔöü[0m [1m0s[0m 1ms/step - loss: 0.0554 - mae: 0.1818
[1m278/381[0m [32mÔöüÔöüÔöüÔöüÔöüÔöüÔöüÔöüÔöüÔöüÔöüÔöüÔöüÔöü[0m[37mÔöüÔöüÔöüÔöüÔöüÔöü[0m [1m0s[0m 1ms/step - loss: 0.0555 - mae: 0.1819
[1m324/381[0m [32mÔöüÔöüÔöüÔöüÔöüÔöüÔöüÔöüÔöüÔöüÔöüÔöüÔöüÔöüÔöüÔöüÔöü[0m[37mÔöüÔöüÔöü[0m [1m0s[0m 1ms/step - loss: 0.0559 - mae: 0.1823
[1m370/381[0m [32mÔöüÔöüÔöüÔöüÔöüÔöüÔöüÔöüÔöüÔöüÔöüÔöüÔöüÔöüÔöüÔöüÔöüÔöüÔöü[0m[37mÔöü[0m [1m0s[0m 1ms/step - loss: 0.0560 - mae: 0.1823
[1m381/381[0m [32mÔöüÔöüÔöüÔöüÔöüÔöüÔöüÔöüÔöüÔöüÔöüÔöüÔöüÔöüÔöüÔöüÔöüÔöüÔöüÔöü[0m[37m[0m [1m1s[0m 1ms/step - loss: 0.0559 - mae: 0.1821 - val_loss: 0.0510 - val_mae: 0.1736
Epoch 36/60

[1m  1/381[0m [37mÔöüÔöüÔöüÔöüÔöüÔöüÔöüÔöüÔöüÔöüÔöüÔöüÔöüÔöüÔöüÔöüÔöüÔöüÔöüÔöü[0m [1m6s[0m 16ms/step - loss: 0.0520 - mae: 0.1793
[1m 48/381[0m [32mÔöüÔöü[0m[37mÔöüÔöüÔöüÔöüÔöüÔöüÔöüÔöüÔöüÔöüÔöüÔöüÔöüÔöüÔöüÔöüÔöüÔöü[0m [1m0s[0m 1ms/step - loss: 0.0560 - mae: 0.1826 
[1m 96/381[0m [32mÔöüÔöüÔöüÔöüÔöü[0m[37mÔöüÔöüÔöüÔöüÔöüÔöüÔöüÔöüÔöüÔöüÔöüÔöüÔöüÔöüÔöü[0m [1m0s[0m 1ms/step - loss: 0.0572 - mae: 0.1852
[1m142/381[0m [32mÔöüÔöüÔöüÔöüÔöüÔöüÔöü[0m[37mÔöüÔöüÔöüÔöüÔöüÔöüÔöüÔöüÔöüÔöüÔöüÔöüÔöü[0m [1m0s[0m 1ms/step - loss: 0.0557 - mae: 0.1826
[1m188/381[0m [32mÔöüÔöüÔöüÔöüÔöüÔöüÔöüÔöüÔöü[0m[37mÔöüÔöüÔöüÔöüÔöüÔöüÔöüÔöüÔöüÔöüÔöü[0m [1m0s[0m 1ms/step - loss: 0.0551 - mae: 0.1817
[1m234/381[0m [32mÔöüÔöüÔöüÔöüÔöüÔöüÔöüÔöüÔöüÔöüÔöüÔöü[0m[37mÔöüÔöüÔöüÔöüÔöüÔöüÔöüÔöü[0m [1m0s[0m 1ms/step - loss: 0.0550 - mae: 0.1814
[1m280/381[0m [32mÔöüÔöüÔöüÔöüÔöüÔöüÔöüÔöüÔöüÔöüÔöüÔöüÔöüÔöü[0m[37mÔöüÔöüÔöüÔöüÔöüÔöü[0m [1m0s[0m 1ms/step - loss: 0.0552 - mae: 0.1816
[1m326/381[0m [32mÔöüÔöüÔöüÔöüÔöüÔöüÔöüÔöüÔöüÔöüÔöüÔöüÔöüÔöüÔöüÔöüÔöü[0m[37mÔöüÔöüÔöü[0m [1m0s[0m 1ms/step - loss: 0.0553 - mae: 0.1817
[1m373/381[0m [32mÔöüÔöüÔöüÔöüÔöüÔöüÔöüÔöüÔöüÔöüÔöüÔöüÔöüÔöüÔöüÔöüÔöüÔöüÔöü[0m[37mÔöü[0m [1m0s[0m 1ms/step - loss: 0.0553 - mae: 0.1815
[1m381/381[0m [32mÔöüÔöüÔöüÔöüÔöüÔöüÔöüÔöüÔöüÔöüÔöüÔöüÔöüÔöüÔöüÔöüÔöüÔöüÔöüÔöü[0m[37m[0m [1m1s[0m 1ms/step - loss: 0.0553 - mae: 0.1815 - val_loss: 0.0511 - val_mae: 0.1739
Epoch 37/60

[1m  1/381[0m [37mÔöüÔöüÔöüÔöüÔöüÔöüÔöüÔöüÔöüÔöüÔöüÔöüÔöüÔöüÔöüÔöüÔöüÔöüÔöüÔöü[0m [1m6s[0m 16ms/step - loss: 0.0449 - mae: 0.1743
[1m 47/381[0m [32mÔöüÔöü[0m[37mÔöüÔöüÔöüÔöüÔöüÔöüÔöüÔöüÔöüÔöüÔöüÔöüÔöüÔöüÔöüÔöüÔöüÔöü[0m [1m0s[0m 1ms/step - loss: 0.0563 - mae: 0.1838 
[1m 94/381[0m [32mÔöüÔöüÔöüÔöü[0m[37mÔöüÔöüÔöüÔöüÔöüÔöüÔöüÔöüÔöüÔöüÔöüÔöüÔöüÔöüÔöüÔöü[0m [1m0s[0m 1ms/step - loss: 0.0551 - mae: 0.1816
[1m141/381[0m [32mÔöüÔöüÔöüÔöüÔöüÔöüÔöü[0m[37mÔöüÔöüÔöüÔöüÔöüÔöüÔöüÔöüÔöüÔöüÔöüÔöüÔöü[0m [1m0s[0m 1ms/step - loss: 0.0552 - mae: 0.1820
[1m188/381[0m [32mÔöüÔöüÔöüÔöüÔöüÔöüÔöüÔöüÔöü[0m[37mÔöüÔöüÔöüÔöüÔöüÔöüÔöüÔöüÔöüÔöüÔöü[0m [1m0s[0m 1ms/step - loss: 0.0551 - mae: 0.1817
[1m234/381[0m [32mÔöüÔöüÔöüÔöüÔöüÔöüÔöüÔöüÔöüÔöüÔöüÔöü[0m[37mÔöüÔöüÔöüÔöüÔöüÔöüÔöüÔöü[0m [1m0s[0m 1ms/step - loss: 0.0551 - mae: 0.1816
[1m281/381[0m [32mÔöüÔöüÔöüÔöüÔöüÔöüÔöüÔöüÔöüÔöüÔöüÔöüÔöüÔöü[0m[37mÔöüÔöüÔöüÔöüÔöüÔöü[0m [1m0s[0m 1ms/step - loss: 0.0552 - mae: 0.1818
[1m328/381[0m [32mÔöüÔöüÔöüÔöüÔöüÔöüÔöüÔöüÔöüÔöüÔöüÔöüÔöüÔöüÔöüÔöüÔöü[0m[37mÔöüÔöüÔöü[0m [1m0s[0m 1ms/step - loss: 0.0553 - mae: 0.1817
[1m374/381[0m [32mÔöüÔöüÔöüÔöüÔöüÔöüÔöüÔöüÔöüÔöüÔöüÔöüÔöüÔöüÔöüÔöüÔöüÔöüÔöü[0m[37mÔöü[0m [1m0s[0m 1ms/step - loss: 0.0551 - mae: 0.1812
[1m381/381[0m [32mÔöüÔöüÔöüÔöüÔöüÔöüÔöüÔöüÔöüÔöüÔöüÔöüÔöüÔöüÔöüÔöüÔöüÔöüÔöüÔöü[0m[37m[0m [1m1s[0m 1ms/step - loss: 0.0550 - mae: 0.1811 - val_loss: 0.0509 - val_mae: 0.1735
Epoch 38/60

[1m  1/381[0m [37mÔöüÔöüÔöüÔöüÔöüÔöüÔöüÔöüÔöüÔöüÔöüÔöüÔöüÔöüÔöüÔöüÔöüÔöüÔöüÔöü[0m [1m6s[0m 16ms/step - loss: 0.0462 - mae: 0.1665
[1m 47/381[0m [32mÔöüÔöü[0m[37mÔöüÔöüÔöüÔöüÔöüÔöüÔöüÔöüÔöüÔöüÔöüÔöüÔöüÔöüÔöüÔöüÔöüÔöü[0m [1m0s[0m 1ms/step - loss: 0.0560 - mae: 0.1820 
[1m 92/381[0m [32mÔöüÔöüÔöüÔöü[0m[37mÔöüÔöüÔöüÔöüÔöüÔöüÔöüÔöüÔöüÔöüÔöüÔöüÔöüÔöüÔöüÔöü[0m [1m0s[0m 1ms/step - loss: 0.0560 - mae: 0.1826
[1m139/381[0m [32mÔöüÔöüÔöüÔöüÔöüÔöüÔöü[0m[37mÔöüÔöüÔöüÔöüÔöüÔöüÔöüÔöüÔöüÔöüÔöüÔöüÔöü[0m [1m0s[0m 1ms/step - loss: 0.0558 - mae: 0.1829
[1m185/381[0m [32mÔöüÔöüÔöüÔöüÔöüÔöüÔöüÔöüÔöü[0m[37mÔöüÔöüÔöüÔöüÔöüÔöüÔöüÔöüÔöüÔöüÔöü[0m [1m0s[0m 1ms/step - loss: 0.0557 - mae: 0.1826
[1m231/381[0m [32mÔöüÔöüÔöüÔöüÔöüÔöüÔöüÔöüÔöüÔöüÔöüÔöü[0m[37mÔöüÔöüÔöüÔöüÔöüÔöüÔöüÔöü[0m [1m0s[0m 1ms/step - loss: 0.0555 - mae: 0.1823
[1m276/381[0m [32mÔöüÔöüÔöüÔöüÔöüÔöüÔöüÔöüÔöüÔöüÔöüÔöüÔöüÔöü[0m[37mÔöüÔöüÔöüÔöüÔöüÔöü[0m [1m0s[0m 1ms/step - loss: 0.0554 - mae: 0.1818
[1m323/381[0m [32mÔöüÔöüÔöüÔöüÔöüÔöüÔöüÔöüÔöüÔöüÔöüÔöüÔöüÔöüÔöüÔöü[0m[37mÔöüÔöüÔöüÔöü[0m [1m0s[0m 1ms/step - loss: 0.0554 - mae: 0.1821
[1m369/381[0m [32mÔöüÔöüÔöüÔöüÔöüÔöüÔöüÔöüÔöüÔöüÔöüÔöüÔöüÔöüÔöüÔöüÔöüÔöüÔöü[0m[37mÔöü[0m [1m0s[0m 1ms/step - loss: 0.0555 - mae: 0.1821
[1m381/381[0m [32mÔöüÔöüÔöüÔöüÔöüÔöüÔöüÔöüÔöüÔöüÔöüÔöüÔöüÔöüÔöüÔöüÔöüÔöüÔöüÔöü[0m[37m[0m [1m1s[0m 1ms/step - loss: 0.0553 - mae: 0.1818 - val_loss: 0.0510 - val_mae: 0.1740
Epoch 39/60

[1m  1/381[0m [37mÔöüÔöüÔöüÔöüÔöüÔöüÔöüÔöüÔöüÔöüÔöüÔöüÔöüÔöüÔöüÔöüÔöüÔöüÔöüÔöü[0m [1m6s[0m 16ms/step - loss: 0.0415 - mae: 0.1587
[1m 46/381[0m [32mÔöüÔöü[0m[37mÔöüÔöüÔöüÔöüÔöüÔöüÔöüÔöüÔöüÔöüÔöüÔöüÔöüÔöüÔöüÔöüÔöüÔöü[0m [1m0s[0m 1ms/step - loss: 0.0571 - mae: 0.1845 
[1m 93/381[0m [32mÔöüÔöüÔöüÔöü[0m[37mÔöüÔöüÔöüÔöüÔöüÔöüÔöüÔöüÔöüÔöüÔöüÔöüÔöüÔöüÔöüÔöü[0m [1m0s[0m 1ms/step - loss: 0.0563 - mae: 0.1830
[1m140/381[0m [32mÔöüÔöüÔöüÔöüÔöüÔöüÔöü[0m[37mÔöüÔöüÔöüÔöüÔöüÔöüÔöüÔöüÔöüÔöüÔöüÔöüÔöü[0m [1m0s[0m 1ms/step - loss: 0.0556 - mae: 0.1821
[1m185/381[0m [32mÔöüÔöüÔöüÔöüÔöüÔöüÔöüÔöüÔöü[0m[37mÔöüÔöüÔöüÔöüÔöüÔöüÔöüÔöüÔöüÔöüÔöü[0m [1m0s[0m 1ms/step - loss: 0.0556 - mae: 0.1818
[1m231/381[0m [32mÔöüÔöüÔöüÔöüÔöüÔöüÔöüÔöüÔöüÔöüÔöüÔöü[0m[37mÔöüÔöüÔöüÔöüÔöüÔöüÔöüÔöü[0m [1m0s[0m 1ms/step - loss: 0.0555 - mae: 0.1819
[1m277/381[0m [32mÔöüÔöüÔöüÔöüÔöüÔöüÔöüÔöüÔöüÔöüÔöüÔöüÔöüÔöü[0m[37mÔöüÔöüÔöüÔöüÔöüÔöü[0m [1m0s[0m 1ms/step - loss: 0.0556 - mae: 0.1817
[1m323/381[0m [32mÔöüÔöüÔöüÔöüÔöüÔöüÔöüÔöüÔöüÔöüÔöüÔöüÔöüÔöüÔöüÔöü[0m[37mÔöüÔöüÔöüÔöü[0m [1m0s[0m 1ms/step - loss: 0.0555 - mae: 0.1818
[1m370/381[0m [32mÔöüÔöüÔöüÔöüÔöüÔöüÔöüÔöüÔöüÔöüÔöüÔöüÔöüÔöüÔöüÔöüÔöüÔöüÔöü[0m[37mÔöü[0m [1m0s[0m 1ms/step - loss: 0.0555 - mae: 0.1817
[1m381/381[0m [32mÔöüÔöüÔöüÔöüÔöüÔöüÔöüÔöüÔöüÔöüÔöüÔöüÔöüÔöüÔöüÔöüÔöüÔöüÔöüÔöü[0m[37m[0m [1m1s[0m 1ms/step - loss: 0.0553 - mae: 0.1815 - val_loss: 0.0512 - val_mae: 0.1739
Epoch 40/60

[1m  1/381[0m [37mÔöüÔöüÔöüÔöüÔöüÔöüÔöüÔöüÔöüÔöüÔöüÔöüÔöüÔöüÔöüÔöüÔöüÔöüÔöüÔöü[0m [1m6s[0m 16ms/step - loss: 0.0457 - mae: 0.1697
[1m 47/381[0m [32mÔöüÔöü[0m[37mÔöüÔöüÔöüÔöüÔöüÔöüÔöüÔöüÔöüÔöüÔöüÔöüÔöüÔöüÔöüÔöüÔöüÔöü[0m [1m0s[0m 1ms/step - loss: 0.0560 - mae: 0.1813 
[1m 93/381[0m [32mÔöüÔöüÔöüÔöü[0m[37mÔöüÔöüÔöüÔöüÔöüÔöüÔöüÔöüÔöüÔöüÔöüÔöüÔöüÔöüÔöüÔöü[0m [1m0s[0m 1ms/step - loss: 0.0558 - mae: 0.1821
[1m139/381[0m [32mÔöüÔöüÔöüÔöüÔöüÔöüÔöü[0m[37mÔöüÔöüÔöüÔöüÔöüÔöüÔöüÔöüÔöüÔöüÔöüÔöüÔöü[0m [1m0s[0m 1ms/step - loss: 0.0555 - mae: 0.1817
[1m185/381[0m [32mÔöüÔöüÔöüÔöüÔöüÔöüÔöüÔöüÔöü[0m[37mÔöüÔöüÔöüÔöüÔöüÔöüÔöüÔöüÔöüÔöüÔöü[0m [1m0s[0m 1ms/step - loss: 0.0551 - mae: 0.1811
[1m232/381[0m [32mÔöüÔöüÔöüÔöüÔöüÔöüÔöüÔöüÔöüÔöüÔöüÔöü[0m[37mÔöüÔöüÔöüÔöüÔöüÔöüÔöüÔöü[0m [1m0s[0m 1ms/step - loss: 0.0550 - mae: 0.1808
[1m278/381[0m [32mÔöüÔöüÔöüÔöüÔöüÔöüÔöüÔöüÔöüÔöüÔöüÔöüÔöüÔöü[0m[37mÔöüÔöüÔöüÔöüÔöüÔöü[0m [1m0s[0m 1ms/step - loss: 0.0551 - mae: 0.1809
[1m324/381[0m [32mÔöüÔöüÔöüÔöüÔöüÔöüÔöüÔöüÔöüÔöüÔöüÔöüÔöüÔöüÔöüÔöüÔöü[0m[37mÔöüÔöüÔöü[0m [1m0s[0m 1ms/step - loss: 0.0552 - mae: 0.1813
[1m371/381[0m [32mÔöüÔöüÔöüÔöüÔöüÔöüÔöüÔöüÔöüÔöüÔöüÔöüÔöüÔöüÔöüÔöüÔöüÔöüÔöü[0m[37mÔöü[0m [1m0s[0m 1ms/step - loss: 0.0550 - mae: 0.1810
[1m381/381[0m [32mÔöüÔöüÔöüÔöüÔöüÔöüÔöüÔöüÔöüÔöüÔöüÔöüÔöüÔöüÔöüÔöüÔöüÔöüÔöüÔöü[0m[37m[0m [1m1s[0m 1ms/step - loss: 0.0550 - mae: 0.1810 - val_loss: 0.0511 - val_mae: 0.1741
Epoch 41/60

[1m  1/381[0m [37mÔöüÔöüÔöüÔöüÔöüÔöüÔöüÔöüÔöüÔöüÔöüÔöüÔöüÔöüÔöüÔöüÔöüÔöüÔöüÔöü[0m [1m6s[0m 17ms/step - loss: 0.0513 - mae: 0.1747
[1m 48/381[0m [32mÔöüÔöü[0m[37mÔöüÔöüÔöüÔöüÔöüÔöüÔöüÔöüÔöüÔöüÔöüÔöüÔöüÔöüÔöüÔöüÔöüÔöü[0m [1m0s[0m 1ms/step - loss: 0.0561 - mae: 0.1825 
[1m 93/381[0m [32mÔöüÔöüÔöüÔöü[0m[37mÔöüÔöüÔöüÔöüÔöüÔöüÔöüÔöüÔöüÔöüÔöüÔöüÔöüÔöüÔöüÔöü[0m [1m0s[0m 1ms/step - loss: 0.0556 - mae: 0.1825
[1m140/381[0m [32mÔöüÔöüÔöüÔöüÔöüÔöüÔöü[0m[37mÔöüÔöüÔöüÔöüÔöüÔöüÔöüÔöüÔöüÔöüÔöüÔöüÔöü[0m [1m0s[0m 1ms/step - loss: 0.0553 - mae: 0.1826
[1m186/381[0m [32mÔöüÔöüÔöüÔöüÔöüÔöüÔöüÔöüÔöü[0m[37mÔöüÔöüÔöüÔöüÔöüÔöüÔöüÔöüÔöüÔöüÔöü[0m [1m0s[0m 1ms/step - loss: 0.0555 - mae: 0.1826
[1m233/381[0m [32mÔöüÔöüÔöüÔöüÔöüÔöüÔöüÔöüÔöüÔöüÔöüÔöü[0m[37mÔöüÔöüÔöüÔöüÔöüÔöüÔöüÔöü[0m [1m0s[0m 1ms/step - loss: 0.0550 - mae: 0.1816
[1m279/381[0m [32mÔöüÔöüÔöüÔöüÔöüÔöüÔöüÔöüÔöüÔöüÔöüÔöüÔöüÔöü[0m[37mÔöüÔöüÔöüÔöüÔöüÔöü[0m [1m0s[0m 1ms/step - loss: 0.0549 - mae: 0.1814
[1m325/381[0m [32mÔöüÔöüÔöüÔöüÔöüÔöüÔöüÔöüÔöüÔöüÔöüÔöüÔöüÔöüÔöüÔöüÔöü[0m[37mÔöüÔöüÔöü[0m [1m0s[0m 1ms/step - loss: 0.0551 - mae: 0.1815
[1m371/381[0m [32mÔöüÔöüÔöüÔöüÔöüÔöüÔöüÔöüÔöüÔöüÔöüÔöüÔöüÔöüÔöüÔöüÔöüÔöüÔöü[0m[37mÔöü[0m [1m0s[0m 1ms/step - loss: 0.0550 - mae: 0.1813
[1m381/381[0m [32mÔöüÔöüÔöüÔöüÔöüÔöüÔöüÔöüÔöüÔöüÔöüÔöüÔöüÔöüÔöüÔöüÔöüÔöüÔöüÔöü[0m[37m[0m [1m1s[0m 1ms/step - loss: 0.0549 - mae: 0.1811 - val_loss: 0.0510 - val_mae: 0.1737
Epoch 42/60

[1m  1/381[0m [37mÔöüÔöüÔöüÔöüÔöüÔöüÔöüÔöüÔöüÔöüÔöüÔöüÔöüÔöüÔöüÔöüÔöüÔöüÔöüÔöü[0m [1m6s[0m 16ms/step - loss: 0.0506 - mae: 0.1782
[1m 47/381[0m [32mÔöüÔöü[0m[37mÔöüÔöüÔöüÔöüÔöüÔöüÔöüÔöüÔöüÔöüÔöüÔöüÔöüÔöüÔöüÔöüÔöüÔöü[0m [1m0s[0m 1ms/step - loss: 0.0559 - mae: 0.1818 
[1m 93/381[0m [32mÔöüÔöüÔöüÔöü[0m[37mÔöüÔöüÔöüÔöüÔöüÔöüÔöüÔöüÔöüÔöüÔöüÔöüÔöüÔöüÔöüÔöü[0m [1m0s[0m 1ms/step - loss: 0.0558 - mae: 0.1820
[1m140/381[0m [32mÔöüÔöüÔöüÔöüÔöüÔöüÔöü[0m[37mÔöüÔöüÔöüÔöüÔöüÔöüÔöüÔöüÔöüÔöüÔöüÔöüÔöü[0m [1m0s[0m 1ms/step - loss: 0.0553 - mae: 0.1814
[1m186/381[0m [32mÔöüÔöüÔöüÔöüÔöüÔöüÔöüÔöüÔöü[0m[37mÔöüÔöüÔöüÔöüÔöüÔöüÔöüÔöüÔöüÔöüÔöü[0m [1m0s[0m 1ms/step - loss: 0.0552 - mae: 0.1812
[1m232/381[0m [32mÔöüÔöüÔöüÔöüÔöüÔöüÔöüÔöüÔöüÔöüÔöüÔöü[0m[37mÔöüÔöüÔöüÔöüÔöüÔöüÔöüÔöü[0m [1m0s[0m 1ms/step - loss: 0.0550 - mae: 0.1808
[1m278/381[0m [32mÔöüÔöüÔöüÔöüÔöüÔöüÔöüÔöüÔöüÔöüÔöüÔöüÔöüÔöü[0m[37mÔöüÔöüÔöüÔöüÔöüÔöü[0m [1m0s[0m 1ms/step - loss: 0.0550 - mae: 0.1808
[1m324/381[0m [32mÔöüÔöüÔöüÔöüÔöüÔöüÔöüÔöüÔöüÔöüÔöüÔöüÔöüÔöüÔöüÔöüÔöü[0m[37mÔöüÔöüÔöü[0m [1m0s[0m 1ms/step - loss: 0.0551 - mae: 0.1811
[1m371/381[0m [32mÔöüÔöüÔöüÔöüÔöüÔöüÔöüÔöüÔöüÔöüÔöüÔöüÔöüÔöüÔöüÔöüÔöüÔöüÔöü[0m[37mÔöü[0m [1m0s[0m 1ms/step - loss: 0.0549 - mae: 0.1808
[1m381/381[0m [32mÔöüÔöüÔöüÔöüÔöüÔöüÔöüÔöüÔöüÔöüÔöüÔöüÔöüÔöüÔöüÔöüÔöüÔöüÔöüÔöü[0m[37m[0m [1m1s[0m 1ms/step - loss: 0.0549 - mae: 0.1806 - val_loss: 0.0510 - val_mae: 0.1743
Epoch 43/60

[1m  1/381[0m [37mÔöüÔöüÔöüÔöüÔöüÔöüÔöüÔöüÔöüÔöüÔöüÔöüÔöüÔöüÔöüÔöüÔöüÔöüÔöüÔöü[0m [1m6s[0m 17ms/step - loss: 0.0447 - mae: 0.1704
[1m 46/381[0m [32mÔöüÔöü[0m[37mÔöüÔöüÔöüÔöüÔöüÔöüÔöüÔöüÔöüÔöüÔöüÔöüÔöüÔöüÔöüÔöüÔöüÔöü[0m [1m0s[0m 1ms/step - loss: 0.0566 - mae: 0.1833 
[1m 93/381[0m [32mÔöüÔöüÔöüÔöü[0m[37mÔöüÔöüÔöüÔöüÔöüÔöüÔöüÔöüÔöüÔöüÔöüÔöüÔöüÔöüÔöüÔöü[0m [1m0s[0m 1ms/step - loss: 0.0554 - mae: 0.1817
[1m139/381[0m [32mÔöüÔöüÔöüÔöüÔöüÔöüÔöü[0m[37mÔöüÔöüÔöüÔöüÔöüÔöüÔöüÔöüÔöüÔöüÔöüÔöüÔöü[0m [1m0s[0m 1ms/step - loss: 0.0552 - mae: 0.1816
[1m186/381[0m [32mÔöüÔöüÔöüÔöüÔöüÔöüÔöüÔöüÔöü[0m[37mÔöüÔöüÔöüÔöüÔöüÔöüÔöüÔöüÔöüÔöüÔöü[0m [1m0s[0m 1ms/step - loss: 0.0549 - mae: 0.1812
[1m232/381[0m [32mÔöüÔöüÔöüÔöüÔöüÔöüÔöüÔöüÔöüÔöüÔöüÔöü[0m[37mÔöüÔöüÔöüÔöüÔöüÔöüÔöüÔöü[0m [1m0s[0m 1ms/step - loss: 0.0549 - mae: 0.1812
[1m278/381[0m [32mÔöüÔöüÔöüÔöüÔöüÔöüÔöüÔöüÔöüÔöüÔöüÔöüÔöüÔöü[0m[37mÔöüÔöüÔöüÔöüÔöüÔöü[0m [1m0s[0m 1ms/step - loss: 0.0548 - mae: 0.1810
[1m325/381[0m [32mÔöüÔöüÔöüÔöüÔöüÔöüÔöüÔöüÔöüÔöüÔöüÔöüÔöüÔöüÔöüÔöüÔöü[0m[37mÔöüÔöüÔöü[0m [1m0s[0m 1ms/step - loss: 0.0549 - mae: 0.1813
[1m372/381[0m [32mÔöüÔöüÔöüÔöüÔöüÔöüÔöüÔöüÔöüÔöüÔöüÔöüÔöüÔöüÔöüÔöüÔöüÔöüÔöü[0m[37mÔöü[0m [1m0s[0m 1ms/step - loss: 0.0548 - mae: 0.1810
[1m381/381[0m [32mÔöüÔöüÔöüÔöüÔöüÔöüÔöüÔöüÔöüÔöüÔöüÔöüÔöüÔöüÔöüÔöüÔöüÔöüÔöüÔöü[0m[37m[0m [1m1s[0m 1ms/step - loss: 0.0548 - mae: 0.1810 - val_loss: 0.0511 - val_mae: 0.1742
Epoch 44/60

[1m  1/381[0m [37mÔöüÔöüÔöüÔöüÔöüÔöüÔöüÔöüÔöüÔöüÔöüÔöüÔöüÔöüÔöüÔöüÔöüÔöüÔöüÔöü[0m [1m6s[0m 17ms/step - loss: 0.0467 - mae: 0.1731
[1m 48/381[0m [32mÔöüÔöü[0m[37mÔöüÔöüÔöüÔöüÔöüÔöüÔöüÔöüÔöüÔöüÔöüÔöüÔöüÔöüÔöüÔöüÔöüÔöü[0m [1m0s[0m 1ms/step - loss: 0.0557 - mae: 0.1828 
[1m 94/381[0m [32mÔöüÔöüÔöüÔöü[0m[37mÔöüÔöüÔöüÔöüÔöüÔöüÔöüÔöüÔöüÔöüÔöüÔöüÔöüÔöüÔöüÔöü[0m [1m0s[0m 1ms/step - loss: 0.0556 - mae: 0.1825
[1m140/381[0m [32mÔöüÔöüÔöüÔöüÔöüÔöüÔöü[0m[37mÔöüÔöüÔöüÔöüÔöüÔöüÔöüÔöüÔöüÔöüÔöüÔöüÔöü[0m [1m0s[0m 1ms/step - loss: 0.0551 - mae: 0.1820
[1m186/381[0m [32mÔöüÔöüÔöüÔöüÔöüÔöüÔöüÔöüÔöü[0m[37mÔöüÔöüÔöüÔöüÔöüÔöüÔöüÔöüÔöüÔöüÔöü[0m [1m0s[0m 1ms/step - loss: 0.0548 - mae: 0.1814
[1m233/381[0m [32mÔöüÔöüÔöüÔöüÔöüÔöüÔöüÔöüÔöüÔöüÔöüÔöü[0m[37mÔöüÔöüÔöüÔöüÔöüÔöüÔöüÔöü[0m [1m0s[0m 1ms/step - loss: 0.0546 - mae: 0.1809
[1m279/381[0m [32mÔöüÔöüÔöüÔöüÔöüÔöüÔöüÔöüÔöüÔöüÔöüÔöüÔöüÔöü[0m[37mÔöüÔöüÔöüÔöüÔöüÔöü[0m [1m0s[0m 1ms/step - loss: 0.0546 - mae: 0.1808
[1m325/381[0m [32mÔöüÔöüÔöüÔöüÔöüÔöüÔöüÔöüÔöüÔöüÔöüÔöüÔöüÔöüÔöüÔöüÔöü[0m[37mÔöüÔöüÔöü[0m [1m0s[0m 1ms/step - loss: 0.0548 - mae: 0.1812
[1m371/381[0m [32mÔöüÔöüÔöüÔöüÔöüÔöüÔöüÔöüÔöüÔöüÔöüÔöüÔöüÔöüÔöüÔöüÔöüÔöüÔöü[0m[37mÔöü[0m [1m0s[0m 1ms/step - loss: 0.0547 - mae: 0.1810
[1m381/381[0m [32mÔöüÔöüÔöüÔöüÔöüÔöüÔöüÔöüÔöüÔöüÔöüÔöüÔöüÔöüÔöüÔöüÔöüÔöüÔöüÔöü[0m[37m[0m [1m1s[0m 1ms/step - loss: 0.0546 - mae: 0.1807 - val_loss: 0.0509 - val_mae: 0.1734
Epoch 45/60

[1m  1/381[0m [37mÔöüÔöüÔöüÔöüÔöüÔöüÔöüÔöüÔöüÔöüÔöüÔöüÔöüÔöüÔöüÔöüÔöüÔöüÔöüÔöü[0m [1m6s[0m 17ms/step - loss: 0.0447 - mae: 0.1721
[1m 47/381[0m [32mÔöüÔöü[0m[37mÔöüÔöüÔöüÔöüÔöüÔöüÔöüÔöüÔöüÔöüÔöüÔöüÔöüÔöüÔöüÔöüÔöüÔöü[0m [1m0s[0m 1ms/step - loss: 0.0558 - mae: 0.1808 
[1m 93/381[0m [32mÔöüÔöüÔöüÔöü[0m[37mÔöüÔöüÔöüÔöüÔöüÔöüÔöüÔöüÔöüÔöüÔöüÔöüÔöüÔöüÔöüÔöü[0m [1m0s[0m 1ms/step - loss: 0.0551 - mae: 0.1812
[1m140/381[0m [32mÔöüÔöüÔöüÔöüÔöüÔöüÔöü[0m[37mÔöüÔöüÔöüÔöüÔöüÔöüÔöüÔöüÔöüÔöüÔöüÔöüÔöü[0m [1m0s[0m 1ms/step - loss: 0.0548 - mae: 0.1810
[1m186/381[0m [32mÔöüÔöüÔöüÔöüÔöüÔöüÔöüÔöüÔöü[0m[37mÔöüÔöüÔöüÔöüÔöüÔöüÔöüÔöüÔöüÔöüÔöü[0m [1m0s[0m 1ms/step - loss: 0.0546 - mae: 0.1809
[1m231/381[0m [32mÔöüÔöüÔöüÔöüÔöüÔöüÔöüÔöüÔöüÔöüÔöüÔöü[0m[37mÔöüÔöüÔöüÔöüÔöüÔöüÔöüÔöü[0m [1m0s[0m 1ms/step - loss: 0.0544 - mae: 0.1805
[1m278/381[0m [32mÔöüÔöüÔöüÔöüÔöüÔöüÔöüÔöüÔöüÔöüÔöüÔöüÔöüÔöü[0m[37mÔöüÔöüÔöüÔöüÔöüÔöü[0m [1m0s[0m 1ms/step - loss: 0.0546 - mae: 0.1806
[1m324/381[0m [32mÔöüÔöüÔöüÔöüÔöüÔöüÔöüÔöüÔöüÔöüÔöüÔöüÔöüÔöüÔöüÔöüÔöü[0m[37mÔöüÔöüÔöü[0m [1m0s[0m 1ms/step - loss: 0.0547 - mae: 0.1809
[1m370/381[0m [32mÔöüÔöüÔöüÔöüÔöüÔöüÔöüÔöüÔöüÔöüÔöüÔöüÔöüÔöüÔöüÔöüÔöüÔöüÔöü[0m[37mÔöü[0m [1m0s[0m 1ms/step - loss: 0.0545 - mae: 0.1804
[1m381/381[0m [32mÔöüÔöüÔöüÔöüÔöüÔöüÔöüÔöüÔöüÔöüÔöüÔöüÔöüÔöüÔöüÔöüÔöüÔöüÔöüÔöü[0m[37m[0m [1m1s[0m 1ms/step - loss: 0.0543 - mae: 0.1801 - val_loss: 0.0509 - val_mae: 0.1738
Epoch 46/60

[1m  1/381[0m [37mÔöüÔöüÔöüÔöüÔöüÔöüÔöüÔöüÔöüÔöüÔöüÔöüÔöüÔöüÔöüÔöüÔöüÔöüÔöüÔöü[0m [1m6s[0m 16ms/step - loss: 0.0447 - mae: 0.1707
[1m 47/381[0m [32mÔöüÔöü[0m[37mÔöüÔöüÔöüÔöüÔöüÔöüÔöüÔöüÔöüÔöüÔöüÔöüÔöüÔöüÔöüÔöüÔöüÔöü[0m [1m0s[0m 1ms/step - loss: 0.0554 - mae: 0.1810 
[1m 94/381[0m [32mÔöüÔöüÔöüÔöü[0m[37mÔöüÔöüÔöüÔöüÔöüÔöüÔöüÔöüÔöüÔöüÔöüÔöüÔöüÔöüÔöüÔöü[0m [1m0s[0m 1ms/step - loss: 0.0548 - mae: 0.1806
[1m140/381[0m [32mÔöüÔöüÔöüÔöüÔöüÔöüÔöü[0m[37mÔöüÔöüÔöüÔöüÔöüÔöüÔöüÔöüÔöüÔöüÔöüÔöüÔöü[0m [1m0s[0m 1ms/step - loss: 0.0547 - mae: 0.1812
[1m186/381[0m [32mÔöüÔöüÔöüÔöüÔöüÔöüÔöüÔöüÔöü[0m[37mÔöüÔöüÔöüÔöüÔöüÔöüÔöüÔöüÔöüÔöüÔöü[0m [1m0s[0m 1ms/step - loss: 0.0549 - mae: 0.1812
[1m232/381[0m [32mÔöüÔöüÔöüÔöüÔöüÔöüÔöüÔöüÔöüÔöüÔöüÔöü[0m[37mÔöüÔöüÔöüÔöüÔöüÔöüÔöüÔöü[0m [1m0s[0m 1ms/step - loss: 0.0547 - mae: 0.1808
[1m279/381[0m [32mÔöüÔöüÔöüÔöüÔöüÔöüÔöüÔöüÔöüÔöüÔöüÔöüÔöüÔöü[0m[37mÔöüÔöüÔöüÔöüÔöüÔöü[0m [1m0s[0m 1ms/step - loss: 0.0545 - mae: 0.1805
[1m325/381[0m [32mÔöüÔöüÔöüÔöüÔöüÔöüÔöüÔöüÔöüÔöüÔöüÔöüÔöüÔöüÔöüÔöüÔöü[0m[37mÔöüÔöüÔöü[0m [1m0s[0m 1ms/step - loss: 0.0546 - mae: 0.1808
[1m371/381[0m [32mÔöüÔöüÔöüÔöüÔöüÔöüÔöüÔöüÔöüÔöüÔöüÔöüÔöüÔöüÔöüÔöüÔöüÔöüÔöü[0m[37mÔöü[0m [1m0s[0m 1ms/step - loss: 0.0545 - mae: 0.1806
[1m381/381[0m [32mÔöüÔöüÔöüÔöüÔöüÔöüÔöüÔöüÔöüÔöüÔöüÔöüÔöüÔöüÔöüÔöüÔöüÔöüÔöüÔöü[0m[37m[0m [1m1s[0m 1ms/step - loss: 0.0544 - mae: 0.1803 - val_loss: 0.0511 - val_mae: 0.1741
Epoch 47/60

[1m  1/381[0m [37mÔöüÔöüÔöüÔöüÔöüÔöüÔöüÔöüÔöüÔöüÔöüÔöüÔöüÔöüÔöüÔöüÔöüÔöüÔöüÔöü[0m [1m6s[0m 16ms/step - loss: 0.0519 - mae: 0.1773
[1m 47/381[0m [32mÔöüÔöü[0m[37mÔöüÔöüÔöüÔöüÔöüÔöüÔöüÔöüÔöüÔöüÔöüÔöüÔöüÔöüÔöüÔöüÔöüÔöü[0m [1m0s[0m 1ms/step - loss: 0.0559 - mae: 0.1822 
[1m 94/381[0m [32mÔöüÔöüÔöüÔöü[0m[37mÔöüÔöüÔöüÔöüÔöüÔöüÔöüÔöüÔöüÔöüÔöüÔöüÔöüÔöüÔöüÔöü[0m [1m0s[0m 1ms/step - loss: 0.0548 - mae: 0.1811
[1m140/381[0m [32mÔöüÔöüÔöüÔöüÔöüÔöüÔöü[0m[37mÔöüÔöüÔöüÔöüÔöüÔöüÔöüÔöüÔöüÔöüÔöüÔöüÔöü[0m [1m0s[0m 1ms/step - loss: 0.0547 - mae: 0.1808
[1m187/381[0m [32mÔöüÔöüÔöüÔöüÔöüÔöüÔöüÔöüÔöü[0m[37mÔöüÔöüÔöüÔöüÔöüÔöüÔöüÔöüÔöüÔöüÔöü[0m [1m0s[0m 1ms/step - loss: 0.0543 - mae: 0.1805
[1m233/381[0m [32mÔöüÔöüÔöüÔöüÔöüÔöüÔöüÔöüÔöüÔöüÔöüÔöü[0m[37mÔöüÔöüÔöüÔöüÔöüÔöüÔöüÔöü[0m [1m0s[0m 1ms/step - loss: 0.0542 - mae: 0.1799
[1m280/381[0m [32mÔöüÔöüÔöüÔöüÔöüÔöüÔöüÔöüÔöüÔöüÔöüÔöüÔöüÔöü[0m[37mÔöüÔöüÔöüÔöüÔöüÔöü[0m [1m0s[0m 1ms/step - loss: 0.0542 - mae: 0.1798
[1m327/381[0m [32mÔöüÔöüÔöüÔöüÔöüÔöüÔöüÔöüÔöüÔöüÔöüÔöüÔöüÔöüÔöüÔöüÔöü[0m[37mÔöüÔöüÔöü[0m [1m0s[0m 1ms/step - loss: 0.0542 - mae: 0.1800
[1m373/381[0m [32mÔöüÔöüÔöüÔöüÔöüÔöüÔöüÔöüÔöüÔöüÔöüÔöüÔöüÔöüÔöüÔöüÔöüÔöüÔöü[0m[37mÔöü[0m [1m0s[0m 1ms/step - loss: 0.0543 - mae: 0.1801
[1m381/381[0m [32mÔöüÔöüÔöüÔöüÔöüÔöüÔöüÔöüÔöüÔöüÔöüÔöüÔöüÔöüÔöüÔöüÔöüÔöüÔöüÔöü[0m[37m[0m [1m1s[0m 1ms/step - loss: 0.0542 - mae: 0.1801 - val_loss: 0.0510 - val_mae: 0.1732
Epoch 48/60

[1m  1/381[0m [37mÔöüÔöüÔöüÔöüÔöüÔöüÔöüÔöüÔöüÔöüÔöüÔöüÔöüÔöüÔöüÔöüÔöüÔöüÔöüÔöü[0m [1m6s[0m 16ms/step - loss: 0.0487 - mae: 0.1702
[1m 47/381[0m [32mÔöüÔöü[0m[37mÔöüÔöüÔöüÔöüÔöüÔöüÔöüÔöüÔöüÔöüÔöüÔöüÔöüÔöüÔöüÔöüÔöüÔöü[0m [1m0s[0m 1ms/step - loss: 0.0552 - mae: 0.1816 
[1m 94/381[0m [32mÔöüÔöüÔöüÔöü[0m[37mÔöüÔöüÔöüÔöüÔöüÔöüÔöüÔöüÔöüÔöüÔöüÔöüÔöüÔöüÔöüÔöü[0m [1m0s[0m 1ms/step - loss: 0.0544 - mae: 0.1801
[1m141/381[0m [32mÔöüÔöüÔöüÔöüÔöüÔöüÔöü[0m[37mÔöüÔöüÔöüÔöüÔöüÔöüÔöüÔöüÔöüÔöüÔöüÔöüÔöü[0m [1m0s[0m 1ms/step - loss: 0.0543 - mae: 0.1799
[1m187/381[0m [32mÔöüÔöüÔöüÔöüÔöüÔöüÔöüÔöüÔöü[0m[37mÔöüÔöüÔöüÔöüÔöüÔöüÔöüÔöüÔöüÔöüÔöü[0m [1m0s[0m 1ms/step - loss: 0.0541 - mae: 0.1797
[1m233/381[0m [32mÔöüÔöüÔöüÔöüÔöüÔöüÔöüÔöüÔöüÔöüÔöüÔöü[0m[37mÔöüÔöüÔöüÔöüÔöüÔöüÔöüÔöü[0m [1m0s[0m 1ms/step - loss: 0.0539 - mae: 0.1795
[1m279/381[0m [32mÔöüÔöüÔöüÔöüÔöüÔöüÔöüÔöüÔöüÔöüÔöüÔöüÔöüÔöü[0m[37mÔöüÔöüÔöüÔöüÔöüÔöü[0m [1m0s[0m 1ms/step - loss: 0.0541 - mae: 0.1798
[1m325/381[0m [32mÔöüÔöüÔöüÔöüÔöüÔöüÔöüÔöüÔöüÔöüÔöüÔöüÔöüÔöüÔöüÔöüÔöü[0m[37mÔöüÔöüÔöü[0m [1m0s[0m 1ms/step - loss: 0.0541 - mae: 0.1798
[1m371/381[0m [32mÔöüÔöüÔöüÔöüÔöüÔöüÔöüÔöüÔöüÔöüÔöüÔöüÔöüÔöüÔöüÔöüÔöüÔöüÔöü[0m[37mÔöü[0m [1m0s[0m 1ms/step - loss: 0.0540 - mae: 0.1797
[1m381/381[0m [32mÔöüÔöüÔöüÔöüÔöüÔöüÔöüÔöüÔöüÔöüÔöüÔöüÔöüÔöüÔöüÔöüÔöüÔöüÔöüÔöü[0m[37m[0m [1m1s[0m 1ms/step - loss: 0.0539 - mae: 0.1796 - val_loss: 0.0511 - val_mae: 0.1736
Epoch 49/60

[1m  1/381[0m [37mÔöüÔöüÔöüÔöüÔöüÔöüÔöüÔöüÔöüÔöüÔöüÔöüÔöüÔöüÔöüÔöüÔöüÔöüÔöüÔöü[0m [1m6s[0m 16ms/step - loss: 0.0518 - mae: 0.1787
[1m 47/381[0m [32mÔöüÔöü[0m[37mÔöüÔöüÔöüÔöüÔöüÔöüÔöüÔöüÔöüÔöüÔöüÔöüÔöüÔöüÔöüÔöüÔöüÔöü[0m [1m0s[0m 1ms/step - loss: 0.0547 - mae: 0.1804 
[1m 94/381[0m [32mÔöüÔöüÔöüÔöü[0m[37mÔöüÔöüÔöüÔöüÔöüÔöüÔöüÔöüÔöüÔöüÔöüÔöüÔöüÔöüÔöüÔöü[0m [1m0s[0m 1ms/step - loss: 0.0546 - mae: 0.1815
[1m140/381[0m [32mÔöüÔöüÔöüÔöüÔöüÔöüÔöü[0m[37mÔöüÔöüÔöüÔöüÔöüÔöüÔöüÔöüÔöüÔöüÔöüÔöüÔöü[0m [1m0s[0m 1ms/step - loss: 0.0545 - mae: 0.1813
[1m187/381[0m [32mÔöüÔöüÔöüÔöüÔöüÔöüÔöüÔöüÔöü[0m[37mÔöüÔöüÔöüÔöüÔöüÔöüÔöüÔöüÔöüÔöüÔöü[0m [1m0s[0m 1ms/step - loss: 0.0543 - mae: 0.1807
[1m234/381[0m [32mÔöüÔöüÔöüÔöüÔöüÔöüÔöüÔöüÔöüÔöüÔöüÔöü[0m[37mÔöüÔöüÔöüÔöüÔöüÔöüÔöüÔöü[0m [1m0s[0m 1ms/step - loss: 0.0541 - mae: 0.1804
[1m280/381[0m [32mÔöüÔöüÔöüÔöüÔöüÔöüÔöüÔöüÔöüÔöüÔöüÔöüÔöüÔöü[0m[37mÔöüÔöüÔöüÔöüÔöüÔöü[0m [1m0s[0m 1ms/step - loss: 0.0543 - mae: 0.1805
[1m321/381[0m [32mÔöüÔöüÔöüÔöüÔöüÔöüÔöüÔöüÔöüÔöüÔöüÔöüÔöüÔöüÔöüÔöü[0m[37mÔöüÔöüÔöüÔöü[0m [1m0s[0m 1ms/step - loss: 0.0543 - mae: 0.1805
[1m362/381[0m [32mÔöüÔöüÔöüÔöüÔöüÔöüÔöüÔöüÔöüÔöüÔöüÔöüÔöüÔöüÔöüÔöüÔöüÔöüÔöü[0m[37mÔöü[0m [1m0s[0m 1ms/step - loss: 0.0543 - mae: 0.1803
[1m381/381[0m [32mÔöüÔöüÔöüÔöüÔöüÔöüÔöüÔöüÔöüÔöüÔöüÔöüÔöüÔöüÔöüÔöüÔöüÔöüÔöüÔöü[0m[37m[0m [1m1s[0m 1ms/step - loss: 0.0542 - mae: 0.1802 - val_loss: 0.0510 - val_mae: 0.1736
Epoch 50/60

[1m  1/381[0m [37mÔöüÔöüÔöüÔöüÔöüÔöüÔöüÔöüÔöüÔöüÔöüÔöüÔöüÔöüÔöüÔöüÔöüÔöüÔöüÔöü[0m [1m6s[0m 16ms/step - loss: 0.0473 - mae: 0.1769
[1m 47/381[0m [32mÔöüÔöü[0m[37mÔöüÔöüÔöüÔöüÔöüÔöüÔöüÔöüÔöüÔöüÔöüÔöüÔöüÔöüÔöüÔöüÔöüÔöü[0m [1m0s[0m 1ms/step - loss: 0.0559 - mae: 0.1817 
[1m 93/381[0m [32mÔöüÔöüÔöüÔöü[0m[37mÔöüÔöüÔöüÔöüÔöüÔöüÔöüÔöüÔöüÔöüÔöüÔöüÔöüÔöüÔöüÔöü[0m [1m0s[0m 1ms/step - loss: 0.0547 - mae: 0.1805
[1m140/381[0m [32mÔöüÔöüÔöüÔöüÔöüÔöüÔöü[0m[37mÔöüÔöüÔöüÔöüÔöüÔöüÔöüÔöüÔöüÔöüÔöüÔöüÔöü[0m [1m0s[0m 1ms/step - loss: 0.0545 - mae: 0.1805
[1m186/381[0m [32mÔöüÔöüÔöüÔöüÔöüÔöüÔöüÔöüÔöü[0m[37mÔöüÔöüÔöüÔöüÔöüÔöüÔöüÔöüÔöüÔöüÔöü[0m [1m0s[0m 1ms/step - loss: 0.0543 - mae: 0.1802
[1m233/381[0m [32mÔöüÔöüÔöüÔöüÔöüÔöüÔöüÔöüÔöüÔöüÔöüÔöü[0m[37mÔöüÔöüÔöüÔöüÔöüÔöüÔöüÔöü[0m [1m0s[0m 1ms/step - loss: 0.0540 - mae: 0.1797
[1m279/381[0m [32mÔöüÔöüÔöüÔöüÔöüÔöüÔöüÔöüÔöüÔöüÔöüÔöüÔöüÔöü[0m[37mÔöüÔöüÔöüÔöüÔöüÔöü[0m [1m0s[0m 1ms/step - loss: 0.0540 - mae: 0.1796
[1m325/381[0m [32mÔöüÔöüÔöüÔöüÔöüÔöüÔöüÔöüÔöüÔöüÔöüÔöüÔöüÔöüÔöüÔöüÔöü[0m[37mÔöüÔöüÔöü[0m [1m0s[0m 1ms/step - loss: 0.0540 - mae: 0.1797
[1m372/381[0m [32mÔöüÔöüÔöüÔöüÔöüÔöüÔöüÔöüÔöüÔöüÔöüÔöüÔöüÔöüÔöüÔöüÔöüÔöüÔöü[0m[37mÔöü[0m [1m0s[0m 1ms/step - loss: 0.0539 - mae: 0.1794
[1m381/381[0m [32mÔöüÔöüÔöüÔöüÔöüÔöüÔöüÔöüÔöüÔöüÔöüÔöüÔöüÔöüÔöüÔöüÔöüÔöüÔöüÔöü[0m[37m[0m [1m1s[0m 1ms/step - loss: 0.0538 - mae: 0.1792 - val_loss: 0.0509 - val_mae: 0.1732
Epoch 51/60

[1m  1/381[0m [37mÔöüÔöüÔöüÔöüÔöüÔöüÔöüÔöüÔöüÔöüÔöüÔöüÔöüÔöüÔöüÔöüÔöüÔöüÔöüÔöü[0m [1m6s[0m 16ms/step - loss: 0.0536 - mae: 0.1840
[1m 47/381[0m [32mÔöüÔöü[0m[37mÔöüÔöüÔöüÔöüÔöüÔöüÔöüÔöüÔöüÔöüÔöüÔöüÔöüÔöüÔöüÔöüÔöüÔöü[0m [1m0s[0m 1ms/step - loss: 0.0549 - mae: 0.1808 
[1m 94/381[0m [32mÔöüÔöüÔöüÔöü[0m[37mÔöüÔöüÔöüÔöüÔöüÔöüÔöüÔöüÔöüÔöüÔöüÔöüÔöüÔöüÔöüÔöü[0m [1m0s[0m 1ms/step - loss: 0.0537 - mae: 0.1797
[1m139/381[0m [32mÔöüÔöüÔöüÔöüÔöüÔöüÔöü[0m[37mÔöüÔöüÔöüÔöüÔöüÔöüÔöüÔöüÔöüÔöüÔöüÔöüÔöü[0m [1m0s[0m 1ms/step - loss: 0.0534 - mae: 0.1791
[1m185/381[0m [32mÔöüÔöüÔöüÔöüÔöüÔöüÔöüÔöüÔöü[0m[37mÔöüÔöüÔöüÔöüÔöüÔöüÔöüÔöüÔöüÔöüÔöü[0m [1m0s[0m 1ms/step - loss: 0.0536 - mae: 0.1792
[1m231/381[0m [32mÔöüÔöüÔöüÔöüÔöüÔöüÔöüÔöüÔöüÔöüÔöüÔöü[0m[37mÔöüÔöüÔöüÔöüÔöüÔöüÔöüÔöü[0m [1m0s[0m 1ms/step - loss: 0.0535 - mae: 0.1791
[1m278/381[0m [32mÔöüÔöüÔöüÔöüÔöüÔöüÔöüÔöüÔöüÔöüÔöüÔöüÔöüÔöü[0m[37mÔöüÔöüÔöüÔöüÔöüÔöü[0m [1m0s[0m 1ms/step - loss: 0.0538 - mae: 0.1796
[1m324/381[0m [32mÔöüÔöüÔöüÔöüÔöüÔöüÔöüÔöüÔöüÔöüÔöüÔöüÔöüÔöüÔöüÔöüÔöü[0m[37mÔöüÔöüÔöü[0m [1m0s[0m 1ms/step - loss: 0.0539 - mae: 0.1800
[1m370/381[0m [32mÔöüÔöüÔöüÔöüÔöüÔöüÔöüÔöüÔöüÔöüÔöüÔöüÔöüÔöüÔöüÔöüÔöüÔöüÔöü[0m[37mÔöü[0m [1m0s[0m 1ms/step - loss: 0.0539 - mae: 0.1800
[1m381/381[0m [32mÔöüÔöüÔöüÔöüÔöüÔöüÔöüÔöüÔöüÔöüÔöüÔöüÔöüÔöüÔöüÔöüÔöüÔöüÔöüÔöü[0m[37m[0m [1m1s[0m 1ms/step - loss: 0.0537 - mae: 0.1797 - val_loss: 0.0509 - val_mae: 0.1728
Epoch 52/60

[1m  1/381[0m [37mÔöüÔöüÔöüÔöüÔöüÔöüÔöüÔöüÔöüÔöüÔöüÔöüÔöüÔöüÔöüÔöüÔöüÔöüÔöüÔöü[0m [1m6s[0m 16ms/step - loss: 0.0431 - mae: 0.1616
[1m 47/381[0m [32mÔöüÔöü[0m[37mÔöüÔöüÔöüÔöüÔöüÔöüÔöüÔöüÔöüÔöüÔöüÔöüÔöüÔöüÔöüÔöüÔöüÔöü[0m [1m0s[0m 1ms/step - loss: 0.0557 - mae: 0.1818 
[1m 93/381[0m [32mÔöüÔöüÔöüÔöü[0m[37mÔöüÔöüÔöüÔöüÔöüÔöüÔöüÔöüÔöüÔöüÔöüÔöüÔöüÔöüÔöüÔöü[0m [1m0s[0m 1ms/step - loss: 0.0552 - mae: 0.1811
[1m139/381[0m [32mÔöüÔöüÔöüÔöüÔöüÔöüÔöü[0m[37mÔöüÔöüÔöüÔöüÔöüÔöüÔöüÔöüÔöüÔöüÔöüÔöüÔöü[0m [1m0s[0m 1ms/step - loss: 0.0547 - mae: 0.1810
[1m185/381[0m [32mÔöüÔöüÔöüÔöüÔöüÔöüÔöüÔöüÔöü[0m[37mÔöüÔöüÔöüÔöüÔöüÔöüÔöüÔöüÔöüÔöüÔöü[0m [1m0s[0m 1ms/step - loss: 0.0542 - mae: 0.1802
[1m229/381[0m [32mÔöüÔöüÔöüÔöüÔöüÔöüÔöüÔöüÔöüÔöüÔöüÔöü[0m[37mÔöüÔöüÔöüÔöüÔöüÔöüÔöüÔöü[0m [1m0s[0m 1ms/step - loss: 0.0543 - mae: 0.1804
[1m272/381[0m [32mÔöüÔöüÔöüÔöüÔöüÔöüÔöüÔöüÔöüÔöüÔöüÔöüÔöüÔöü[0m[37mÔöüÔöüÔöüÔöüÔöüÔöü[0m [1m0s[0m 1ms/step - loss: 0.0543 - mae: 0.1803
[1m318/381[0m [32mÔöüÔöüÔöüÔöüÔöüÔöüÔöüÔöüÔöüÔöüÔöüÔöüÔöüÔöüÔöüÔöü[0m[37mÔöüÔöüÔöüÔöü[0m [1m0s[0m 1ms/step - loss: 0.0542 - mae: 0.1801
[1m365/381[0m [32mÔöüÔöüÔöüÔöüÔöüÔöüÔöüÔöüÔöüÔöüÔöüÔöüÔöüÔöüÔöüÔöüÔöüÔöüÔöü[0m[37mÔöü[0m [1m0s[0m 1ms/step - loss: 0.0540 - mae: 0.1799
[1m381/381[0m [32mÔöüÔöüÔöüÔöüÔöüÔöüÔöüÔöüÔöüÔöüÔöüÔöüÔöüÔöüÔöüÔöüÔöüÔöüÔöüÔöü[0m[37m[0m [1m1s[0m 1ms/step - loss: 0.0539 - mae: 0.1796 - val_loss: 0.0510 - val_mae: 0.1733
Epoch 53/60

[1m  1/381[0m [37mÔöüÔöüÔöüÔöüÔöüÔöüÔöüÔöüÔöüÔöüÔöüÔöüÔöüÔöüÔöüÔöüÔöüÔöüÔöüÔöü[0m [1m6s[0m 17ms/step - loss: 0.0489 - mae: 0.1764
[1m 48/381[0m [32mÔöüÔöü[0m[37mÔöüÔöüÔöüÔöüÔöüÔöüÔöüÔöüÔöüÔöüÔöüÔöüÔöüÔöüÔöüÔöüÔöüÔöü[0m [1m0s[0m 1ms/step - loss: 0.0556 - mae: 0.1822 
[1m 95/381[0m [32mÔöüÔöüÔöüÔöü[0m[37mÔöüÔöüÔöüÔöüÔöüÔöüÔöüÔöüÔöüÔöüÔöüÔöüÔöüÔöüÔöüÔöü[0m [1m0s[0m 1ms/step - loss: 0.0553 - mae: 0.1816
[1m141/381[0m [32mÔöüÔöüÔöüÔöüÔöüÔöüÔöü[0m[37mÔöüÔöüÔöüÔöüÔöüÔöüÔöüÔöüÔöüÔöüÔöüÔöüÔöü[0m [1m0s[0m 1ms/step - loss: 0.0545 - mae: 0.1803
[1m187/381[0m [32mÔöüÔöüÔöüÔöüÔöüÔöüÔöüÔöüÔöü[0m[37mÔöüÔöüÔöüÔöüÔöüÔöüÔöüÔöüÔöüÔöüÔöü[0m [1m0s[0m 1ms/step - loss: 0.0542 - mae: 0.1801
[1m234/381[0m [32mÔöüÔöüÔöüÔöüÔöüÔöüÔöüÔöüÔöüÔöüÔöüÔöü[0m[37mÔöüÔöüÔöüÔöüÔöüÔöüÔöüÔöü[0m [1m0s[0m 1ms/step - loss: 0.0537 - mae: 0.1791
[1m276/381[0m [32mÔöüÔöüÔöüÔöüÔöüÔöüÔöüÔöüÔöüÔöüÔöüÔöüÔöüÔöü[0m[37mÔöüÔöüÔöüÔöüÔöüÔöü[0m [1m0s[0m 1ms/step - loss: 0.0538 - mae: 0.1793
[1m320/381[0m [32mÔöüÔöüÔöüÔöüÔöüÔöüÔöüÔöüÔöüÔöüÔöüÔöüÔöüÔöüÔöüÔöü[0m[37mÔöüÔöüÔöüÔöü[0m [1m0s[0m 1ms/step - loss: 0.0539 - mae: 0.1796
[1m366/381[0m [32mÔöüÔöüÔöüÔöüÔöüÔöüÔöüÔöüÔöüÔöüÔöüÔöüÔöüÔöüÔöüÔöüÔöüÔöüÔöü[0m[37mÔöü[0m [1m0s[0m 1ms/step - loss: 0.0539 - mae: 0.1795
[1m381/381[0m [32mÔöüÔöüÔöüÔöüÔöüÔöüÔöüÔöüÔöüÔöüÔöüÔöüÔöüÔöüÔöüÔöüÔöüÔöüÔöüÔöü[0m[37m[0m [1m1s[0m 1ms/step - loss: 0.0538 - mae: 0.1794 - val_loss: 0.0510 - val_mae: 0.1730
Epoch 54/60

[1m  1/381[0m [37mÔöüÔöüÔöüÔöüÔöüÔöüÔöüÔöüÔöüÔöüÔöüÔöüÔöüÔöüÔöüÔöüÔöüÔöüÔöüÔöü[0m [1m5s[0m 15ms/step - loss: 0.0484 - mae: 0.1780
[1m 46/381[0m [32mÔöüÔöü[0m[37mÔöüÔöüÔöüÔöüÔöüÔöüÔöüÔöüÔöüÔöüÔöüÔöüÔöüÔöüÔöüÔöüÔöüÔöü[0m [1m0s[0m 1ms/step - loss: 0.0555 - mae: 0.1821 
[1m 92/381[0m [32mÔöüÔöüÔöüÔöü[0m[37mÔöüÔöüÔöüÔöüÔöüÔöüÔöüÔöüÔöüÔöüÔöüÔöüÔöüÔöüÔöüÔöü[0m [1m0s[0m 1ms/step - loss: 0.0544 - mae: 0.1804
[1m138/381[0m [32mÔöüÔöüÔöüÔöüÔöüÔöüÔöü[0m[37mÔöüÔöüÔöüÔöüÔöüÔöüÔöüÔöüÔöüÔöüÔöüÔöüÔöü[0m [1m0s[0m 1ms/step - loss: 0.0539 - mae: 0.1799
[1m185/381[0m [32mÔöüÔöüÔöüÔöüÔöüÔöüÔöüÔöüÔöü[0m[37mÔöüÔöüÔöüÔöüÔöüÔöüÔöüÔöüÔöüÔöüÔöü[0m [1m0s[0m 1ms/step - loss: 0.0536 - mae: 0.1791
[1m232/381[0m [32mÔöüÔöüÔöüÔöüÔöüÔöüÔöüÔöüÔöüÔöüÔöüÔöü[0m[37mÔöüÔöüÔöüÔöüÔöüÔöüÔöüÔöü[0m [1m0s[0m 1ms/step - loss: 0.0532 - mae: 0.1787
[1m278/381[0m [32mÔöüÔöüÔöüÔöüÔöüÔöüÔöüÔöüÔöüÔöüÔöüÔöüÔöüÔöü[0m[37mÔöüÔöüÔöüÔöüÔöüÔöü[0m [1m0s[0m 1ms/step - loss: 0.0533 - mae: 0.1786
[1m324/381[0m [32mÔöüÔöüÔöüÔöüÔöüÔöüÔöüÔöüÔöüÔöüÔöüÔöüÔöüÔöüÔöüÔöüÔöü[0m[37mÔöüÔöüÔöü[0m [1m0s[0m 1ms/step - loss: 0.0533 - mae: 0.1787
[1m372/381[0m [32mÔöüÔöüÔöüÔöüÔöüÔöüÔöüÔöüÔöüÔöüÔöüÔöüÔöüÔöüÔöüÔöüÔöüÔöüÔöü[0m[37mÔöü[0m [1m0s[0m 1ms/step - loss: 0.0533 - mae: 0.1786
[1m381/381[0m [32mÔöüÔöüÔöüÔöüÔöüÔöüÔöüÔöüÔöüÔöüÔöüÔöüÔöüÔöüÔöüÔöüÔöüÔöüÔöüÔöü[0m[37m[0m [1m1s[0m 1ms/step - loss: 0.0533 - mae: 0.1786 - val_loss: 0.0508 - val_mae: 0.1734
Epoch 55/60

[1m  1/381[0m [37mÔöüÔöüÔöüÔöüÔöüÔöüÔöüÔöüÔöüÔöüÔöüÔöüÔöüÔöüÔöüÔöüÔöüÔöüÔöüÔöü[0m [1m6s[0m 17ms/step - loss: 0.0421 - mae: 0.1563
[1m 46/381[0m [32mÔöüÔöü[0m[37mÔöüÔöüÔöüÔöüÔöüÔöüÔöüÔöüÔöüÔöüÔöüÔöüÔöüÔöüÔöüÔöüÔöüÔöü[0m [1m0s[0m 1ms/step - loss: 0.0552 - mae: 0.1806 
[1m 93/381[0m [32mÔöüÔöüÔöüÔöü[0m[37mÔöüÔöüÔöüÔöüÔöüÔöüÔöüÔöüÔöüÔöüÔöüÔöüÔöüÔöüÔöüÔöü[0m [1m0s[0m 1ms/step - loss: 0.0548 - mae: 0.1808
[1m139/381[0m [32mÔöüÔöüÔöüÔöüÔöüÔöüÔöü[0m[37mÔöüÔöüÔöüÔöüÔöüÔöüÔöüÔöüÔöüÔöüÔöüÔöüÔöü[0m [1m0s[0m 1ms/step - loss: 0.0543 - mae: 0.1807
[1m186/381[0m [32mÔöüÔöüÔöüÔöüÔöüÔöüÔöüÔöüÔöü[0m[37mÔöüÔöüÔöüÔöüÔöüÔöüÔöüÔöüÔöüÔöüÔöü[0m [1m0s[0m 1ms/step - loss: 0.0538 - mae: 0.1798
[1m231/381[0m [32mÔöüÔöüÔöüÔöüÔöüÔöüÔöüÔöüÔöüÔöüÔöüÔöü[0m[37mÔöüÔöüÔöüÔöüÔöüÔöüÔöüÔöü[0m [1m0s[0m 1ms/step - loss: 0.0539 - mae: 0.1796
[1m278/381[0m [32mÔöüÔöüÔöüÔöüÔöüÔöüÔöüÔöüÔöüÔöüÔöüÔöüÔöüÔöü[0m[37mÔöüÔöüÔöüÔöüÔöüÔöü[0m [1m0s[0m 1ms/step - loss: 0.0537 - mae: 0.1793
[1m324/381[0m [32mÔöüÔöüÔöüÔöüÔöüÔöüÔöüÔöüÔöüÔöüÔöüÔöüÔöüÔöüÔöüÔöüÔöü[0m[37mÔöüÔöüÔöü[0m [1m0s[0m 1ms/step - loss: 0.0539 - mae: 0.1796
[1m371/381[0m [32mÔöüÔöüÔöüÔöüÔöüÔöüÔöüÔöüÔöüÔöüÔöüÔöüÔöüÔöüÔöüÔöüÔöüÔöüÔöü[0m[37mÔöü[0m [1m0s[0m 1ms/step - loss: 0.0538 - mae: 0.1794
[1m381/381[0m [32mÔöüÔöüÔöüÔöüÔöüÔöüÔöüÔöüÔöüÔöüÔöüÔöüÔöüÔöüÔöüÔöüÔöüÔöüÔöüÔöü[0m[37m[0m [1m1s[0m 1ms/step - loss: 0.0537 - mae: 0.1793 - val_loss: 0.0510 - val_mae: 0.1735
Epoch 56/60

[1m  1/381[0m [37mÔöüÔöüÔöüÔöüÔöüÔöüÔöüÔöüÔöüÔöüÔöüÔöüÔöüÔöüÔöüÔöüÔöüÔöüÔöüÔöü[0m [1m6s[0m 16ms/step - loss: 0.0445 - mae: 0.1683
[1m 47/381[0m [32mÔöüÔöü[0m[37mÔöüÔöüÔöüÔöüÔöüÔöüÔöüÔöüÔöüÔöüÔöüÔöüÔöüÔöüÔöüÔöüÔöüÔöü[0m [1m0s[0m 1ms/step - loss: 0.0550 - mae: 0.1809 
[1m 94/381[0m [32mÔöüÔöüÔöüÔöü[0m[37mÔöüÔöüÔöüÔöüÔöüÔöüÔöüÔöüÔöüÔöüÔöüÔöüÔöüÔöüÔöüÔöü[0m [1m0s[0m 1ms/step - loss: 0.0541 - mae: 0.1798
[1m140/381[0m [32mÔöüÔöüÔöüÔöüÔöüÔöüÔöü[0m[37mÔöüÔöüÔöüÔöüÔöüÔöüÔöüÔöüÔöüÔöüÔöüÔöüÔöü[0m [1m0s[0m 1ms/step - loss: 0.0539 - mae: 0.1799
[1m187/381[0m [32mÔöüÔöüÔöüÔöüÔöüÔöüÔöüÔöüÔöü[0m[37mÔöüÔöüÔöüÔöüÔöüÔöüÔöüÔöüÔöüÔöüÔöü[0m [1m0s[0m 1ms/step - loss: 0.0536 - mae: 0.1794
[1m233/381[0m [32mÔöüÔöüÔöüÔöüÔöüÔöüÔöüÔöüÔöüÔöüÔöüÔöü[0m[37mÔöüÔöüÔöüÔöüÔöüÔöüÔöüÔöü[0m [1m0s[0m 1ms/step - loss: 0.0533 - mae: 0.1789
[1m279/381[0m [32mÔöüÔöüÔöüÔöüÔöüÔöüÔöüÔöüÔöüÔöüÔöüÔöüÔöüÔöü[0m[37mÔöüÔöüÔöüÔöüÔöüÔöü[0m [1m0s[0m 1ms/step - loss: 0.0534 - mae: 0.1791
[1m326/381[0m [32mÔöüÔöüÔöüÔöüÔöüÔöüÔöüÔöüÔöüÔöüÔöüÔöüÔöüÔöüÔöüÔöüÔöü[0m[37mÔöüÔöüÔöü[0m [1m0s[0m 1ms/step - loss: 0.0535 - mae: 0.1792
[1m372/381[0m [32mÔöüÔöüÔöüÔöüÔöüÔöüÔöüÔöüÔöüÔöüÔöüÔöüÔöüÔöüÔöüÔöüÔöüÔöüÔöü[0m[37mÔöü[0m [1m0s[0m 1ms/step - loss: 0.0535 - mae: 0.1791
[1m381/381[0m [32mÔöüÔöüÔöüÔöüÔöüÔöüÔöüÔöüÔöüÔöüÔöüÔöüÔöüÔöüÔöüÔöüÔöüÔöüÔöüÔöü[0m[37m[0m [1m1s[0m 1ms/step - loss: 0.0534 - mae: 0.1790 - val_loss: 0.0509 - val_mae: 0.1731
Epoch 57/60

[1m  1/381[0m [37mÔöüÔöüÔöüÔöüÔöüÔöüÔöüÔöüÔöüÔöüÔöüÔöüÔöüÔöüÔöüÔöüÔöüÔöüÔöüÔöü[0m [1m6s[0m 16ms/step - loss: 0.0422 - mae: 0.1615
[1m 47/381[0m [32mÔöüÔöü[0m[37mÔöüÔöüÔöüÔöüÔöüÔöüÔöüÔöüÔöüÔöüÔöüÔöüÔöüÔöüÔöüÔöüÔöüÔöü[0m [1m0s[0m 1ms/step - loss: 0.0544 - mae: 0.1800 
[1m 94/381[0m [32mÔöüÔöüÔöüÔöü[0m[37mÔöüÔöüÔöüÔöüÔöüÔöüÔöüÔöüÔöüÔöüÔöüÔöüÔöüÔöüÔöüÔöü[0m [1m0s[0m 1ms/step - loss: 0.0536 - mae: 0.1794
[1m140/381[0m [32mÔöüÔöüÔöüÔöüÔöüÔöüÔöü[0m[37mÔöüÔöüÔöüÔöüÔöüÔöüÔöüÔöüÔöüÔöüÔöüÔöüÔöü[0m [1m0s[0m 1ms/step - loss: 0.0534 - mae: 0.1792
[1m186/381[0m [32mÔöüÔöüÔöüÔöüÔöüÔöüÔöüÔöüÔöü[0m[37mÔöüÔöüÔöüÔöüÔöüÔöüÔöüÔöüÔöüÔöüÔöü[0m [1m0s[0m 1ms/step - loss: 0.0533 - mae: 0.1789
[1m233/381[0m [32mÔöüÔöüÔöüÔöüÔöüÔöüÔöüÔöüÔöüÔöüÔöüÔöü[0m[37mÔöüÔöüÔöüÔöüÔöüÔöüÔöüÔöü[0m [1m0s[0m 1ms/step - loss: 0.0532 - mae: 0.1787
[1m279/381[0m [32mÔöüÔöüÔöüÔöüÔöüÔöüÔöüÔöüÔöüÔöüÔöüÔöüÔöüÔöü[0m[37mÔöüÔöüÔöüÔöüÔöüÔöü[0m [1m0s[0m 1ms/step - loss: 0.0535 - mae: 0.1790
[1m326/381[0m [32mÔöüÔöüÔöüÔöüÔöüÔöüÔöüÔöüÔöüÔöüÔöüÔöüÔöüÔöüÔöüÔöüÔöü[0m[37mÔöüÔöüÔöü[0m [1m0s[0m 1ms/step - loss: 0.0535 - mae: 0.1790
[1m372/381[0m [32mÔöüÔöüÔöüÔöüÔöüÔöüÔöüÔöüÔöüÔöüÔöüÔöüÔöüÔöüÔöüÔöüÔöüÔöüÔöü[0m[37mÔöü[0m [1m0s[0m 1ms/step - loss: 0.0533 - mae: 0.1786
[1m381/381[0m [32mÔöüÔöüÔöüÔöüÔöüÔöüÔöüÔöüÔöüÔöüÔöüÔöüÔöüÔöüÔöüÔöüÔöüÔöüÔöüÔöü[0m[37m[0m [1m1s[0m 1ms/step - loss: 0.0533 - mae: 0.1785 - val_loss: 0.0511 - val_mae: 0.1736
Epoch 58/60

[1m  1/381[0m [37mÔöüÔöüÔöüÔöüÔöüÔöüÔöüÔöüÔöüÔöüÔöüÔöüÔöüÔöüÔöüÔöüÔöüÔöüÔöüÔöü[0m [1m6s[0m 16ms/step - loss: 0.0419 - mae: 0.1635
[1m 47/381[0m [32mÔöüÔöü[0m[37mÔöüÔöüÔöüÔöüÔöüÔöüÔöüÔöüÔöüÔöüÔöüÔöüÔöüÔöüÔöüÔöüÔöüÔöü[0m [1m0s[0m 1ms/step - loss: 0.0558 - mae: 0.1812 
[1m 94/381[0m [32mÔöüÔöüÔöüÔöü[0m[37mÔöüÔöüÔöüÔöüÔöüÔöüÔöüÔöüÔöüÔöüÔöüÔöüÔöüÔöüÔöüÔöü[0m [1m0s[0m 1ms/step - loss: 0.0548 - mae: 0.1806
[1m140/381[0m [32mÔöüÔöüÔöüÔöüÔöüÔöüÔöü[0m[37mÔöüÔöüÔöüÔöüÔöüÔöüÔöüÔöüÔöüÔöüÔöüÔöüÔöü[0m [1m0s[0m 1ms/step - loss: 0.0544 - mae: 0.1802
[1m187/381[0m [32mÔöüÔöüÔöüÔöüÔöüÔöüÔöüÔöüÔöü[0m[37mÔöüÔöüÔöüÔöüÔöüÔöüÔöüÔöüÔöüÔöüÔöü[0m [1m0s[0m 1ms/step - loss: 0.0541 - mae: 0.1798
[1m234/381[0m [32mÔöüÔöüÔöüÔöüÔöüÔöüÔöüÔöüÔöüÔöüÔöüÔöü[0m[37mÔöüÔöüÔöüÔöüÔöüÔöüÔöüÔöü[0m [1m0s[0m 1ms/step - loss: 0.0537 - mae: 0.1790
[1m281/381[0m [32mÔöüÔöüÔöüÔöüÔöüÔöüÔöüÔöüÔöüÔöüÔöüÔöüÔöüÔöü[0m[37mÔöüÔöüÔöüÔöüÔöüÔöü[0m [1m0s[0m 1ms/step - loss: 0.0538 - mae: 0.1794
[1m327/381[0m [32mÔöüÔöüÔöüÔöüÔöüÔöüÔöüÔöüÔöüÔöüÔöüÔöüÔöüÔöüÔöüÔöüÔöü[0m[37mÔöüÔöüÔöü[0m [1m0s[0m 1ms/step - loss: 0.0539 - mae: 0.1796
[1m374/381[0m [32mÔöüÔöüÔöüÔöüÔöüÔöüÔöüÔöüÔöüÔöüÔöüÔöüÔöüÔöüÔöüÔöüÔöüÔöüÔöü[0m[37mÔöü[0m [1m0s[0m 1ms/step - loss: 0.0537 - mae: 0.1792
[1m381/381[0m [32mÔöüÔöüÔöüÔöüÔöüÔöüÔöüÔöüÔöüÔöüÔöüÔöüÔöüÔöüÔöüÔöüÔöüÔöüÔöüÔöü[0m[37m[0m [1m1s[0m 1ms/step - loss: 0.0537 - mae: 0.1791 - val_loss: 0.0509 - val_mae: 0.1729
Epoch 59/60

[1m  1/381[0m [37mÔöüÔöüÔöüÔöüÔöüÔöüÔöüÔöüÔöüÔöüÔöüÔöüÔöüÔöüÔöüÔöüÔöüÔöüÔöüÔöü[0m [1m6s[0m 16ms/step - loss: 0.0517 - mae: 0.1709
[1m 48/381[0m [32mÔöüÔöü[0m[37mÔöüÔöüÔöüÔöüÔöüÔöüÔöüÔöüÔöüÔöüÔöüÔöüÔöüÔöüÔöüÔöüÔöüÔöü[0m [1m0s[0m 1ms/step - loss: 0.0553 - mae: 0.1813 
[1m 94/381[0m [32mÔöüÔöüÔöüÔöü[0m[37mÔöüÔöüÔöüÔöüÔöüÔöüÔöüÔöüÔöüÔöüÔöüÔöüÔöüÔöüÔöüÔöü[0m [1m0s[0m 1ms/step - loss: 0.0546 - mae: 0.1805
[1m140/381[0m [32mÔöüÔöüÔöüÔöüÔöüÔöüÔöü[0m[37mÔöüÔöüÔöüÔöüÔöüÔöüÔöüÔöüÔöüÔöüÔöüÔöüÔöü[0m [1m0s[0m 1ms/step - loss: 0.0539 - mae: 0.1798
[1m187/381[0m [32mÔöüÔöüÔöüÔöüÔöüÔöüÔöüÔöüÔöü[0m[37mÔöüÔöüÔöüÔöüÔöüÔöüÔöüÔöüÔöüÔöüÔöü[0m [1m0s[0m 1ms/step - loss: 0.0537 - mae: 0.1795
[1m233/381[0m [32mÔöüÔöüÔöüÔöüÔöüÔöüÔöüÔöüÔöüÔöüÔöüÔöü[0m[37mÔöüÔöüÔöüÔöüÔöüÔöüÔöüÔöü[0m [1m0s[0m 1ms/step - loss: 0.0534 - mae: 0.1790
[1m279/381[0m [32mÔöüÔöüÔöüÔöüÔöüÔöüÔöüÔöüÔöüÔöüÔöüÔöüÔöüÔöü[0m[37mÔöüÔöüÔöüÔöüÔöüÔöü[0m [1m0s[0m 1ms/step - loss: 0.0534 - mae: 0.1790
[1m326/381[0m [32mÔöüÔöüÔöüÔöüÔöüÔöüÔöüÔöüÔöüÔöüÔöüÔöüÔöüÔöüÔöüÔöüÔöü[0m[37mÔöüÔöüÔöü[0m [1m0s[0m 1ms/step - loss: 0.0534 - mae: 0.1788
[1m371/381[0m [32mÔöüÔöüÔöüÔöüÔöüÔöüÔöüÔöüÔöüÔöüÔöüÔöüÔöüÔöüÔöüÔöüÔöüÔöüÔöü[0m[37mÔöü[0m [1m0s[0m 1ms/step - loss: 0.0533 - mae: 0.1787
[1m381/381[0m [32mÔöüÔöüÔöüÔöüÔöüÔöüÔöüÔöüÔöüÔöüÔöüÔöüÔöüÔöüÔöüÔöüÔöüÔöüÔöüÔöü[0m[37m[0m [1m1s[0m 1ms/step - loss: 0.0531 - mae: 0.1784 - val_loss: 0.0509 - val_mae: 0.1731
Epoch 60/60

[1m  1/381[0m [37mÔöüÔöüÔöüÔöüÔöüÔöüÔöüÔöüÔöüÔöüÔöüÔöüÔöüÔöüÔöüÔöüÔöüÔöüÔöüÔöü[0m [1m6s[0m 17ms/step - loss: 0.0415 - mae: 0.1565
[1m 47/381[0m [32mÔöüÔöü[0m[37mÔöüÔöüÔöüÔöüÔöüÔöüÔöüÔöüÔöüÔöüÔöüÔöüÔöüÔöüÔöüÔöüÔöüÔöü[0m [1m0s[0m 1ms/step - loss: 0.0543 - mae: 0.1798 
[1m 93/381[0m [32mÔöüÔöüÔöüÔöü[0m[37mÔöüÔöüÔöüÔöüÔöüÔöüÔöüÔöüÔöüÔöüÔöüÔöüÔöüÔöüÔöüÔöü[0m [1m0s[0m 1ms/step - loss: 0.0538 - mae: 0.1796
[1m139/381[0m [32mÔöüÔöüÔöüÔöüÔöüÔöüÔöü[0m[37mÔöüÔöüÔöüÔöüÔöüÔöüÔöüÔöüÔöüÔöüÔöüÔöüÔöü[0m [1m0s[0m 1ms/step - loss: 0.0538 - mae: 0.1801
[1m186/381[0m [32mÔöüÔöüÔöüÔöüÔöüÔöüÔöüÔöüÔöü[0m[37mÔöüÔöüÔöüÔöüÔöüÔöüÔöüÔöüÔöüÔöüÔöü[0m [1m0s[0m 1ms/step - loss: 0.0534 - mae: 0.1794
[1m232/381[0m [32mÔöüÔöüÔöüÔöüÔöüÔöüÔöüÔöüÔöüÔöüÔöüÔöü[0m[37mÔöüÔöüÔöüÔöüÔöüÔöüÔöüÔöü[0m [1m0s[0m 1ms/step - loss: 0.0533 - mae: 0.1791
[1m279/381[0m [32mÔöüÔöüÔöüÔöüÔöüÔöüÔöüÔöüÔöüÔöüÔöüÔöüÔöüÔöü[0m[37mÔöüÔöüÔöüÔöüÔöüÔöü[0m [1m0s[0m 1ms/step - loss: 0.0534 - mae: 0.1792
[1m325/381[0m [32mÔöüÔöüÔöüÔöüÔöüÔöüÔöüÔöüÔöüÔöüÔöüÔöüÔöüÔöüÔöüÔöüÔöü[0m[37mÔöüÔöüÔöü[0m [1m0s[0m 1ms/step - loss: 0.0536 - mae: 0.1796
[1m371/381[0m [32mÔöüÔöüÔöüÔöüÔöüÔöüÔöüÔöüÔöüÔöüÔöüÔöüÔöüÔöüÔöüÔöüÔöüÔöüÔöü[0m[37mÔöü[0m [1m0s[0m 1ms/step - loss: 0.0534 - mae: 0.1794
[1m381/381[0m [32mÔöüÔöüÔöüÔöüÔöüÔöüÔöüÔöüÔöüÔöüÔöüÔöüÔöüÔöüÔöüÔöüÔöüÔöüÔöüÔöü[0m[37m[0m [1m1s[0m 1ms/step - loss: 0.0533 - mae: 0.1792 - val_loss: 0.0509 - val_mae: 0.1733
Traceback (most recent call last):
  File "c:\GitHub_public\Abschlussprojekt\src\run_overnight.py", line 41, in run_step
    func(*args, **kwargs)
  File "c:\GitHub_public\Abschlussprojekt\src\run_overnight.py", line 158, in run_all_models
    run_all()
  File "C:\GitHub_public\Abschlussprojekt\src\run_all_experiments.py", line 44, in run_all
    run_ts_semester()
  File "C:\GitHub_public\Abschlussprojekt\src\timeseries_semester.py", line 181, in main
    X, y, max_sem, n_features = create_semester_timeseries_dataset(output_dir)
                                ^^^^^^^^^^^^^^^^^^^^^^^^^^^^^^^^^^^^^^^^^^^^^^
  File "C:\GitHub_public\Abschlussprojekt\src\timeseries_semester.py", line 47, in create_semester_timeseries_dataset
    studierende_df = pd.read_csv(output_dir / 'studierende.csv')
                     ^^^^^^^^^^^^^^^^^^^^^^^^^^^^^^^^^^^^^^^^^^^
  File "C:\Users\wilfr\OneDrive\Dokumente\Data Science\.venv\Lib\site-packages\pandas\io\parsers\readers.py", line 1026, in read_csv
    return _read(filepath_or_buffer, kwds)
           ^^^^^^^^^^^^^^^^^^^^^^^^^^^^^^^
  File "C:\Users\wilfr\OneDrive\Dokumente\Data Science\.venv\Lib\site-packages\pandas\io\parsers\readers.py", line 620, in _read
    parser = TextFileReader(filepath_or_buffer, **kwds)
             ^^^^^^^^^^^^^^^^^^^^^^^^^^^^^^^^^^^^^^^^^^
  File "C:\Users\wilfr\OneDrive\Dokumente\Data Science\.venv\Lib\site-packages\pandas\io\parsers\readers.py", line 1620, in __init__
    self._engine = self._make_engine(f, self.engine)
                   ^^^^^^^^^^^^^^^^^^^^^^^^^^^^^^^^^
  File "C:\Users\wilfr\OneDrive\Dokumente\Data Science\.venv\Lib\site-packages\pandas\io\parsers\readers.py", line 1880, in _make_engine
    self.handles = get_handle(
                   ^^^^^^^^^^^
  File "C:\Users\wilfr\OneDrive\Dokumente\Data Science\.venv\Lib\site-packages\pandas\io\common.py", line 873, in get_handle
    handle = open(
             ^^^^^
FileNotFoundError: [Errno 2] No such file or directory: 'output_dl\\studierende.csv'
WARNING:tensorflow:From C:\Users\wilfr\OneDrive\Dokumente\Data Science\.venv\Lib\site-packages\keras\src\backend\tensorflow\core.py:233: The name tf.placeholder is deprecated. Please use tf.compat.v1.placeholder instead.

Keras MLP [Val]           | RMSE: 0.2254 | MAE: 0.1734 | R┬▓: 0.8829

######################################################################
  ABSCHLIESSENDE EVALUIERUNG AUF DEM HELD-OUT TEST-SET (15%)
######################################################################

Modell               | RMSE     | MAE      | R┬▓ Score
--------------------------------------------------
Linear (Ridge)            | RMSE: 0.2370 | MAE: 0.1846 | R┬▓: 0.8695
[INFO] Parity-Plot f├╝r linear_ridge_regression in output_dl\plots gespeichert.
[INFO] Metriken f├╝r linear_ridge_regression in output_dl\metrics gespeichert.
SVR                       | RMSE: 0.2273 | MAE: 0.1730 | R┬▓: 0.8800
[INFO] Parity-Plot f├╝r svr_regression in output_dl\plots gespeichert.
[INFO] Metriken f├╝r svr_regression in output_dl\metrics gespeichert.
Random Forest             | RMSE: 0.2380 | MAE: 0.1810 | R┬▓: 0.8684
[INFO] Parity-Plot f├╝r random_forest_regression in output_dl\plots gespeichert.
[INFO] Metriken f├╝r random_forest_regression in output_dl\metrics gespeichert.
Keras MLP                 | RMSE: 0.2259 | MAE: 0.1728 | R┬▓: 0.8815
[INFO] Parity-Plot f├╝r keras_mlp_regression in output_dl\plots gespeichert.
[INFO] Modell mlp_baseline_regression unter output_dl\models\mlp_baseline_regression.keras gespeichert.
[INFO] Lernkurve f├╝r mlp_baseline_regression in output_dl\plots gespeichert.
[INFO] Metriken f├╝r keras_mlp_regression in output_dl\metrics gespeichert.

[INFO] Regressions-Diagramm gespeichert unter: C:\GitHub_public\Abschlussprojekt\src\output_dl\regression_results.png

>>> [3/20] Trainiere Semester-LSTM Regressor ...
======================================================================
ZEITREIHEN-ANALYSE (VARIANTE 1: SEMESTER-SCHRITTWEITE & LSTM)
======================================================================
Lade Datens├ñtze f├╝r semesterweise Zeitreihen-Transformation ...
  [FEHLER] bei 4. Alle Modell-Trainings (20+ Modelle) nach 4.8 Min.: [Errno 2] No such file or directory: 'output_dl\\studierende.csv'

======================================================================
  SCHRITT: 5. Deep Causal Transformer-DML Benchmark
======================================================================
================================================================================
DEEP TRANSFORMER-DML BENCHMARK: ENLARGED ARCHITECTURE (2 BLOCKS, d_model=64)
================================================================================
Lade Daten f├╝r Recurrent Survival Model (blind=False) ...
Erstelle 3D Sequence Array (N_studis, T_max, N_features) ...
3D Tensor erfolgreich aufgebaut (blind=False): X=(50000, 16, 8), y=(50000, 16, 1)

[Stage 1] Pretraining Deep Causal Transformer Encoder (2 Blocks, d_model=64)...
Lade Datens├ñtze f├╝r Extended Cox Delta Modell ...
Erstelle semesterweise Support-Aktivit├ñt und Leistungs-Deltas ...
Baue Person-Semester L├ñngsschnitt-Panel mit Delta-Features auf ...
Delta-Panel erfolgreich erstellt: 355793 Person-Semester Zeilen von 50000 Studierenden.

[Stage 2] Double Machine Learning (Orthogonalisierung via Deep Transformer Embeddings)...

================================================================================
DEEP TRANSFORMER-DML ERGEBNISSE:
================================================================================
Empirische Event-Rate (Dropout per Semester): 0.0428
Gesch├ñtzter Kausaler Effekt (Beta):            -0.001797
Gesch├ñtztes Relatives Risiko (RR):            0.9581
================================================================================
  [OK] 5. Deep Causal Transformer-DML Benchmark abgeschlossen in 8.8 Min.

======================================================================
   NACHTLAUF ABGESCHLOSSEN
   Ende: 2026-08-12 06:18:31
   Gesamtdauer: 2.7 Stunden (161 Min.)
======================================================================
